Total Time,Test Accuracy,Test Precision,Test Recall,Test F1
1.694082498550415,0.7956521739130434,0.7590345708683165,0.6756336456930182,0.713160386943783
