Total Time,Test Accuracy,Test Precision,Test Recall,Test F1
1.3765347003936768,0.8673913043478261,0.7820992826660866,0.7440677548308933,0.7619600283771518
