Total Time,Test Accuracy,Test Precision,Test Recall,Test F1
1.7449729442596436,0.6560232220609579,0.7740409951065942,0.5490035116709382,0.6403976113229384
