Total Time,Test Accuracy,Test Precision,Test Recall
2.4138691425323486,0.7326086956521739,0.7029917252069943,0.6008702645761668
