Total Time,Test Accuracy,Test Precision,Test Recall,Test F1
25.74746036529541,0.7751699934196096,0.5424812029530469,0.5179280045351474,0.5136635173701183
