Total Time,Test Accuracy,Test Precision,Test Recall,Test F1
31.33254599571228,0.053739855231410394,0.34261001266077407,0.03571310349711935,0.039208353637517575
