Total Time,Test Accuracy,Test Precision,Test Recall,Test F1
26.810422658920288,0.7638736565036193,0.5308383295440345,0.5087008593107664,0.5060995437615129
