Total Time,Test Accuracy,Test Precision,Test Recall,Test F1
12.799777269363403,0.7524676464136872,0.5349561123606132,0.5006592705129392,0.49530039189142167
