Total Time,Test Accuracy,Test Precision,Test Recall,Test F1
41.242286682128906,0.760473788111428,0.5378676989148304,0.5069825254076187,0.5021674236380242
