Total Time,Test Accuracy,Test Precision,Test Recall,Test F1
17.714035034179688,0.7554288221101119,0.5370236049018013,0.5041282165064477,0.4985530455577867
