Total Time,Test Accuracy,Test Precision,Test Recall,Test F1
24.467278480529785,0.7014696205308182,0.5252368995043658,0.4686582333376075,0.4538290900926121
