Total Time,Test Accuracy,Test Precision,Test Recall,Test F1
0.6626942157745361,0.75,0.6139641988182135,0.6000865078638659,0.6049107888716204
