Total Time,Test Accuracy,Test Precision,Test Recall,Test F1
0.697242259979248,0.7402031930333817,0.602196089861755,0.5639271051187356,0.5813374443747705
