Total Time,Test Accuracy,Test Precision,Test Recall,Test F1
0.6091506481170654,0.7521739130434782,0.5982239123889401,0.6009166294254928,0.5987220157384432
