Total Time,Test Accuracy,Test Precision,Test Recall,Test F1
0.7793707847595215,0.705607476635514,0.5015176102896982,0.470404984423676,0.4789630175317489
