Train Time,Test Time,Total Time,Test Accuracy,Test Precision,Test Recall,Count List Rank,List Rank Length,Label
4.220627546310425,6.028940200805664,10.249567747116089,[76.27],82.705,69.205,"{(0.5,): 163, (0.5136055338319101,): 3, (0.506459992218992,): 3, (0.5043446512977942,): 3, (0.501858145136147,): 2, (0.5704030220304368,): 2, (0.5384868338551844,): 2, (0.52835307764046,): 2, (0.5202296488055693,): 2, (0.5201361154754053,): 2, (0.5163043290902758,): 2, (0.5118703273630186,): 2, (0.5054261793875708,): 2, (0.5892797097666204,): 2, (0.5008256458130278,): 2, (0.500233009076557,): 2, (0.5260204744261865,): 1, (0.5199637758669088,): 1, (0.5005764173484424,): 1, (0.5004021669057713,): 1, (0.5202961786316406,): 1, (0.5210480910763529,): 1, (0.5221944437290069,): 1, (0.5229998787820744,): 1, (0.52449105035749,): 1, (0.5016191952244349,): 1, (0.5005957085066947,): 1, (0.5269681454651931,): 1, (0.5003521618403113,): 1, (0.5346841249668273,): 1, (0.500245383993979,): 1, (0.5578749079909534,): 1, (0.5593374234574232,): 1, (0.5687192939941916,): 1, (0.5189326091975732,): 1, (0.5144900279453071,): 1, (0.5024255435361057,): 1, (0.5006847436055916,): 1, (0.5024826164092068,): 1, (0.5026896068713652,): 1, (0.5027999057375501,): 1, (0.5028216067856286,): 1, (0.5031836427643537,): 1, (0.5032776079881226,): 1, (0.5012750853128887,): 1, (0.504752297564817,): 1, (0.5063049105661664,): 1, (0.5007102689048277,): 1, (0.509173475598949,): 1, (0.5000268371323731,): 1, (0.5093635476396627,): 1, (0.5107185197408234,): 1, (0.5117151608399472,): 1, (0.500693824549338,): 1, (0.5130405751384951,): 1, (0.5093007136258061,): 1}",236,"[1. 1. 1. 1. 1. 1. 2. 1. 1. 1. 1. 1. 1. 1. 1. 1. 1. 1. 1. 1. 1. 1. 1. 1.
 1. 1. 1. 1. 1. 1. 1. 1. 2. 1. 1. 1. 1. 1. 1. 2. 1. 1. 1. 1. 2. 1. 1. 2.
 1. 1. 1. 1. 1. 2. 1. 1. 1. 1. 1. 2. 1. 1. 1. 1. 1. 2. 1. 2. 1. 1. 2. 2.
 1. 1. 2. 1. 2. 1. 1. 2. 1. 1. 1. 1. 1. 2. 1. 1. 2. 1. 2. 2. 2. 1. 1. 1.
 1. 1. 1. 1. 2. 1. 1. 1. 1. 2. 2. 1. 1. 2. 1. 1. 1. 1. 1. 1. 1. 1. 1. 1.
 1. 2. 2. 1. 1. 2. 1. 1. 1. 2. 1. 2. 1. 1. 1. 1. 1. 1. 1. 1. 1. 1. 1. 1.
 1. 1. 1. 1. 1. 2. 1. 1. 1. 1. 1. 1. 1. 1. 1. 1. 1. 1. 1. 1. 1. 1. 1. 1.
 1. 2. 1. 2. 1. 1. 1. 2. 1. 1. 1. 1. 1. 1. 2. 1. 1. 1. 1. 1. 2. 1. 1. 1.
 1. 1. 1. 1. 1. 1. 2. 1. 1. 1. 1. 1. 1. 1. 1. 1. 1. 1. 1. 1. 1. 2. 1. 1.
 2. 1. 1. 1. 1. 1. 1. 1. 2. 1. 1. 1. 2. 1. 1. 1. 1. 1. 1. 1.]"
