Train Time,Test Time,Total Time,Test Accuracy,Test Precision,Test Recall,Count List Rank,List Rank Length,Label
6.321468353271484,10.4838125705719,16.805280923843384,[73.19],74.555,63.455,"{(0.5,): 170, (0.5056043103385525,): 3, (0.507118532338108,): 2, (0.5003308738947487,): 2, (0.5008834974723504,): 2, (0.5048125448873427,): 2, (0.5251776312472177,): 2, (0.512532446941231,): 2, (0.514213147233827,): 2, (0.5029478236350757,): 2, (0.5146676345767489,): 1, (0.5071709720377148,): 1, (0.5073428639370583,): 1, (0.5074014324052172,): 1, (0.5097588162062081,): 1, (0.5098973491737747,): 1, (0.5113452541527773,): 1, (0.5135511060971001,): 1, (0.5000965400471168,): 1, (0.5150206936024281,): 1, (0.506872187142723,): 1, (0.5190160243382629,): 1, (0.5232653783288329,): 1, (0.5237100359829393,): 1, (0.5270016774249414,): 1, (0.5283880390803523,): 1, (0.5361191385133509,): 1, (0.5496579859811036,): 1, (0.5576754138636084,): 1, (0.5880756803404106,): 1, (0.5170980017278759,): 1, (0.5061629613894444,): 1, (0.5066439974009002,): 1, (0.5002131938534762,): 1, (0.500225697488032,): 1, (0.5002757941758982,): 1, (0.5004501311339009,): 1, (0.5005321939749057,): 1, (0.5012120142806998,): 1, (0.5012808823999277,): 1, (0.5016303744422219,): 1, (0.5017360418510245,): 1, (0.5021093418987901,): 1, (0.5023029600891704,): 1, (0.5025219701706672,): 1, (0.5026714223697281,): 1, (0.5028047181623064,): 1, (0.5030354314807989,): 1, (0.5030411745889048,): 1, (0.5030784813252176,): 1, (0.503135889365806,): 1, (0.5043458453784074,): 1, (0.5050600054460619,): 1, (0.505437299563238,): 1, (0.5000204146179447,): 1, (0.610364373390893,): 1}",235,"[1. 2. 1. 1. 1. 1. 1. 1. 1. 1. 2. 1. 2. 1. 1. 1. 1. 1. 2. 1. 1. 1. 1. 1.
 1. 2. 1. 1. 1. 1. 1. 1. 2. 1. 1. 1. 1. 2. 1. 1. 1. 1. 1. 1. 1. 2. 1. 1.
 1. 1. 2. 1. 1. 1. 1. 1. 1. 1. 1. 1. 1. 1. 1. 1. 1. 2. 1. 1. 1. 1. 1. 2.
 1. 1. 1. 1. 1. 1. 1. 1. 2. 1. 1. 1. 1. 1. 1. 2. 1. 1. 1. 1. 1. 1. 1. 2.
 1. 1. 1. 1. 1. 1. 1. 1. 2. 1. 1. 1. 1. 1. 1. 1. 2. 1. 1. 1. 1. 1. 1. 2.
 1. 1. 1. 1. 1. 1. 1. 1. 1. 1. 1. 1. 1. 2. 1. 1. 1. 1. 2. 1. 2. 1. 1. 1.
 1. 1. 1. 2. 1. 2. 1. 1. 1. 1. 1. 1. 1. 1. 1. 1. 1. 2. 1. 1. 1. 1. 2. 2.
 1. 1. 1. 2. 1. 1. 1. 2. 1. 1. 1. 1. 1. 1. 2. 1. 1. 1. 1. 1. 1. 1. 1. 2.
 2. 1. 1. 1. 1. 2. 1. 1. 1. 1. 1. 1. 1. 1. 1. 1. 1. 1. 1. 1. 2. 2. 1. 1.
 1. 1. 1. 2. 1. 1. 1. 1. 1. 1. 1. 1. 1. 1. 1. 1. 1. 1. 1.]"
