Train Time,Test Time,Total Time,Test Accuracy,Test Precision,Test Recall,Count List Rank,List Rank Length,Label
4.703451156616211,7.554183006286621,12.257634162902832,[80.69],84.505,72.75,"{(0.5,): 169, (0.5023306274331772,): 2, (0.5107885713363435,): 2, (0.51559530577356,): 2, (0.5173908288825964,): 2, (0.5219823297817158,): 2, (0.5240749649844472,): 2, (0.5277859234104347,): 2, (0.5036850392431882,): 2, (0.5291390701007177,): 2, (0.5118274169003026,): 2, (0.5008093962950647,): 2, (0.5240771041587371,): 1, (0.5137440733657045,): 1, (0.514306807707257,): 1, (0.592317205466585,): 1, (0.5806687507238789,): 1, (0.5653033151105725,): 1, (0.5378110451570702,): 1, (0.5327636180847033,): 1, (0.532218305538597,): 1, (0.5243921308066404,): 1, (0.5372275977543723,): 1, (0.5366379887832285,): 1, (0.5289492329883533,): 1, (0.5127807467141863,): 1, (0.530869532622323,): 1, (0.5355996522981306,): 1, (0.5241782962130539,): 1, (0.5114996621061771,): 1, (0.5119489789726552,): 1, (0.5000005393300956,): 1, (0.5005218527857951,): 1, (0.500729092815098,): 1, (0.500987807865891,): 1, (0.501140536251734,): 1, (0.5011643612586633,): 1, (0.501589824172557,): 1, (0.5018908222198132,): 1, (0.501917581905962,): 1, (0.5019644405530717,): 1, (0.502431598926044,): 1, (0.502712349128442,): 1, (0.5035431039653483,): 1, (0.5038228741719695,): 1, (0.5044224482648296,): 1, (0.5047188428574908,): 1, (0.5061654621615805,): 1, (0.506537435429656,): 1, (0.5075972886535647,): 1, (0.5080524881648998,): 1, (0.5087670325108232,): 1, (0.5112208181409365,): 1, (0.5953929822600114,): 1}",233,"[1. 1. 1. 1. 1. 1. 2. 1. 1. 2. 1. 1. 1. 2. 1. 1. 1. 1. 1. 1. 1. 1. 1. 1.
 2. 1. 1. 1. 1. 1. 1. 2. 1. 2. 1. 2. 1. 1. 1. 1. 1. 1. 1. 1. 1. 1. 1. 1.
 1. 1. 1. 1. 1. 1. 1. 1. 2. 1. 2. 2. 1. 1. 1. 2. 1. 1. 1. 1. 1. 1. 1. 1.
 1. 1. 2. 1. 1. 1. 1. 1. 1. 1. 1. 1. 1. 2. 1. 1. 1. 1. 1. 1. 1. 1. 1. 1.
 1. 1. 1. 2. 1. 1. 1. 1. 1. 1. 1. 1. 1. 1. 1. 1. 2. 2. 1. 2. 1. 2. 1. 2.
 1. 1. 2. 1. 1. 1. 1. 1. 1. 1. 1. 1. 1. 1. 1. 1. 1. 1. 1. 2. 1. 2. 1. 1.
 2. 1. 1. 2. 1. 1. 1. 2. 1. 1. 1. 1. 1. 1. 1. 1. 2. 2. 1. 1. 1. 1. 2. 1.
 1. 1. 1. 2. 1. 1. 1. 1. 1. 2. 1. 1. 1. 2. 1. 1. 1. 1. 1. 1. 1. 1. 1. 1.
 1. 1. 1. 1. 1. 2. 1. 1. 2. 1. 1. 1. 1. 1. 2. 2. 1. 1. 1. 2. 1. 1. 1. 1.
 1. 2. 1. 1. 1. 1. 1. 1. 2. 2. 1. 2. 2. 1. 1. 1. 2.]"
