Train Time,Test Time,Total Time,Test Accuracy,Test Precision,Test Recall,Count List Rank,List Rank Length,Label
3.592603921890259,5.196432828903198,8.789036750793457,[82.33],84.895,71.575,"{(0.5,): 162, (0.5078811325270968,): 3, (0.5058636603569694,): 3, (0.5031247618140651,): 2, (0.5221018012683569,): 2, (0.5196387016553076,): 2, (0.5114602321079057,): 2, (0.5038369181668174,): 2, (0.505842416138313,): 2, (0.5002158689403374,): 2, (0.5004722417467731,): 1, (0.5083572362936409,): 1, (0.5107615086725219,): 1, (0.511263003567724,): 1, (0.5001861800110041,): 1, (0.5133951756863671,): 1, (0.5136534309848977,): 1, (0.5170705023593911,): 1, (0.5173479974335781,): 1, (0.5191750104931608,): 1, (0.5000967394058284,): 1, (0.5198777900545604,): 1, (0.5206213363134581,): 1, (0.521565793015368,): 1, (0.5000505441033997,): 1, (0.5267769387998688,): 1, (0.5284494176676947,): 1, (0.5333368906689222,): 1, (0.5371440972900919,): 1, (0.542265445395514,): 1, (0.5470027912426823,): 1, (0.5591183429051999,): 1, (0.5603885423395303,): 1, (0.5664907182318729,): 1, (0.5105821064954315,): 1, (0.508070620298614,): 1, (0.5005475230162358,): 1, (0.5068644236753049,): 1, (0.5007449115244499,): 1, (0.5008166512474975,): 1, (0.5008451349755565,): 1, (0.500967061787802,): 1, (0.5012066603124772,): 1, (0.501776146772495,): 1, (0.5019022657753847,): 1, (0.5023503413141404,): 1, (0.5026172741784943,): 1, (0.5026557469542122,): 1, (0.5030545583476826,): 1, (0.5004201773117958,): 1, (0.5036749073071367,): 1, (0.5003992837566617,): 1, (0.5043090841914514,): 1, (0.5043726368902613,): 1, (0.504794156120991,): 1, (0.5050353766667982,): 1, (0.5050410311307773,): 1, (0.5000405085206505,): 1, (0.5002839547838395,): 1, (0.5803521169162862,): 1}",232,"[1. 2. 2. 2. 1. 1. 1. 2. 1. 1. 1. 1. 1. 1. 1. 1. 1. 1. 1. 1. 1. 1. 2. 1.
 1. 1. 1. 2. 2. 1. 1. 1. 1. 1. 1. 1. 1. 1. 1. 1. 1. 1. 1. 1. 2. 1. 1. 1.
 1. 1. 1. 1. 1. 1. 1. 1. 1. 1. 2. 1. 1. 1. 2. 1. 1. 1. 2. 1. 2. 1. 1. 1.
 1. 1. 2. 1. 2. 1. 2. 1. 1. 1. 1. 2. 2. 1. 1. 1. 2. 1. 1. 1. 1. 1. 1. 2.
 1. 1. 1. 1. 1. 1. 1. 1. 1. 1. 1. 1. 1. 2. 1. 1. 1. 1. 1. 1. 1. 1. 1. 1.
 1. 1. 1. 1. 1. 2. 1. 2. 1. 1. 1. 1. 1. 1. 1. 2. 2. 1. 1. 1. 1. 1. 1. 1.
 1. 1. 1. 1. 1. 2. 1. 1. 1. 2. 1. 2. 1. 1. 1. 2. 1. 1. 1. 1. 1. 1. 1. 1.
 1. 1. 1. 1. 1. 2. 1. 2. 1. 1. 2. 1. 1. 1. 1. 1. 1. 1. 1. 1. 1. 1. 1. 1.
 1. 1. 1. 1. 1. 2. 1. 1. 1. 1. 1. 1. 1. 1. 1. 1. 1. 1. 1. 1. 1. 1. 1. 1.
 1. 1. 1. 1. 1. 1. 2. 1. 1. 1. 2. 1. 2. 1. 1. 1.]"
