Train Time,Test Time,Total Time,Test Accuracy,Test Precision,Test Recall,Count List Rank,List Rank Length,Label
3.0916945934295654,3.865098714828491,6.956793308258057,[77.02],82.365,70.84,"{(0.5,): 166, (0.5122903175958824,): 3, (0.5299066167771832,): 2, (0.5103297711801047,): 2, (0.5060625971579075,): 2, (0.5117105564843751,): 2, (0.5134279403198162,): 2, (0.5167387899381117,): 2, (0.5224239123815666,): 2, (0.527029101080124,): 2, (0.5031821826612736,): 2, (0.5010292784578686,): 2, (0.573867403130424,): 2, (0.5480311864985647,): 1, (0.5163464234714101,): 1, (0.5797028417212012,): 1, (0.5105169112224245,): 1, (0.5792432283690678,): 1, (0.511400104196684,): 1, (0.5653000729905141,): 1, (0.5610210043968399,): 1, (0.5484034593044043,): 1, (0.5171409728673957,): 1, (0.520286918011535,): 1, (0.5204954871357614,): 1, (0.5213635985302878,): 1, (0.5085053829880295,): 1, (0.5216592498376206,): 1, (0.5521437662661985,): 1, (0.509784595384099,): 1, (0.5076776538218462,): 1, (0.5079328659681185,): 1, (0.500095932198895,): 1, (0.5002596253465436,): 1, (0.5006769864027752,): 1, (0.5014329400676821,): 1, (0.5015286201912337,): 1, (0.5015934114476349,): 1, (0.5017042724268553,): 1, (0.5019741190298567,): 1, (0.5020144032931994,): 1, (0.5022524455694041,): 1, (0.5026077379588625,): 1, (0.5030566956408983,): 1, (0.5030919821865057,): 1, (0.5032049776285532,): 1, (0.5036064866113403,): 1, (0.5036881654565234,): 1, (0.5041008272655564,): 1, (0.50425576442074,): 1, (0.5050537074054945,): 1, (0.5052849502785293,): 1, (0.5055578882397221,): 1, (0.505643324136962,): 1, (0.5057027475652384,): 1, (0.5076734259010153,): 1, (0.6040227878111358,): 1}",235,"[1. 1. 2. 2. 1. 1. 1. 1. 2. 1. 1. 2. 1. 1. 2. 2. 1. 2. 1. 1. 1. 2. 2. 2.
 1. 2. 1. 1. 1. 1. 2. 1. 1. 1. 2. 1. 1. 2. 1. 1. 1. 1. 1. 1. 1. 1. 1. 1.
 1. 1. 1. 1. 1. 2. 1. 1. 1. 1. 1. 1. 1. 1. 1. 1. 1. 1. 1. 1. 1. 1. 1. 1.
 1. 1. 2. 1. 1. 1. 2. 1. 1. 1. 2. 1. 1. 1. 1. 1. 1. 1. 1. 1. 1. 1. 2. 1.
 1. 2. 1. 1. 1. 1. 1. 1. 1. 1. 1. 1. 2. 1. 1. 2. 2. 1. 2. 1. 1. 2. 2. 1.
 1. 1. 1. 1. 2. 1. 2. 1. 1. 1. 1. 1. 1. 1. 1. 1. 1. 1. 2. 1. 2. 1. 2. 2.
 2. 1. 1. 1. 1. 2. 1. 1. 1. 1. 1. 1. 1. 1. 1. 1. 2. 1. 2. 1. 1. 1. 1. 1.
 1. 1. 1. 1. 1. 2. 1. 1. 1. 1. 1. 1. 1. 1. 1. 1. 1. 2. 1. 1. 1. 1. 1. 1.
 2. 1. 1. 2. 1. 1. 1. 1. 1. 1. 1. 1. 1. 1. 1. 1. 1. 1. 1. 2. 1. 1. 1. 1.
 1. 2. 1. 1. 1. 1. 1. 1. 1. 1. 1. 1. 1. 1. 2. 1. 1. 1. 2.]"
