Total Time,Test Accuracy,Test Precision,Test Recall,Test F1
0.8761026859283447,0.3978260869565217,0.29950101498089116,0.2778216663009289,0.28021140007688444
