Total Time,Test Accuracy,Test Precision,Test Recall,Test F1
0.6342430114746094,0.45217391304347826,0.36636666904524046,0.3195446004768922,0.33874002276257914
