Total Time,Test Accuracy,Test Precision,Test Recall,Test F1
0.9275145530700684,0.4391304347826087,0.34989750299530276,0.34502535025196057,0.3424335293504825
