Total Time,Test Accuracy,Test Precision,Test Recall,Test F1
0.873464822769165,0.38316400580551524,0.2949020640877375,0.2815398181742339,0.28466502367347474
