Total Time,Test Accuracy,Test Precision,Test Recall,Test F1
2.842777729034424,0.4223512336719884,0.8506597819850832,0.34374305203809097,0.48658501273629556
