Total Time,Test Accuracy,Test Precision,Test Recall,Test F1
2.540374994277954,0.5979680696661829,0.8441395984442343,0.517307415485972,0.6413356924935363
