Total Time,Test Accuracy,Test Precision,Test Recall,Test F1
2.6700804233551025,0.6081277213352685,0.8460646880001718,0.5121073450066878,0.6339529236421111
