Total Time,Test Accuracy,Test Precision,Test Recall,Test F1
2.7054316997528076,0.5921625544267054,0.8349802347503497,0.4894504822633968,0.6136510890483159
