Total Time,Test Accuracy,Test Precision,Test Recall,Test F1
3.63630747795105,0.6052249637155298,0.8440427038740024,0.47838523593742827,0.5962922319785318
