Total Time,Test Accuracy,Test Precision,Test Recall,Test F1
2.415405511856079,0.6444121915820029,0.8468849238080007,0.565294007980915,0.674384464599506
