Total Time,Test Accuracy,Test Precision,Test Recall,Test F1
114.48903036117554,0.19075613217109263,0.18184022864321303,0.12562729830359973,0.14859105739851927
