Total Time,Test Accuracy,Test Precision,Test Recall,Test F1
332.4966011047363,0.08214520728229875,0.26544869594191245,0.054468760733759926,0.08512281494876432
