Total Time,Test Accuracy,Test Precision,Test Recall,Test F1
1.9654130935668945,0.7304347826086957,0.8505531505531506,0.6349087971243659,0.725362764258899
