Total Time,Test Accuracy,Test Precision,Test Recall,Test F1
2.8534021377563477,0.6502177068214804,0.8514993655246109,0.5526758180901592,0.6678393478010335
