Total Time,Test Accuracy,Test Precision,Test Recall,Test F1
2.3798909187316895,0.7021739130434783,0.8483328815397126,0.6202912559489914,0.7152402621145116
