Total Time,Test Accuracy,Test Precision,Test Recall,Test F1
386.1933174133301,0.09124808071945602,0.2701530211784645,0.059882254102911175,0.09507464451200816
