Total Time,Test Accuracy,Test Precision,Test Recall,Test F1
2.0130462646484375,0.7274143302180686,0.6596572509442659,0.4852369852369853,0.5591288972014855
