Total Time,Test Accuracy,Test Precision,Test Recall,Test F1
195.63841199874878,0.825071287563062,0.5998561053233077,0.5500083677244,0.5730444034873466
