Total Time,Test Accuracy,Test Precision,Test Recall,Test F1
0.9125738143920898,0.19516129032258064,0.29930555555555555,0.1280118548132416,0.147734511370875
