Total Time,Test Accuracy,Test Precision,Test Recall,Test F1
512.6994466781616,0.13303355999122615,0.2654713389201393,0.08904775085637255,0.1328356720280336
