,Contrast Feature,Dissimilarity Feature,Homogeneity Feature,Energy Feature,Correlation Feature,ASM Feature,Mean Feature,Variance Feature,Standard Deviation Feature,RMS Feature,dr_class
2332,567.0924667,7.814587889,0.819079342,0.810764797,0.817750186,0.657352748,26.20638149,155.2820978,12.46122377,10.79635494,0
7640,38.87979578,1.466652357,0.851134744,0.68239825,0.946104461,0.465677376,19.55714645,31.32614721,5.596976613,10.45087379,1
2756,468.034677,6.104395659,0.785194107,0.748423554,0.906248481,0.560145332,27.16732741,301.7181763,17.37003674,10.27195805,0
5986,920.7652417,11.92227886,0.589319984,0.538358883,0.871609213,0.289875781,65.62584797,360.839398,18.99577316,10.76563291,0
9185,2624.30045,25.32703372,0.562529109,0.549463151,0.783833183,0.301985116,73.90834869,780.687589,27.94078719,10.64532067,1
9205,2433.99893,25.10765082,0.558634537,0.546596231,0.804103775,0.298815671,54.40070983,885.2690476,29.75347119,10.38701412,0
1848,1669.09402,20.42777446,0.544767174,0.528665201,0.865919894,0.279518733,55.83980713,954.1956973,30.89005823,10.65272635,0
3504,5650.813868,47.18816132,0.35936797,0.348230971,0.645927943,0.12141925,77.7849162,2036.271046,45.12506006,10.36940143,1
4559,665.2160831,8.700817625,0.574549339,0.476975274,0.921218033,0.227523252,65.70574139,360.4347299,18.98511864,10.75177655,0
6699,1191.974106,13.20209805,0.54066583,0.46721361,0.875596432,0.218358454,75.21972829,508.0133458,22.5391514,10.76381972,0
4133,1172.614453,11.53355275,0.622306707,0.569144305,0.910416991,0.323952601,92.16539813,540.3866197,23.24621732,10.4274385,0
4592,1337.72352,13.5373822,0.599802996,0.54394899,0.874724528,0.295913387,84.64990027,451.946288,21.25902839,10.80086382,1
9759,3094.681983,29.26618782,0.505169728,0.489939296,0.785581917,0.240156199,66.84732614,1145.153831,33.84012162,10.63748423,1
4165,3275.758025,27.6933287,0.571493759,0.558466979,0.756892761,0.311989709,90.58146033,1123.695517,33.52156793,10.30112763,0
1706,345.2279973,6.296314613,0.558498666,0.399956016,0.918355969,0.159989752,42.86684719,253.0231227,15.90670056,10.66666973,0
8305,1382.309327,14.92033285,0.660235133,0.637574648,0.844626323,0.406539691,62.09890682,549.4791741,23.44097212,10.68991403,0
9053,1303.210287,13.51159901,0.480730398,0.38965677,0.891414498,0.151877778,87.95040349,906.5094092,30.10829469,10.54414004,0
8703,4533.963531,35.95530741,0.450090969,0.43023888,0.714831024,0.185260958,88.36535378,1654.126739,40.67095695,10.17990358,0
4264,2074.019908,19.94675444,0.592010933,0.562983789,0.807737208,0.316998162,67.88802945,751.0038838,27.40445007,10.55044648,0
2442,1675.739458,18.23890445,0.558618265,0.507786594,0.879170357,0.257882932,60.71630911,1073.542541,32.76495905,10.61242553,1
9720,1698.162407,17.0667902,0.681612313,0.668008501,0.830238632,0.446264917,55.1445159,622.6248815,24.95245241,10.69913834,0
6125,1995.727618,19.33900176,0.460537635,0.395721948,0.843471458,0.156722288,82.05693307,767.6590009,27.70665987,10.74055413,0
3303,1216.187122,12.42795261,0.565966777,0.513462302,0.909839226,0.263668759,102.5325265,572.9966584,23.93734861,9.976517614,1
4682,618.0079697,7.826709206,0.641945497,0.565232731,0.92512096,0.319512086,77.74311228,338.6931606,18.40361814,10.82095484,1
7187,2671.328763,28.74855603,0.362126699,0.339468961,0.825678654,0.115301842,96.31002163,1299.178711,36.04412173,10.00290972,1
7065,664.9007673,9.519815188,0.589291288,0.502154468,0.868637826,0.252173535,18.08071425,297.1482718,17.2379892,8.360439783,0
9753,3194.136359,28.42353479,0.398867402,0.369789874,0.806256628,0.136832004,94.9785998,1252.46839,35.39023015,10.11813556,0
5234,34.58599051,0.607977387,0.941041792,0.830579762,0.798520873,0.689866884,6.27169283,6.728274097,2.593891689,6.784681462,0
1976,1304.998513,20.01817344,0.423317622,0.394573109,0.863746616,0.155701858,15.09298267,413.4989975,20.33467476,6.765845184,1
1320,1116.524655,17.29923935,0.250268514,0.180291379,0.881455216,0.032521162,68.71449851,834.4520043,28.88688291,10.66839014,0
5456,2810.483259,27.28866661,0.530487663,0.515452612,0.769576851,0.265770682,72.41848331,987.6702841,31.42722202,10.62959048,0
2669,314.339588,5.189137806,0.664592028,0.550846764,0.945053646,0.303452647,54.29152306,228.8023229,15.1262131,10.8080451,0
4083,1536.552457,23.16177177,0.399238838,0.378048013,0.83994913,0.142937452,23.40460464,522.4707544,22.85761918,8.99720379,0
2008,3828.623673,31.86476213,0.418470074,0.388033755,0.754166384,0.150694773,100.1940771,1303.792482,36.10806671,9.786994121,0
7418,3554.778069,32.71497573,0.394963057,0.367892885,0.763303507,0.135443127,92.38371608,1220.575637,34.93673764,10.16038106,0
9047,4313.08176,37.92165706,0.353415814,0.333398542,0.721320309,0.11128296,98.89371125,1605.421197,40.06770765,10.06980571,0
6291,2605.487362,22.3814267,0.498296001,0.462278511,0.837018496,0.213762867,112.3938616,806.1378761,28.39256727,9.596656997,0
4485,697.907484,8.886229546,0.613270633,0.486688621,0.910348328,0.236884855,68.0130719,465.9734888,21.58641908,10.66051441,0
4275,50.08824222,1.558810131,0.834863622,0.536809273,0.924800047,0.288182915,20.99196003,26.48483202,5.146341615,10.8591921,1
2968,2202.029925,23.42329329,0.503300871,0.476874331,0.818674034,0.22745499,54.08403647,1108.517378,33.2944046,10.18995942,0
1164,44.35779983,0.61509157,0.927790602,0.716520234,0.692310365,0.513414041,5.149185914,3.289574481,1.813718413,5.459275599,1
1408,716.6817975,10.52201952,0.702885537,0.683396664,0.892758516,0.467045612,23.82802842,363.0402304,19.05361463,9.481954442,0
4588,1209.302158,12.81377999,0.790184102,0.78623343,0.807246072,0.6181816,23.79798666,478.9507914,21.8849444,9.710355704,0
3554,3306.66448,28.6410334,0.492597962,0.466032574,0.794510193,0.217270639,96.45729814,1061.87405,32.58640898,10.1862746,0
3728,45.4705628,1.007098179,0.912826159,0.802703253,0.910484707,0.64433568,19.74970731,22.84424864,4.779565737,10.92594062,1
745,1390.734935,18.09964752,0.565142175,0.548464352,0.873469203,0.300829201,35.37908669,844.5973749,29.06195752,9.522907875,0
4158,1130.529306,10.50675971,0.853101557,0.849818382,0.724428841,0.722202084,8.496899963,215.546527,14.68150289,6.204140807,0
1321,3688.918514,31.62100443,0.532585073,0.521804704,0.757864932,0.27237449,89.43601055,1313.020872,36.23562987,10.39711062,0
2095,25.77588438,0.634841355,0.938467627,0.805150651,0.85169686,0.648271474,6.0911299,7.454324088,2.73026081,6.672093615,0
3870,606.8480929,8.49451024,0.593768551,0.498138891,0.908603614,0.248168024,45.01347042,445.4156403,21.10487243,10.57678767,0
9300,2466.352534,23.75915229,0.491159623,0.459031913,0.827495364,0.210780389,84.7533735,1065.964022,32.64910446,10.42280506,0
7306,950.2798694,11.92977785,0.760183689,0.753805945,0.806220973,0.568238153,15.99745211,217.2643617,14.73989015,9.226085522,0
3742,53.96648667,1.725087277,0.771248529,0.607835701,0.957641364,0.369470859,15.59102305,79.28287938,8.904093406,9.580547923,1
3265,2391.251932,25.69396874,0.520507266,0.50632224,0.816695603,0.256461331,51.12609708,951.6164656,30.8482814,10.49676477,0
9591,583.1875904,7.280737923,0.862308997,0.859167437,0.785048555,0.738179176,15.81193485,204.6104654,14.30421146,9.287939719,0
2237,541.659738,6.905647806,0.758582902,0.715444763,0.896184005,0.511870585,45.62400844,290.3652861,17.04010816,10.6902677,0
2810,1028.020742,11.60278901,0.585171066,0.471206981,0.864509261,0.222077953,70.87744104,374.7060452,19.35732536,10.86043636,1
2913,3258.476656,30.43788272,0.450153687,0.428576848,0.778307162,0.183773359,82.76255165,1106.873629,33.26971038,10.48152398,0
9751,745.9992815,11.75765423,0.679108805,0.665183842,0.851766074,0.442478524,19.79707335,260.0132199,16.12492542,9.580731455,0
335,2894.705172,29.64344562,0.538864855,0.531176253,0.752114298,0.282165886,13.3910519,482.4006185,21.96362034,7.053359215,0
2840,4127.29593,36.58816476,0.442829221,0.430582874,0.748949476,0.185527483,92.51754475,1732.830042,41.62727522,10.28688614,0
3340,2306.463002,25.48035069,0.548097045,0.538122211,0.792034517,0.289598429,11.67540358,313.0781124,17.69401346,6.61634257,0
8544,3166.284333,33.37633437,0.418213594,0.404781992,0.75318078,0.163902995,29.12179559,883.8350483,29.7293634,8.839147428,0
9406,613.1011438,9.184324733,0.677131193,0.64114796,0.903386647,0.411087677,47.66581248,420.9491417,20.51704515,10.64326513,1
3140,2495.472962,26.20897755,0.548499391,0.536860355,0.78070221,0.288271334,54.73252015,880.7337693,29.67715905,10.55849479,0
7557,404.8484834,7.247303635,0.566939724,0.47593515,0.941883626,0.226533474,40.46105009,358.8147431,18.94240595,10.7704419,0
9034,393.4789158,7.256003731,0.398014938,0.25048702,0.959473059,0.062760215,61.35431671,693.1791084,26.32829483,10.91148132,0
5081,508.2189012,7.816487841,0.782357171,0.77032796,0.856714523,0.593417975,13.9967342,194.0612151,13.9305856,8.138923838,0
7259,3477.548611,32.54899769,0.451552459,0.437292614,0.784637598,0.191324956,89.20601664,1365.658095,36.95481153,10.35261776,0
945,232.2507884,5.010409649,0.576144761,0.435854839,0.954465309,0.189985401,39.85989434,401.2524373,20.03128646,10.2249732,0
8341,2821.080013,26.32956898,0.48770754,0.45914375,0.799891258,0.210877537,82.48076923,1066.208104,32.6528422,10.53611593,0
1760,1855.521349,19.6273394,0.588420617,0.567031091,0.863996984,0.321561913,65.35938866,803.9277256,28.35361927,10.52198441,0
1550,218.2893805,3.122470455,0.914384736,0.907890721,0.908051659,0.824269145,24.97612103,238.5511539,15.44510129,10.32597105,0
2754,210.9778379,4.215989653,0.737851767,0.629565592,0.933563106,0.396365196,31.84129982,185.962826,13.63681876,10.80283023,0
4835,111.289934,2.536399333,0.7378817,0.466161171,0.927123458,0.217320754,28.81160928,77.73065894,8.816499245,10.70981782,0
5056,2901.864964,33.9365201,0.379966204,0.366624203,0.769884301,0.134450563,32.59539124,977.4194429,31.26370808,9.717800473,0
4318,4189.324393,38.1097722,0.399482418,0.384192917,0.733526057,0.147685585,82.73506181,1445.959283,38.02577131,10.47665784,0
7621,541.6790299,8.560653866,0.564246835,0.494184231,0.941261552,0.24423438,65.34913772,670.4110637,25.89229738,10.71629415,0
451,2032.869105,17.53817037,0.773705699,0.769106215,0.700765883,0.591537434,10.75972895,366.9765626,19.15663234,6.729359914,0
3045,2690.286467,26.6299309,0.491516422,0.46912429,0.797795117,0.220131397,61.08983858,788.0082678,28.07148496,10.76743186,1
9297,2656.351883,22.41049285,0.562750733,0.532430265,0.811909093,0.28356348,101.9314662,860.9763305,29.34239817,9.84122577,1
4072,1363.59978,15.33107589,0.680590913,0.66832776,0.816396979,0.44668078,19.30935719,353.4299456,18.79973259,9.059773929,0
615,1782.191283,16.92506405,0.665322186,0.642605773,0.835307459,0.412981067,73.17912761,683.2802611,26.13963009,10.69912046,0
6081,536.3290191,8.739925002,0.620855444,0.558610929,0.916599229,0.312069551,32.82591425,379.7865414,19.48811282,10.16009111,0
7174,260.5279041,4.599873456,0.764083585,0.725752357,0.954806457,0.526720429,22.6799742,326.6805892,18.07430743,9.157269577,0
5956,2253.505276,23.34442255,0.471080736,0.442629404,0.813847446,0.196000999,88.27136265,812.1903209,28.49895298,10.49989676,0
1229,1599.692495,20.42642736,0.533135627,0.514860706,0.856454222,0.265139233,39.07302507,991.0701356,31.48126642,9.528206344,1
1242,927.9718489,10.80346838,0.696979983,0.658906784,0.87113163,0.434187722,56.69474907,426.8394241,20.66009255,10.77454331,0
3865,1481.589242,14.49652461,0.660517954,0.629886518,0.845560227,0.396787865,69.9809434,548.6822406,23.42396723,10.72394781,0
9873,4290.07183,36.09740521,0.447176187,0.433711585,0.748613154,0.188229739,95.5026073,1452.419769,38.1106254,10.22983473,0
212,3453.998049,31.63422047,0.414009167,0.391769185,0.779551567,0.153581496,101.1190476,1184.243015,34.41283213,9.97229991,1
6769,1005.760069,11.45325449,0.565785486,0.472016117,0.871305456,0.222840457,70.17286025,420.5975161,20.50847425,10.82042683,0
3803,1329.51716,15.43241332,0.645106196,0.621759905,0.869452091,0.386602914,48.78759172,525.4522233,22.92274467,10.75324033,0
6536,3552.464769,34.19936097,0.500052296,0.491637683,0.684949524,0.241749652,18.49265751,578.9923431,24.06225972,8.33308258,0
7564,2357.429901,21.44218688,0.548815778,0.526453783,0.838040451,0.277231852,110.1753861,700.1954904,26.46120727,9.635039492,0
2348,1784.650396,22.71750849,0.372071565,0.320902808,0.841481796,0.102995092,32.49454732,913.327918,30.22131562,8.640523139,0
5103,1499.994855,13.37293026,0.819915572,0.811611757,0.59467894,0.658723291,9.034440196,156.5612367,12.51244328,7.132595599,0
3022,731.6314661,9.896781458,0.56397908,0.491126035,0.924295674,0.241238713,57.46698408,648.8158315,25.47186353,10.78507967,0
9417,1976.161291,20.03814642,0.539984599,0.512354602,0.835983832,0.262570822,77.32040495,694.2424025,26.34848008,10.70545208,0
3704,1683.144626,18.40895776,0.528251451,0.493887326,0.876300834,0.243963389,70.51293962,813.2980836,28.5183815,10.86122267,0
125,2017.971636,22.3063631,0.409952276,0.368120157,0.844172029,0.135566411,63.95664687,1200.455043,34.64758351,10.34018754,0
983,2540.979936,27.25700651,0.518343254,0.50664548,0.785004359,0.256742538,49.2167153,914.7082324,30.24414377,10.37708029,1
6070,2442.206261,25.47804557,0.568510638,0.558957313,0.777161449,0.312467338,27.47492526,763.0574053,27.62349372,9.139778958,0
7289,456.8036862,4.61404551,0.926721935,0.92477798,0.770793045,0.855218533,8.354263089,104.12833,10.20432898,6.451169876,0
4515,2169.82383,28.21228776,0.378069705,0.360207102,0.801603002,0.129769929,21.29106572,625.4940839,25.00987972,8.172051064,0
9819,3192.275417,31.54999094,0.465166652,0.45064866,0.762317519,0.203138443,42.85731639,1080.206548,32.86649583,9.698595907,1
1598,2253.990836,20.86267386,0.563153784,0.53565306,0.828310525,0.28698858,86.58972369,731.2794944,27.04217991,10.65669323,0
3868,1725.321071,16.73692369,0.592115686,0.547540455,0.84655152,0.29986374,79.65743872,635.2892029,25.20494402,10.79636887,1
1872,795.7709862,10.52877254,0.641332729,0.597664198,0.896906289,0.357216645,33.71145703,387.0780528,19.6742993,10.25826711,0
4016,665.8757202,7.208418821,0.71649328,0.667094666,0.935691643,0.445026697,85.86686855,435.2337263,20.86225602,10.7497462,0
3133,1466.532514,16.64854199,0.614253556,0.58508707,0.834302447,0.342379715,65.65154912,461.7359593,21.48804224,10.71339906,1
1046,3488.566559,29.34531227,0.503377211,0.483368149,0.779123067,0.233743055,89.83267726,1262.98849,35.53854935,10.19393977,0
555,2215.844313,23.20173332,0.415494371,0.372214005,0.825853566,0.138611531,74.13175878,800.3538181,28.29052524,10.53445315,0
7020,3262.939338,30.64758346,0.43666326,0.414857055,0.776789692,0.172196494,81.3858356,998.1365552,31.59329921,10.56778579,0
4481,2926.09057,24.98962599,0.563193179,0.543053709,0.799213506,0.294992509,83.59175919,947.1973788,30.77657191,10.43802765,0
7394,3483.623891,31.22456996,0.474916667,0.456582241,0.752223836,0.208558775,77.23340513,1162.113625,34.08978769,10.60610326,0
7622,944.8879954,10.97641751,0.735746212,0.702006957,0.773239988,0.49283269,37.35175448,229.3720587,15.14503413,10.84735544,1
8866,2505.30709,21.35005489,0.377992979,0.293760343,0.830806489,0.086355805,107.2446682,1214.551398,34.8504146,9.727107966,0
3313,1548.951995,17.26411104,0.611753655,0.586018738,0.854669582,0.343465641,66.97078643,594.7528084,24.38755437,10.72914321,0
5202,760.7686633,10.81390492,0.566146734,0.49913987,0.905548665,0.249189039,51.24088278,496.7108334,22.28701042,10.73299652,0
4774,1253.98414,14.97748232,0.493226286,0.419622993,0.885153502,0.176119323,62.60572029,764.1343753,27.64298058,10.6161189,0
9284,74.92462031,1.565086646,0.91291908,0.899248598,0.936208384,0.808649147,17.723566,96.78970726,9.838176013,9.668587057,1
3701,3297.282588,28.54582495,0.500799673,0.480718705,0.776295182,0.23118247,88.31495362,1184.744944,34.42012411,10.43023474,0
2233,1762.908663,22.29702558,0.418716282,0.385693391,0.854807258,0.148833654,42.91709236,1105.221475,33.2448714,9.749510872,1
8767,3101.793724,28.28466598,0.551318967,0.538140685,0.77575588,0.289670677,84.51630643,928.7335129,30.47512942,10.65608955,0
3843,1216.321278,14.99285567,0.575963605,0.534588623,0.847127048,0.285827953,58.78999126,478.1728107,21.86716284,10.67888946,0
3893,291.1989476,4.765716649,0.717894237,0.614402048,0.936497194,0.3775063,55.41785559,139.8333404,11.82511482,10.53601573,1
7657,847.9859569,13.05554869,0.528832548,0.478661306,0.893319461,0.229153304,50.50857087,480.1986972,21.91343645,10.76747805,0
5397,1316.551504,14.12524845,0.682956782,0.662914428,0.876577916,0.439475931,64.15836693,595.5194334,24.40326686,10.86044963,0
6217,2332.602992,20.24458865,0.735258889,0.729035688,0.689176503,0.531515828,10.60790807,342.8323221,18.51573175,6.735856203,0
7099,4109.425476,38.56146275,0.44654191,0.437247588,0.698032202,0.191294163,38.31263578,1486.868762,38.55993727,9.605643014,1
5705,2221.301967,19.51634072,0.571752783,0.539455744,0.852098936,0.291088594,88.74538998,950.5371076,30.83078182,10.26606639,0
6934,1381.613421,17.57229016,0.571669045,0.546491446,0.832072968,0.298693694,32.36185767,504.5328733,22.46180922,9.937246661,0
7555,2226.521678,24.33354044,0.479189036,0.455187226,0.806452989,0.20727902,71.02934046,726.7832171,26.95891721,10.74847255,0
3572,2454.46454,22.84545172,0.481743954,0.439303294,0.816352403,0.193067002,90.25913655,878.3285871,29.6366089,10.406553,0
7593,1463.215058,12.78574402,0.638272731,0.596223532,0.897972134,0.355518976,115.6681693,576.155337,24.00323597,9.123624029,0
3882,1757.305207,19.3559716,0.581927102,0.555044613,0.82848142,0.308111323,61.64497067,676.8858154,26.01702933,10.72874974,0
6745,2169.754124,23.19738611,0.543303328,0.523867002,0.818918484,0.274477776,53.72390497,714.2858582,26.72612688,10.80463539,1
2932,1573.316454,18.30902622,0.591613808,0.572338225,0.855023849,0.327621074,50.4527738,782.5985578,27.97496305,10.57546842,0
7290,1883.664021,19.59429926,0.519785359,0.479799832,0.824517906,0.230278678,81.03411625,459.2916,21.43108957,10.76497109,0
7780,1976.520475,16.56901417,0.746331681,0.703177681,0.875656522,0.494487129,65.84655579,1166.251206,34.1504203,10.40832781,0
8443,469.9078684,7.594325491,0.725069049,0.682228287,0.897167915,0.465455925,29.40074547,261.968725,16.18544794,10.51045594,0
8612,1600.521181,16.07823931,0.648380192,0.624455719,0.85247941,0.389978085,73.71241979,546.1185354,23.36917918,10.69007167,0
8387,316.8940954,3.499816419,0.909556119,0.889754855,0.837647455,0.791671651,14.13885251,80.90498225,8.994719687,9.724377555,1
5351,1245.639703,11.33927347,0.609360309,0.53128306,0.898928982,0.282293591,100.9058687,499.7243301,22.35451476,10.11211089,0
3966,2845.031789,24.67892023,0.476278697,0.439570827,0.810127602,0.193311453,90.43452381,1074.44789,32.77877195,10.15979121,0
8614,1871.236837,18.56549522,0.579746904,0.550149356,0.857384554,0.302715596,73.31566869,773.2069701,27.8065994,10.74779351,0
3872,2603.721114,23.07281656,0.591400805,0.575895285,0.81397257,0.331704952,80.86218365,807.8858574,28.42333297,10.67354116,0
5206,96.47602914,2.63679825,0.815585754,0.766322015,0.934142314,0.587255972,16.89133438,89.36929258,9.453533338,9.890326517,1
6752,80.11238779,1.755841803,0.871609453,0.766280387,0.921277493,0.587192714,25.58412433,65.25331597,8.077952461,10.51876677,0
5969,199.5722598,4.05220348,0.718793191,0.590071391,0.949283095,0.348203479,42.06879941,161.1556339,12.69470889,10.85483892,1
7775,948.5817911,13.17900331,0.652023156,0.633595709,0.898929046,0.401458537,23.59569002,517.7734942,22.75463676,8.93925888,0
4442,2518.735746,22.68764586,0.623692616,0.610887212,0.819511196,0.373227572,72.71010187,764.7178961,27.65353316,10.69175698,0
7135,1083.957366,12.11353691,0.558350212,0.486455081,0.903065799,0.236674283,77.77812712,539.8742996,23.23519528,10.77634368,0
6807,2312.773177,22.02537445,0.584238982,0.563973432,0.791637517,0.318128814,74.98829931,850.1266069,29.15693068,10.64209295,0
3959,2512.880629,24.22870126,0.522872309,0.499179865,0.815734926,0.249256397,80.9452968,799.0613911,28.26767396,10.60129655,0
377,732.6506203,8.223641827,0.737521962,0.687562496,0.895217281,0.472757405,63.9839414,324.126591,18.00351607,10.66130401,0
1272,776.4380637,10.12343849,0.703759927,0.675521496,0.895538696,0.456346745,49.93884995,537.3507164,23.18082648,10.306607,0
2019,3024.556398,29.22365098,0.456042152,0.437029699,0.789541405,0.191100202,79.18497871,1332.802799,36.5075718,10.29601408,1
3863,1680.890084,16.78224698,0.540051879,0.478510972,0.834058931,0.229046593,76.7181866,628.7014621,25.07391996,10.72636691,0
3017,945.4362582,10.88337226,0.71933134,0.696039686,0.898949666,0.484482065,46.87954131,523.7226548,22.88498754,10.60895716,0
2733,2860.919412,28.16422751,0.505077359,0.48915925,0.774140159,0.239347289,53.38322314,838.0650311,28.94935286,10.63711942,0
1145,488.0564834,7.657145148,0.682872343,0.636781005,0.919017072,0.405509429,37.38520398,376.324704,19.39909029,10.41862869,0
9527,3002.482977,26.257525,0.48333854,0.451809707,0.811769137,0.204225554,97.75431099,893.630836,29.89365879,10.04894843,0
6175,406.780037,5.621516818,0.833636369,0.820206352,0.90815593,0.672745081,34.15930264,390.3537977,19.75737325,10.39990599,0
2595,2103.802502,19.41642626,0.448259555,0.380923145,0.844572951,0.145165011,103.1235079,841.938652,29.01617914,9.494485489,0
6726,562.1216998,8.04338672,0.694905668,0.640481667,0.8916017,0.410241074,49.51311549,254.9887173,15.96836614,10.71508857,0
1433,2017.861033,22.5080907,0.487955883,0.462256264,0.813344203,0.213750207,56.08849122,896.3847754,29.93968563,10.54861557,0
5801,92.11264854,2.215920494,0.807694142,0.666289329,0.950970565,0.44395153,34.45834558,70.4420645,8.392977094,10.95059095,0
1338,662.1821066,11.54091039,0.461803216,0.377938601,0.875264991,0.142875807,36.56427308,382.8674296,19.56699848,10.40292228,0
2604,609.2254287,8.326462652,0.721073602,0.685406511,0.920200851,0.469794419,36.91086648,618.7904217,24.87549842,9.748787075,0
194,24.55522632,0.896651347,0.888079669,0.815726589,0.962611416,0.665413108,8.969193377,35.93865296,5.994885567,8.079987111,0
1301,2179.990435,20.6020782,0.539936639,0.502280167,0.82918581,0.252333871,79.97675923,697.3915497,26.40817202,10.61782493,0
9442,1082.022408,14.83511534,0.551225811,0.512318817,0.8650439,0.262507707,54.28569464,410.9852745,20.27277175,10.88176,0
8344,1179.416519,15.1237517,0.552340989,0.507960094,0.839671398,0.258054684,34.15652539,430.0410101,20.73743017,10.2565201,0
415,1305.87425,16.21014236,0.669636919,0.661069135,0.845752456,0.437030179,16.28507599,432.2051261,20.78954367,7.610505562,1
4881,1098.242531,10.65707719,0.589807679,0.522266401,0.928779421,0.272788736,107.6710286,606.4523561,24.62625339,9.513216129,0
7919,1917.025439,24.6389332,0.367148663,0.327913806,0.798942947,0.107552838,27.94519393,736.1595876,27.13226101,8.517193206,1
1905,2088.774039,25.10415482,0.476302723,0.459403414,0.842183902,0.21106501,14.80631314,460.1282185,21.45059949,6.797775933,0
7300,946.8791793,11.35393191,0.664627628,0.618944972,0.862051072,0.38312147,56.596601,339.3952453,18.4226829,10.75135965,0
6629,2118.395142,23.3053999,0.534465071,0.516990587,0.82507781,0.267297675,31.19688307,606.2238708,24.62161389,9.980384672,0
6029,2592.515939,26.51710872,0.38631777,0.351310627,0.801016823,0.123529539,80.22342854,1286.901903,35.87341498,10.20597205,0
6412,1986.476741,23.9814564,0.534492868,0.524010571,0.821052217,0.2746018,15.48497993,392.6369277,19.8150682,7.541835697,0
4608,1595.771518,14.99248201,0.658970322,0.636064592,0.870472259,0.404611448,88.61735115,615.2631827,24.80449924,10.69950246,0
6888,110.3734981,2.113400388,0.884827992,0.850036339,0.939315686,0.722567495,31.8176749,141.3234793,11.88795522,10.98294049,0
6024,1907.075943,17.29637111,0.766616874,0.762257983,0.714506427,0.58105981,13.84692132,468.3546551,21.64150307,7.85160456,0
5947,2050.474534,18.86699288,0.498088749,0.458847516,0.875405843,0.210597481,102.7919147,827.3693688,28.76402908,9.683669384,0
8743,3733.912216,32.34364416,0.450675759,0.429429552,0.756287987,0.184513679,87.66143268,1222.918931,34.97025781,10.42058383,1
8447,16.34205986,0.683470493,0.877660215,0.741183357,0.9503544,0.549355045,5.946373612,10.89251428,3.30038093,6.502161269,1
200,827.4162458,8.794354088,0.848893077,0.840437428,0.894550391,0.706337899,44.00947588,593.1953429,24.35560188,10.68715569,0
8142,1372.275583,12.18003191,0.712392604,0.678738315,0.866695577,0.460723833,81.11261214,478.5857002,21.87660166,10.78305782,0
207,217.0417472,4.154210594,0.688324786,0.563096723,0.948744967,0.317091907,43.62506456,177.8369583,13.33555242,10.76671276,0
9805,598.679887,10.20877816,0.596588603,0.553340438,0.93183393,0.306199838,26.47515093,523.6881786,22.88423428,9.396276277,0
6066,5750.997003,45.77415646,0.39114198,0.379686809,0.65477232,0.144340474,87.45553788,2207.463778,46.98365437,10.26004791,0
2262,4209.102254,36.26726879,0.450279345,0.435055713,0.713356686,0.189393132,83.47034959,1533.283179,39.15715999,10.39900412,0
1670,2118.197315,18.9844658,0.688090258,0.677396982,0.810825409,0.458908386,77.08612741,762.500615,27.61341368,10.63076019,0
4508,46.17452706,1.861809203,0.769678133,0.648965776,0.972936609,0.421162609,17.22157434,89.31041411,9.450418726,9.717335157,0
836,2412.68109,23.72318275,0.476580178,0.435299739,0.814211094,0.189571606,80.58741988,988.5189746,31.4407216,10.72769468,0
9491,1680.980288,19.13818505,0.654744093,0.647330997,0.818932955,0.419076534,28.10194103,662.6653304,25.74228681,9.546162498,1
6445,2577.858151,24.19983422,0.490148829,0.455565568,0.79931399,0.207610953,88.3270086,821.0319131,28.65365445,10.59323474,1
3024,354.700779,5.179104252,0.699752881,0.590368772,0.93522618,0.348549713,70.4826144,125.0045772,11.18054458,10.55786091,0
9397,1053.83546,10.62005233,0.689288829,0.646996568,0.907653097,0.418620256,71.74377756,576.8841968,24.0184137,10.80494526,0
569,2467.777523,22.96981108,0.476612981,0.438611251,0.82740813,0.192447494,95.60944117,776.0552936,27.857769,10.065235,0
4568,4479.517909,35.91191899,0.449152013,0.433574369,0.739342968,0.18809078,98.28748539,1509.900991,38.85744448,9.993443305,1
659,5172.971961,43.27991178,0.416113231,0.405613385,0.653466429,0.164673958,85.74178894,2029.797303,45.05327183,10.34517074,1
3247,3477.374808,36.78254782,0.366108082,0.352389813,0.727317087,0.124268076,40.80216162,1137.282868,33.72362477,9.862424038,0
4398,1715.539968,18.78911839,0.588380957,0.568828758,0.863713074,0.323580917,55.50725189,408.7873909,20.21849131,11.02898092,0
2185,2886.192301,27.04730335,0.485905385,0.458599177,0.790712702,0.210375448,78.24088063,926.2655527,30.4346111,10.57317448,0
6063,2757.129818,25.49014498,0.476338017,0.449701681,0.826314962,0.202337357,80.57033426,1118.903131,33.45000943,10.39860179,0
4957,2071.629818,19.83892013,0.616369998,0.596056765,0.821898307,0.355322562,71.21909779,736.7453741,27.14305388,10.69334085,0
3249,1848.36274,19.39362074,0.623624137,0.608337125,0.839942045,0.370108179,60.99715843,658.6142776,25.6634814,10.70609704,0
2629,25.49796347,1.127463101,0.839329546,0.702940807,0.966958895,0.494131031,12.49547686,49.98812821,7.0702283,9.240496805,0
406,3928.091694,35.80127674,0.443509957,0.431059425,0.729977346,0.185928315,71.17176113,1269.720093,35.63313196,10.48250905,1
299,126.6688836,2.600258516,0.7666621,0.554337302,0.920990313,0.307311594,34.66591157,56.04760949,7.48649514,11.13058271,0
1183,149.5136895,2.299365294,0.871191344,0.826068865,0.94299512,0.682392977,36.67899311,122.912897,11.08660891,11.04893086,1
3293,1662.820956,19.00573878,0.634456242,0.624405437,0.85740274,0.389901395,44.77566028,690.0444203,26.26869659,10.6089935,0
5200,1600.856059,16.3600708,0.515449419,0.475504732,0.889319279,0.226152748,101.0865784,644.5479349,25.38794861,9.786959694,0
9776,459.1099793,6.389428518,0.768397474,0.737722879,0.924537063,0.544241991,53.12199513,243.7887047,15.61373449,10.91963777,0
1975,3212.425339,31.12383437,0.497047485,0.484209017,0.733416565,0.234524624,58.12033779,1178.0185,34.32227411,10.39200012,0
9109,3586.909934,32.24452378,0.457227155,0.440857586,0.752741389,0.194475502,73.40898932,1307.180083,36.15494549,10.57743803,1
3663,1826.722738,18.76194067,0.638954299,0.623951255,0.844729455,0.389349413,62.1238901,629.7265437,25.09435282,10.65250658,0
6001,2550.937592,23.80789229,0.522481359,0.500657627,0.831133413,0.250740526,84.55209049,867.5358335,29.45396125,10.49616734,0
91,2421.602375,28.25948953,0.491793362,0.482080543,0.806464189,0.232412442,10.50647273,323.2222178,17.97838196,5.872842447,1
777,900.026961,12.02284485,0.58978639,0.537788883,0.882791992,0.289244691,53.14256144,450.0140724,21.21353512,10.80155185,1
9281,316.652887,4.663201182,0.796551135,0.743220416,0.912912993,0.552382278,31.77524893,182.0589183,13.49292104,10.82829518,0
6938,2415.705755,25.04034636,0.474923321,0.448456963,0.777631841,0.201199433,69.20950582,972.5818406,31.18624441,10.64745046,0
9811,2522.15485,28.62980534,0.431140647,0.413234487,0.775131854,0.17083264,49.84689177,1132.662645,33.65505379,10.05608628,0
4941,3451.167906,37.88109685,0.359127169,0.347749979,0.726455203,0.120952057,15.7928744,583.0111113,24.14562303,7.046567938,0
713,953.1941812,10.20337324,0.599899905,0.513774394,0.883588689,0.264000795,72.72544714,451.1467972,21.24021651,10.83622482,0
4245,573.9028755,8.4780075,0.596297183,0.505936741,0.915747988,0.255992076,51.35364588,331.8780475,18.21752034,10.6273191,0
8075,4267.416433,38.4221132,0.409661175,0.395794848,0.724324738,0.156772395,76.99469945,1396.253688,37.36647813,10.5595708,0
8693,625.6512694,11.01273841,0.500059117,0.437274801,0.935834741,0.191218706,21.84877294,554.4158878,23.54603762,8.182023025,0
9339,232.9466953,3.355264387,0.823045889,0.763482185,0.951353815,0.582910026,58.85014363,197.0347357,14.0369062,10.69379693,0
6820,946.0673343,11.92424383,0.700554047,0.681739544,0.862935785,0.464786381,29.94320559,431.4627935,20.77168249,10.26242333,0
2460,1287.471471,14.51053594,0.622277417,0.586405628,0.858854331,0.343918085,72.71630893,480.8720169,21.92879424,10.79615073,1
4945,4456.387396,37.270504,0.433892388,0.418380372,0.721329119,0.175156573,86.37646814,1535.843824,39.18984338,10.47306869,0
3756,1075.507305,13.51729836,0.701151846,0.69190649,0.883076201,0.478743989,14.95289624,320.8643206,17.91268602,7.660871065,0
5828,1193.691675,15.6551469,0.615763893,0.598629098,0.860897102,0.35837082,13.76681251,304.715596,17.45610484,7.350470173,0
3933,3874.476196,39.33984865,0.350776481,0.337564995,0.699978937,0.114020481,54.23992995,1321.349646,36.3503734,10.33894982,0
7417,715.1584559,9.829647105,0.626184193,0.573672482,0.91948037,0.329120017,51.85620395,622.7904831,24.95577054,10.72213635,0
7084,2237.735681,21.35096304,0.545281421,0.515042868,0.830390173,0.265350683,83.79091275,822.772527,28.6840117,10.6628964,0
6859,1563.505187,15.20949787,0.594665856,0.545640692,0.857780402,0.297798574,78.6976309,646.7472867,25.43122661,10.83535299,0
6966,1780.245379,18.66113113,0.510050442,0.465388009,0.846045785,0.216628772,67.99585746,837.3757564,28.93744558,10.75494519,0
6094,3860.509424,34.49750966,0.416515023,0.398967522,0.757844365,0.159275623,81.72913351,1336.375405,36.55646871,10.48634078,0
6292,2790.774311,24.21361598,0.513384824,0.479877099,0.805013763,0.230365696,94.75507035,1016.168846,31.87740337,10.04351738,0
1671,168.1639682,3.463143071,0.768997026,0.65944543,0.929632463,0.434880634,36.09036278,103.7455951,10.18555816,11.10686152,0
9213,3721.694697,32.12104934,0.458707365,0.434253736,0.755680996,0.188694749,85.89024082,1170.570777,34.21360515,10.37247933,0
7414,1396.311574,15.46213038,0.562389113,0.519243907,0.846070192,0.269692268,74.87620102,452.1533698,21.26389827,10.75076594,1
1762,440.9182841,6.487738188,0.699807814,0.62635158,0.905741458,0.392339263,55.66689618,242.3059189,15.56617869,10.54154123,0
7836,1496.197152,16.30462065,0.603965459,0.573544086,0.858362079,0.329034868,69.51923707,590.5137917,24.30048954,10.71161535,0
8856,527.7853763,6.084427003,0.787641642,0.752799441,0.926745767,0.566718104,73.23300341,356.2060372,18.87342145,10.85936085,1
9987,468.2542819,6.692547947,0.685889606,0.593506971,0.922105869,0.352274466,55.93970398,257.637136,16.05107897,10.71747749,0
8870,111.3689034,3.187726573,0.623325587,0.411682527,0.956943629,0.169491809,31.15822636,133.4202006,11.55076623,10.74429237,0
4797,37.84561611,1.202176871,0.891004771,0.860060304,0.922364409,0.739705023,6.18767507,19.45563833,4.410854603,6.226237568,1
1587,5060.325221,43.80535684,0.376800062,0.365169,0.671392558,0.133492053,81.12554063,2018.223614,44.92464373,10.32591553,0
837,552.2470871,6.684824057,0.755409893,0.706599997,0.904983116,0.499304035,70.77540144,155.0656714,12.45253675,10.52385896,0
7535,6309.920555,51.04138967,0.376253763,0.367540625,0.603309812,0.135226414,98.64733721,2147.753893,46.34386576,10.39227467,0
9391,1165.01635,12.94643617,0.683284107,0.642157024,0.860262967,0.412395621,65.34270787,427.5628166,20.67759214,10.73508596,0
6472,2157.925699,21.00272834,0.6398582,0.628335445,0.796141608,0.39484955,65.65506258,769.440525,27.73879098,10.58666762,0
6670,240.2143489,6.033323148,0.63604694,0.554160387,0.896058864,0.307116777,18.82966747,146.7941597,12.11586397,9.453787112,1
7656,577.828831,9.588922944,0.579696414,0.515181584,0.90027907,0.265430164,43.96522304,330.3580598,18.17575472,10.68854599,0
3125,1387.87586,17.90462343,0.547286853,0.523180622,0.86416749,0.273765403,45.45391093,617.7442508,24.85446139,10.57635895,0
9258,1819.489542,18.84831826,0.493279708,0.43278427,0.84174112,0.187353307,78.7812533,666.6449534,25.8194685,10.75120444,0
8698,4439.991029,42.47578022,0.320649211,0.30703233,0.702951606,0.094371829,73.26798414,1860.546415,43.13405169,10.26817317,0
7702,61.19312852,0.973866569,0.942749283,0.91375146,0.884691375,0.834944555,18.79973918,43.40415892,6.588183279,10.70445852,0
2608,1710.089806,15.43116582,0.600395798,0.552626439,0.864288903,0.305444483,89.3157427,652.4446569,25.54299624,10.63912525,1
9778,261.4963109,4.808341677,0.753102675,0.701463066,0.924826795,0.492057204,38.49554038,226.5839638,15.0527062,10.95041911,0
8764,178.0523938,3.83698161,0.829642194,0.802636263,0.913244384,0.644233153,12.02306259,105.3338298,10.26322707,8.150647667,1
8216,2924.154062,28.1574263,0.520916319,0.509307959,0.796473582,0.259457321,76.33949534,1291.934849,35.94349522,10.44351342,1
5145,2541.229607,26.0940457,0.491314382,0.470147326,0.818815726,0.22111504,74.50230281,892.1167713,29.86832388,10.74651182,0
9203,1477.286406,14.0562297,0.79946032,0.795437584,0.720324195,0.632727789,7.535159507,148.5233075,12.18701389,5.842253779,0
677,3587.271734,33.36756098,0.451774805,0.437490335,0.748581638,0.191503211,67.09050184,1340.919277,36.61856465,10.4028413,1
4136,1422.343674,15.61078483,0.665464911,0.647880276,0.853524958,0.419772114,53.44848395,496.6480717,22.28560234,10.77403621,0
7898,3749.648115,33.82828773,0.347650529,0.316142028,0.723945269,0.100058764,78.51306366,1408.921447,37.5356024,10.51432331,0
2161,3857.985476,34.98577097,0.377411075,0.350204531,0.750358487,0.122744688,87.44129056,1308.484223,36.17297642,10.30096333,0
3205,3467.734658,36.30223176,0.383081373,0.369427222,0.708416224,0.136512229,25.42012939,693.2553151,26.32974203,8.877963639,0
6671,3982.444114,36.944164,0.371357053,0.354144654,0.747386471,0.125539138,77.34317144,1615.221558,40.18981908,10.18076285,1
4464,1596.745557,18.56319496,0.623612389,0.610276117,0.816279524,0.372477013,49.22085487,545.2292495,23.35014453,10.64645493,1
9573,1483.366692,17.69116967,0.552196392,0.50841975,0.870645608,0.258505157,48.99502417,740.0204946,27.20331771,10.52208594,0
6238,422.0525077,5.892556943,0.865628639,0.861082984,0.869198474,0.74146814,10.71815446,116.4872059,10.79292388,7.847898533,1
4970,1757.116067,19.7120853,0.6522015,0.644986501,0.806554453,0.416025432,11.07696644,259.4724481,16.1081485,6.843864092,0
3408,5298.953145,44.499872,0.416020359,0.406727617,0.649792895,0.165599984,73.78642787,2284.925969,47.80089925,10.1666888,1
4589,224.1752089,4.235990379,0.691088894,0.536928035,0.941095397,0.288309277,51.03711869,96.5662907,9.826814881,10.78968091,0
6226,3106.266085,30.43534541,0.497297296,0.484438565,0.747406289,0.234756493,69.52563683,907.4457905,30.1238409,10.7239622,0
5485,544.9748282,7.221668613,0.694602382,0.616197679,0.901237525,0.379725847,61.70811168,225.7390935,15.02461625,10.52215204,1
2984,2207.060109,21.25120076,0.480921224,0.438289101,0.838238309,0.192160803,86.48593337,865.5950174,29.4209962,10.55176154,0
5784,2540.297824,29.92761578,0.380618379,0.363753467,0.827743603,0.132362618,58.21794792,1279.989718,35.77694395,10.37697012,0
7371,1255.610518,16.14917508,0.553227591,0.519645239,0.890649646,0.270076855,51.92181257,888.6170251,29.80968006,10.57520247,0
324,1585.94159,15.23861124,0.779201764,0.77413126,0.70089891,0.599295397,10.88383031,255.0542938,15.97041934,7.434510108,0
1153,2017.315916,18.43114413,0.51098403,0.460834602,0.858321185,0.212432311,99.37445306,741.2898267,27.22663818,9.888748196,0
184,2887.180413,32.66805671,0.435353226,0.425404054,0.771764863,0.180990935,17.90051629,667.7319561,25.84050998,7.323860146,1
706,4782.080307,39.11957425,0.386395278,0.365166486,0.707244422,0.133494599,91.12348515,1626.504997,40.32995161,10.20580536,0
2326,1956.41638,16.86496468,0.572360383,0.518020188,0.859267865,0.268398568,94.77489139,766.7100194,27.68952906,10.15200679,0
6948,72.30333558,1.998362857,0.744454286,0.570154099,0.934867534,0.325087908,12.66897821,52.41638665,7.239916205,9.226165326,0
64,907.3382453,11.09444178,0.608859832,0.551788193,0.906723443,0.304499152,77.79038437,419.0176547,20.46992073,10.86360463,0
4419,3800.210624,43.62869552,0.236683899,0.222465871,0.700750627,0.049509309,37.75422865,1428.374282,37.7938392,9.431928743,0
3094,1170.03143,12.58910974,0.539321822,0.461578572,0.891877981,0.21308785,79.86595691,602.7107523,24.55016807,10.81562031,0
2421,855.4189123,11.93288746,0.583055416,0.532131666,0.915630625,0.283182304,45.82022472,927.0406469,30.4473422,10.12313521,0
6829,1383.974418,16.67769059,0.492395514,0.44483083,0.880135903,0.197920736,69.96237902,673.2393485,25.94685624,10.72470535,0
6327,308.3584798,5.187985625,0.756750248,0.713963855,0.935306656,0.509757676,41.75024777,212.4268757,14.57487138,10.71553701,0
318,1385.150086,17.76501477,0.571689419,0.55170078,0.835593304,0.304410534,39.89689883,641.0160557,25.31829488,10.02486628,1
8124,917.2958808,10.68019097,0.637684521,0.585798136,0.911205033,0.343178131,59.29095244,505.3231652,22.47939423,10.65050531,0
957,1150.750684,13.43200503,0.549208408,0.487503649,0.900062149,0.237681346,69.20625,527.7947656,22.97378431,10.83684939,0
3453,759.1654164,11.24064755,0.64152166,0.610208113,0.897227944,0.372369109,18.18543782,398.8674212,19.97166546,7.797819964,0
4940,426.5686674,6.488112358,0.770660889,0.743153042,0.90458352,0.552281256,26.86532723,151.9839188,12.32817581,10.79353347,0
9646,681.0964139,8.25669134,0.737127865,0.706576719,0.906864682,0.499268936,52.0953117,309.2895933,17.5866311,10.87977325,0
4097,723.2624294,7.144561059,0.891474871,0.887596154,0.668025277,0.787834855,5.932203859,74.79514346,8.648418553,5.183045899,0
9729,1302.54297,17.56951901,0.519963861,0.487001875,0.891545473,0.23718354,15.3167992,445.1651452,21.09893706,6.777939012,0
5604,1134.814527,14.71132509,0.556351625,0.514224889,0.85816267,0.264468046,53.34652065,423.1182534,20.56983844,10.84891156,0
9828,2223.60467,21.90585661,0.619604974,0.607911428,0.822632305,0.369595386,70.66978641,718.28626,26.80086304,10.73320408,0
5268,33.22799569,0.214197242,0.997540114,0.997443152,0.366193694,0.994892859,4.118744678,2.332465849,1.527241254,4.125568152,1
7209,2237.516858,23.28740436,0.519926334,0.493496418,0.808347526,0.243607067,79.02579356,730.517762,27.02809209,10.71729611,0
1842,1754.642995,17.85818332,0.576721946,0.53316644,0.819281014,0.28439436,69.63900112,631.3689921,25.12705697,10.80073376,0
1447,1292.725614,14.78868321,0.62141772,0.594527729,0.894462422,0.353488411,77.62995772,588.1752894,24.25232544,10.63256789,1
6354,3495.300342,29.62885647,0.509983052,0.489826069,0.766573865,0.240048584,94.60982844,1164.17424,34.11999765,10.05154856,0
3952,240.9386564,5.743947186,0.555534824,0.433199088,0.940835375,0.187672854,16.77251423,210.5620768,14.51075728,8.5622275,1
3651,1656.403577,16.09959165,0.608463352,0.574645044,0.877001162,0.330249538,86.55012185,680.9556783,26.09512748,10.57940038,0
8985,3501.264836,30.77295921,0.459703482,0.439262565,0.764950053,0.1930534,86.90646104,1265.987219,35.58071414,10.41702277,0
4187,3190.510916,29.44318679,0.459367512,0.439766447,0.803190214,0.193500905,81.82220757,1240.797395,35.22495415,10.40218672,0
1667,4449.114003,37.67784516,0.45868105,0.448087018,0.70324104,0.200905435,73.13859265,1677.568618,40.9581325,10.27786585,0
9587,835.1802624,13.88017822,0.41360647,0.347637665,0.913029358,0.120889106,34.24165669,752.6353263,27.43419994,9.394000269,0
4180,2754.301192,26.46942928,0.485277686,0.462721977,0.801722179,0.214215115,82.49551602,828.9043015,28.79069818,10.65396662,1
495,2712.498793,25.74374331,0.554738807,0.540220968,0.806188369,0.291921261,74.16860118,1020.636377,31.94740016,10.63058939,0
438,3948.98319,35.78228583,0.510727711,0.502629791,0.676345379,0.2526769,17.15307874,634.6499927,25.19226057,8.197676084,0
1473,310.6709567,4.089058073,0.900418699,0.888900973,0.804084609,0.790149821,24.03262136,154.1311966,12.41495858,10.3204307,0
3297,3084.779998,31.5959549,0.416234084,0.397346419,0.776155838,0.157976359,51.07826184,1242.768851,35.25292685,10.10485552,0
8188,1300.982836,18.14277869,0.417840677,0.364802044,0.874764039,0.133102346,35.80087415,709.6160887,26.63862025,9.750005356,0
7633,3050.947749,35.40581163,0.341822148,0.32771012,0.750520941,0.107449592,32.87572921,959.8876907,30.98205433,9.404988328,0
9902,2102.568682,19.28677514,0.614771556,0.585268447,0.838057571,0.342587062,85.51592408,683.030166,26.13484582,10.7099028,0
9056,1457.010178,16.93236096,0.595410106,0.565980251,0.828789987,0.320372325,51.99628455,542.4222539,23.28996037,10.66284246,1
9937,1557.963559,16.53849451,0.603131443,0.568521012,0.860209072,0.323254493,61.66258306,727.9585335,26.98070669,10.51346826,0
259,2730.395277,25.11477841,0.515215202,0.485146587,0.80899735,0.235435694,85.20663373,980.6458934,31.31526614,10.52939562,0
9383,1208.661625,13.59710055,0.616079345,0.585020912,0.894569621,0.342279833,78.85010985,480.3985599,21.91799626,10.74627296,1
6716,3449.736823,36.7127433,0.382256578,0.369223419,0.691236561,0.136424536,39.08994583,992.9544075,31.51117909,9.940575864,0
1565,1351.290831,13.87954152,0.699927123,0.681112379,0.858596522,0.463948757,78.90550075,504.528157,22.46170423,10.7460253,0
2480,401.5284488,6.327789544,0.717699965,0.664195426,0.912563,0.44116823,41.94413469,346.1261382,18.60446554,10.52567008,1
8030,3062.517541,29.91955923,0.482225543,0.461222124,0.756284181,0.212785256,62.79143537,878.3502359,29.63697414,10.66665634,0
6430,341.7056405,5.021242172,0.810859922,0.766810312,0.876599496,0.588003983,28.93879645,229.0268399,15.13363274,10.30870684,1
7057,3519.584341,30.84409147,0.459710115,0.434037886,0.768033065,0.188478399,83.19683176,1173.370556,34.25449688,10.52120608,0
5109,3152.558616,29.38656439,0.4615545,0.439703006,0.781877823,0.1934278,83.11021587,1063.909257,32.61762188,10.49816472,0
45,5414.869161,44.39898891,0.391473576,0.38001411,0.671313754,0.144613133,77.4519522,1977.0593,44.46413499,10.39222536,0
7193,2353.006223,23.66671754,0.553085714,0.534245467,0.798177853,0.285526058,64.64985982,847.8243477,29.11742344,10.69565496,0
1414,1165.483786,13.79760031,0.669192279,0.649563946,0.84147145,0.421992902,68.4227281,381.7336666,19.5380057,10.74809492,0
8666,2135.51564,19.99265107,0.635844568,0.620340546,0.81687599,0.384874297,84.09896642,661.6303071,25.7221754,10.73815238,1
4699,3309.759004,27.10463978,0.597297108,0.58634547,0.782467115,0.343883016,104.9635986,1081.855851,32.89157721,9.976100904,0
8448,3264.293298,33.71919929,0.439290644,0.427425261,0.743998618,0.182763203,43.22413793,1142.209226,33.79658602,9.761440561,0
2871,919.3617811,8.82100774,0.723250372,0.665761765,0.894896734,0.4432698,91.82420313,305.4365905,17.47674428,10.85440041,0
9412,2594.631532,25.74928711,0.463372665,0.437193279,0.81429429,0.191221641,81.99938521,985.718018,31.39614655,10.46626005,1
4132,1292.072973,16.81178313,0.530365265,0.495341296,0.836807776,0.24542405,46.77132851,441.1783888,21.00424692,10.71704288,0
8475,2759.931663,27.8084525,0.514048338,0.501523681,0.782658481,0.251589692,74.49049291,1058.819058,32.53949997,10.5472981,0
5995,440.7659527,8.609350774,0.485627648,0.385120694,0.924810572,0.148342014,28.84519954,434.3063552,20.84001812,9.717402772,1
8042,522.6749002,7.942532228,0.562321894,0.434376742,0.913340445,0.188719943,67.78878565,241.2147878,15.53109101,10.83665652,1
9282,3091.358247,28.37080017,0.530036375,0.516805145,0.788661514,0.2671777,79.15111678,1014.53718,31.85180026,10.55528092,0
2949,2204.319787,18.78170706,0.75910353,0.754045031,0.693276549,0.568602616,10.37458698,362.9709989,19.05179779,6.592425777,0
2250,1265.779986,16.71551747,0.479897904,0.426074737,0.8122539,0.181601652,52.32674481,539.0701691,23.21788468,10.48356402,0
9286,1785.089747,21.01349874,0.588473234,0.576959029,0.841532838,0.33290981,25.24973209,546.2157231,23.37125848,9.288360339,1
7021,3103.722924,27.01921861,0.452831005,0.422629519,0.798360843,0.178711615,92.0149929,1079.586655,32.85706401,10.15174208,1
9679,1270.451769,17.11611882,0.517177335,0.487093615,0.866958331,0.237299704,47.61611556,406.6021168,20.16437742,10.76507705,0
7012,1701.946011,17.79790649,0.432298805,0.354053412,0.85415188,0.125422603,80.69973478,824.460548,28.71342104,10.7281001,0
5300,469.263813,7.364058168,0.607826442,0.507599069,0.932193252,0.257679847,51.27314706,462.551174,21.50700291,10.36618339,0
3168,4529.393907,38.0458449,0.440630256,0.425646862,0.706925168,0.181290359,89.14936294,1458.484522,38.19011026,10.3676963,0
5363,2523.610226,23.38405441,0.5656516,0.542035074,0.820554161,0.293870768,90.43366845,676.399183,26.00767546,10.47893328,1
4007,327.1929202,5.786072479,0.715968444,0.641850425,0.90192811,0.411996079,35.27953492,199.3672393,14.11974643,10.87406155,0
5636,2024.398244,24.12463618,0.400531028,0.362229596,0.806186895,0.131279782,54.75185322,712.8211141,26.69870997,10.75889539,0
9916,930.794308,10.33809733,0.49162267,0.359656011,0.904495216,0.129378687,90.26894013,433.7720166,20.82719416,10.70950675,1
454,1549.586191,18.04814074,0.469777125,0.429019297,0.883239223,0.184101913,74.7730187,1048.286554,32.37725365,10.56871579,1
4276,65.7473293,0.680916138,0.987780353,0.98688915,0.523698583,0.973950385,4.312725894,6.549365412,2.559172798,4.31813073,1
9579,2564.907292,25.10595765,0.436683868,0.397208442,0.820373735,0.157836836,88.27730235,818.5862374,28.61094611,10.49731645,0
9947,1115.833301,10.33426498,0.841504612,0.830919791,0.8354107,0.690430378,34.71417928,399.817192,19.99542928,10.251773,1
7126,646.7372663,8.178274254,0.739369737,0.703089194,0.902838277,0.494356052,64.90221719,273.4351461,16.53587452,10.72546144,0
8610,2344.919012,22.48314039,0.674979427,0.669306079,0.744085524,0.447989831,11.23461774,376.451713,19.40236359,6.721958887,0
1553,48.89867832,0.608460961,0.98811571,0.987707476,0.655810454,0.975566198,4.2501137,5.450379617,2.33460481,4.250598552,1
9512,874.4268759,10.71026003,0.78920613,0.783767636,0.813120597,0.614303518,17.60176964,321.756981,17.93758571,8.399517223,0
2814,1731.953664,16.87429778,0.589248806,0.551150355,0.88134371,0.303803994,84.35899957,701.7966003,26.49144391,10.57588673,0
114,47.17998756,0.684310118,0.964578917,0.947013272,0.841905922,0.896834486,7.618951135,28.65497543,5.353034227,7.20675339,0
8413,4348.647016,37.66089919,0.398227874,0.38231834,0.746436913,0.146285823,95.17185828,1573.890422,39.67228783,10.18496213,0
4865,2202.704477,18.38296801,0.518796467,0.468145465,0.866254797,0.219225505,117.2369533,709.5561381,26.63749497,9.377803266,0
4789,816.4177315,11.50810636,0.580003752,0.527085141,0.897167339,0.277851924,45.96887474,504.1778894,22.45390588,10.61230748,0
8630,990.5371643,11.62489281,0.713906647,0.693018385,0.892111363,0.48029716,60.5698633,660.8892459,25.70776626,10.65616711,0
6761,238.9640904,4.335558666,0.767777381,0.704652287,0.925664335,0.496544984,37.42314095,133.5926637,11.55822926,10.92776263,0
4369,1659.204619,23.22314541,0.388568282,0.356095082,0.849105323,0.126827859,22.89369228,683.7255821,26.14814682,7.573919044,1
1328,2796.729311,25.34958622,0.591062532,0.579659725,0.791893796,0.336083818,82.30978801,930.3129325,30.50103166,10.64838859,0
3731,452.4374159,7.553119113,0.755586982,0.734159774,0.766323951,0.538999085,20.17012007,101.5207648,10.07575133,10.49597053,0
1591,1702.575364,15.02540955,0.799768247,0.794729311,0.720847985,0.631599797,8.145457917,183.2113707,13.53555949,6.109424713,0
1464,953.8502048,12.76712839,0.587964926,0.545693144,0.877697928,0.29781152,48.7558084,467.5979464,21.62401319,10.5000274,0
5491,195.7261245,3.702251174,0.737011144,0.645202593,0.943614598,0.416295198,31.18016754,146.7070492,12.11226854,10.81064033,0
4150,2168.53785,20.48617298,0.462557016,0.41723297,0.84232932,0.174147968,108.6005972,620.7007923,24.91386747,9.409010513,0
5316,2389.221842,20.06606632,0.555419489,0.521654866,0.85557042,0.272188104,101.6402926,961.4946797,31.00797768,9.821661091,0
5474,402.4655292,5.874483757,0.702168271,0.635937423,0.933702619,0.404427697,50.06238784,185.6471329,13.62523882,11.01914156,0
4506,1384.174952,11.35269861,0.735695748,0.706169366,0.885023638,0.49870188,104.5545278,564.0070704,23.74883303,9.695173123,0
8057,2545.921628,24.14258163,0.493799036,0.462457915,0.7993887,0.213954762,84.10886273,908.8531163,30.14719085,10.6068379,0
2534,2828.039734,26.81127487,0.512518435,0.494090748,0.794849106,0.244237086,72.62830736,944.477738,30.73235653,10.59613561,0
4921,920.7578659,12.24632339,0.547353894,0.479374812,0.878434526,0.229821254,43.89612195,381.6245438,19.53521292,10.51415216,0
122,1691.72666,19.60660368,0.561841974,0.532019759,0.831034939,0.283091986,43.0077809,581.7211897,24.11889694,10.5981911,0
6403,3224.547163,27.44129365,0.51972263,0.495149133,0.776959016,0.245282454,90.40415024,1085.829866,32.95193266,10.27424237,0
7880,1518.272928,20.02157013,0.455775456,0.425739606,0.863247275,0.181369847,46.46928891,971.2164828,31.16434634,9.854133616,1
7856,1942.157239,17.91518686,0.611626472,0.583276943,0.839073262,0.340259639,83.61962722,717.8739957,26.79317069,10.53158662,0
8094,673.4894249,7.810623879,0.668472626,0.573341776,0.921966031,0.328744823,65.90521725,353.4819573,18.80111585,10.71050404,0
5261,1862.86613,24.93943114,0.464409182,0.451784295,0.817805336,0.204134186,13.43244943,381.9172743,19.54270386,6.771534841,0
4393,437.2202958,6.429411473,0.798355123,0.773232062,0.905840848,0.597896962,30.24512411,265.0777688,16.28120907,10.60191111,0
917,418.1343193,6.32685251,0.720500674,0.670087872,0.921362014,0.449035678,51.13563916,247.2370504,15.72377341,10.73507443,1
1771,81.6913124,1.976525593,0.856552255,0.770285792,0.938562942,0.593346263,31.648225,58.76902028,7.666095504,10.79823461,1
9336,1014.69193,14.81446412,0.534753153,0.499304528,0.884800155,0.249332449,34.36023342,651.9455237,25.53322392,9.714686329,1
4290,693.129213,6.902327845,0.856289462,0.843562832,0.89347081,0.711606762,47.18388598,515.8686874,22.71274284,10.74777193,1
8535,2575.164888,23.90769554,0.605224577,0.592978503,0.784489574,0.351667325,73.33266288,689.2923564,26.25437785,10.64025646,0
1725,2298.238722,21.51993561,0.579887419,0.554450709,0.818889201,0.307474286,85.59260343,776.6644919,27.86870094,10.67740897,0
3431,363.5535119,6.38537477,0.661232296,0.591961118,0.928202683,0.35042908,34.03371845,222.9205691,14.93052474,10.69866184,0
4704,1932.44878,18.99169112,0.629090402,0.608953881,0.805682703,0.370864629,63.11679342,542.6521982,23.2948964,10.64155012,0
4633,5393.995262,43.32543357,0.428110744,0.417022566,0.690211995,0.174092181,82.81982942,2233.996425,47.26517137,10.35026976,1
7914,1036.140307,9.849485903,0.822816619,0.817021962,0.866862641,0.667533438,64.73561529,424.7229549,20.6088077,10.71244019,0
576,1238.293804,12.21274087,0.678161927,0.647020312,0.874188369,0.418667967,84.2021961,385.4054714,19.63174652,10.74271074,0
8230,4484.06791,36.58172808,0.493150457,0.482295916,0.706632668,0.232738976,74.80901881,1758.903748,41.93928645,10.22992637,0
7474,1068.248158,13.29284639,0.672141215,0.65424351,0.887392205,0.428045448,26.64145201,436.4214396,20.89070223,9.539559321,0
185,117.5223201,2.90488927,0.734961132,0.587983119,0.923979777,0.345741047,21.51386024,87.12902578,9.334292998,10.34085176,0
1686,3021.697386,25.65350701,0.546751087,0.521658475,0.803479274,0.272194082,87.79526799,974.3197897,31.21409601,10.25996749,0
3446,22.16762796,0.320858943,0.972333178,0.918617667,0.800860802,0.843859552,4.719494027,3.348494817,1.829889291,5.060459514,0
5218,1552.056246,18.65907234,0.440612179,0.395022107,0.87002962,0.156079882,69.51380179,766.6043779,27.68762138,10.7902813,0
808,1694.285445,17.46034718,0.638131361,0.619240193,0.841583472,0.383485596,65.84457873,521.8659177,22.84438482,10.79999672,0
3425,2844.201242,25.20538566,0.580576458,0.564780835,0.791608623,0.319078639,87.56709148,849.4247341,29.14489207,10.40529441,1
8332,2623.234508,22.60776139,0.550641581,0.521033863,0.82648041,0.271545002,91.68783861,1051.308317,32.42388497,10.16620242,0
7244,2052.773642,18.30201838,0.5629176,0.525821159,0.855026816,0.276541224,113.1337991,569.1021898,23.8558628,9.242057939,0
102,835.5110674,10.95497465,0.594266306,0.531536481,0.89030778,0.282573117,52.56287478,381.7033381,19.53722954,10.70825503,0
990,1264.426602,14.90339414,0.613947738,0.587238251,0.864225671,0.344889578,56.32612554,509.3219946,22.5681633,10.8022516,1
799,407.7321979,6.314865092,0.688419402,0.616311277,0.923991016,0.379856079,51.48446621,229.895126,15.1622929,10.66064003,0
2826,10.38446741,0.578043705,0.910719962,0.660568467,0.902556069,0.436362758,5.411306918,3.670277362,1.915796796,5.740428549,0
616,1548.450296,17.87651404,0.624594222,0.609470972,0.860108058,0.371472072,37.608479,714.4496536,26.72919104,9.980860431,0
140,1667.200075,21.76016603,0.536602733,0.524079319,0.822743051,0.274680293,20.05610034,421.9129303,20.54051923,8.913045031,1
4073,2611.238937,24.5419313,0.546795826,0.528592622,0.798234114,0.279475425,75.28757288,918.3587343,30.30443423,10.68360693,0
2745,2752.358313,30.10481099,0.404502545,0.384143046,0.742799776,0.147654208,45.15106751,1015.492008,31.86678535,9.913550153,0
1389,1226.16952,13.02169437,0.656088136,0.613290281,0.868750389,0.37618629,65.51132536,504.6993239,22.4655141,10.72122703,1
6149,2309.382077,20.72398371,0.516603957,0.470267475,0.824218503,0.221224383,99.93637634,727.9837093,26.98117324,9.917872616,0
1735,2396.738952,22.26291786,0.569544493,0.545559647,0.796653538,0.297737859,83.35169013,866.9226935,29.44355097,10.709428,1
5624,411.1905882,6.07088814,0.670981559,0.579639169,0.938361734,0.335994241,53.69805019,223.3005845,14.94324545,10.89724496,0
7735,1096.33079,12.85531514,0.5341212,0.446264795,0.875882793,0.199206847,67.11509824,505.4210854,22.48157213,10.9655944,0
731,1994.417445,25.33114653,0.445213871,0.427192091,0.822593053,0.182549764,34.56527331,782.7176579,27.97709166,9.617023358,1
9766,2134.23048,19.54240246,0.576585507,0.54532455,0.833078556,0.297453575,89.98748728,680.5140528,26.08666427,10.45944671,0
2092,3010.825389,27.01256928,0.496166439,0.471799205,0.780458294,0.222687039,86.14177649,946.4548982,30.76450712,10.55315342,0
4977,2601.324875,27.64479821,0.442561965,0.42128382,0.810093466,0.177552885,64.94582731,1209.141437,34.77271109,10.34538444,1
6384,3664.382097,28.3507015,0.559642991,0.539243365,0.766530471,0.29087215,108.7908999,1035.879771,32.18508616,9.614104961,0
8442,712.9941273,8.236015852,0.856567744,0.852049077,0.694460882,0.726001291,12.82564235,158.9663913,12.60818747,8.702166834,0
2896,2906.610439,28.25591898,0.497721856,0.480195766,0.792507369,0.230657212,73.7858365,904.8279933,30.08035893,10.68201377,0
7325,4580.032342,38.16141786,0.37363855,0.349532129,0.719114536,0.122428828,80.55864858,1504.339827,38.78581992,10.42649857,0
4473,647.832106,9.019957924,0.645895718,0.595745765,0.923377819,0.354931388,47.62020652,504.1547243,22.45339004,10.75880914,1
4600,3622.545548,29.33944424,0.495453317,0.473338529,0.77492737,0.224151666,95.10158299,1245.555951,35.29243476,9.954695521,1
1910,1508.403358,18.11309257,0.535851438,0.501115518,0.861304051,0.251157675,62.15437433,724.5705448,26.91784807,10.67579857,0
3766,2081.733214,20.45419125,0.490935288,0.45198521,0.853858919,0.204355363,92.41401916,735.6651993,27.12314877,10.21067046,0
5328,3847.315517,37.95930482,0.396999983,0.385233835,0.728176675,0.148515894,47.97721519,1597.910198,39.97386894,9.826715216,0
3064,29.39382323,0.965875515,0.840713763,0.587569375,0.914783587,0.345248355,7.362558149,15.36735717,3.920122086,8.163021946,1
1933,972.1685552,12.49509201,0.63073808,0.590690873,0.867280885,0.3489442,55.61485501,392.5019954,19.81166312,10.65767422,0
3909,760.1871319,8.604193392,0.722152306,0.674925024,0.891416151,0.455556763,63.01699454,307.8020604,17.54428854,10.74667653,0
1483,1001.615262,13.72496304,0.583521579,0.544450866,0.853408952,0.296474663,54.8916144,439.2405509,20.95806649,10.72963037,1
1895,852.1076676,10.96415151,0.729093033,0.708706778,0.850943611,0.502281628,41.97962264,292.5275436,17.1034366,10.77422437,0
5422,2073.537813,21.33814724,0.502790147,0.469992392,0.836493861,0.220946245,76.98017094,792.3880806,28.14938864,10.6921696,1
8438,633.0373701,9.207436997,0.691669552,0.657658172,0.852350813,0.432525935,12.77447675,164.7629937,12.83600381,7.850636121,0
9478,80.68499852,2.463758017,0.779137403,0.61984125,0.937936627,0.38422242,25.39658615,56.88973818,7.542528633,10.61529339,1
5100,589.4796336,9.210656265,0.71740086,0.697639582,0.871651837,0.486716611,28.00316852,259.8789245,16.12076067,10.46658531,0
6548,2016.575967,24.12140217,0.470263193,0.448015554,0.823408585,0.200778691,38.0624453,806.8773876,28.40558726,9.936293859,1
1059,2540.117955,29.69184134,0.420021975,0.405556176,0.805095653,0.164495975,21.79006903,580.2345414,24.08805807,8.31724572,0
6062,2854.744232,26.06931447,0.594858347,0.584426088,0.752046617,0.341624052,74.08394877,907.4750786,30.12432702,10.53822805,0
3722,3810.482352,38.14900596,0.425963557,0.417025987,0.680971701,0.173939649,23.33674719,859.3569342,29.31479037,8.689858277,0
130,479.7200235,7.888669825,0.628769081,0.560402689,0.902921246,0.314086676,42.19923469,284.7053736,16.87321468,10.61383868,1
5823,1527.069718,14.73808657,0.650684604,0.617180163,0.863950415,0.380948626,78.24945262,539.4616853,23.2263145,10.84563769,0
4663,1471.186448,17.52236269,0.499084774,0.450655562,0.823551646,0.203156721,62.92965052,668.4588942,25.85457202,10.61102096,1
8795,2718.48253,24.72217299,0.603166616,0.592628502,0.795436209,0.35126431,70.19442378,1026.705317,32.0422427,10.51390292,0
2119,1683.522487,15.4649232,0.630706127,0.594085986,0.856158692,0.352984605,90.91286291,586.1909278,24.21138013,10.62457229,0
6905,1479.334213,14.55631023,0.612611836,0.576641678,0.882556144,0.332558053,97.72328229,584.2211916,24.170668,10.18371897,0
250,3617.506816,35.01173389,0.440304616,0.427870058,0.767106773,0.183232009,47.23687958,1508.537867,38.83990045,9.774044021,0
2524,68.39861708,2.078417527,0.718724964,0.540832089,0.945861928,0.292509358,13.42985223,77.01855199,8.776021421,8.751579936,1
6824,612.9989987,11.08957305,0.444788366,0.369497522,0.904891341,0.136562066,47.36367634,495.2209874,22.25356123,10.46945851,1
4812,2750.299176,23.22310955,0.607028322,0.591616977,0.813446003,0.350075041,93.85827794,980.044384,31.30566058,10.26128961,0
3442,1912.748902,18.52539421,0.658841544,0.643300155,0.84235561,0.413857961,73.36572471,507.1168132,22.51925428,10.4779771,0
5762,3827.021691,34.25435431,0.419007246,0.396757807,0.741569985,0.157522933,81.15691431,1261.563916,35.51850104,10.51869234,0
660,1144.524546,14.32313663,0.668904622,0.65287468,0.875245874,0.426277941,25.7084721,527.2211414,22.9612966,9.586197763,0
6107,1844.879435,20.1433097,0.533823476,0.505697031,0.841791589,0.255781791,62.75798288,715.6324188,26.75130686,10.79971933,0
9823,1640.111557,21.34344354,0.414065176,0.371412653,0.851114004,0.137976277,38.42606313,786.0964728,28.03741202,9.989232108,1
9744,157.1154708,1.4419699,0.975297546,0.973052792,0.443236116,0.946832679,4.690303944,10.83639746,3.291868385,4.754667836,1
2175,1444.013539,15.62456494,0.495382408,0.434712921,0.867204334,0.189023619,71.20957034,638.305435,25.2647073,10.70860523,0
4270,1111.367651,10.62845989,0.67792444,0.630268384,0.909875211,0.39725215,105.8599195,363.2111231,19.05809862,9.879422565,1
2520,547.7277503,6.453992008,0.790972039,0.761096901,0.908564801,0.579279063,58.70034631,345.4820348,18.58714703,10.62822263,1
1383,491.8743544,8.759953568,0.606501557,0.541245974,0.891741281,0.29296187,25.87108154,238.346379,15.43847075,10.16736123,0
6958,4056.844165,37.36391338,0.399541367,0.385185742,0.736503402,0.148483587,77.85086246,1483.663746,38.51835596,10.42971495,1
8023,33.59926435,0.722130691,0.956693401,0.944237626,0.772398273,0.891585999,4.458009434,3.389979658,1.84118974,4.630597791,0
4885,1749.170759,19.31027692,0.539925522,0.504599254,0.816486175,0.254683278,65.17329014,552.7190694,23.50997808,10.6609492,0
3113,4501.594206,40.17104132,0.388085982,0.37508609,0.712398485,0.140801224,79.1434604,1686.564902,41.06780858,10.28894359,0
3990,1099.620424,13.15355095,0.462724092,0.380118369,0.898162838,0.144526014,82.24431232,613.1653919,24.76217664,10.77810308,0
9926,2359.356886,25.2176112,0.505588746,0.488466503,0.809020913,0.238657694,65.27121823,1007.361496,31.73895865,10.51440244,1
7026,52.26724925,0.372900747,0.995320116,0.994980949,0.449964857,0.989987146,4.500263508,14.98511173,3.871060802,4.466206138,0
6036,235.9460066,5.374181649,0.649855857,0.551170636,0.928900889,0.303811677,26.75080652,225.2724566,15.00907914,10.21039034,0
5737,675.6084462,9.615126859,0.601565471,0.543119363,0.904674603,0.295014046,65.19406572,302.5621025,17.39431236,10.88236788,0
6406,66.86620843,2.046470986,0.761048819,0.616443697,0.967603314,0.380008148,27.9821457,100.5369042,10.02680928,10.73410948,0
9674,792.8229461,10.66274873,0.609954512,0.563873999,0.909644843,0.317971592,46.67875405,545.4614423,23.35511598,10.65830649,0
792,3749.58764,35.57634226,0.481991923,0.472786124,0.706015063,0.223606107,31.33250644,1305.044387,36.12539808,8.96102513,1
6748,599.8873966,8.047862301,0.749792465,0.727433768,0.896740383,0.529179505,63.2581557,268.0485829,16.37218931,10.8964581,0
6669,3852.602672,35.26337106,0.455882629,0.444381622,0.743824644,0.197595429,72.08177316,1443.045963,37.98744481,10.39964424,1
1353,447.5795985,6.759992298,0.705817197,0.655760058,0.918581115,0.430040931,49.7069944,392.5906291,19.8138999,10.40765668,1
5257,292.6616044,5.352229584,0.704663861,0.643664276,0.942797887,0.414316247,38.87961319,300.3422101,17.33038401,10.49667128,0
6690,4301.443406,37.52417565,0.35394018,0.33086346,0.704403617,0.109600792,83.98735698,1623.233673,40.28937419,10.37807333,0
1896,604.2943521,4.831709237,0.93925911,0.936418993,0.633792172,0.876886097,6.478358288,97.58282982,9.87840219,5.64422823,0
2412,150.7107426,2.96061441,0.798354668,0.716932527,0.952912484,0.513999274,47.50523435,96.16102289,9.806172693,10.88377626,1
2591,2201.939422,20.00624659,0.480836009,0.441559484,0.874291849,0.195035683,104.9352828,925.4140842,30.42061939,9.798295585,0
9708,456.2487234,5.883514211,0.757820441,0.704080585,0.931463431,0.495737701,37.06626066,229.5005338,15.14927503,10.73543299,0
7237,140.1732567,2.069252607,0.937881705,0.929949595,0.704026375,0.86480839,7.18162895,29.05657113,5.390414746,6.940302969,1
8219,389.6467904,6.728820863,0.659684959,0.590988794,0.926047067,0.349285202,43.80674734,292.670839,17.10762517,10.6040382,0
183,2939.744219,26.70516549,0.637048192,0.630541158,0.682583756,0.397635085,19.67312412,798.7249734,28.26172276,8.057388327,1
8433,3964.254779,41.77982639,0.295305998,0.281252678,0.717517997,0.079168689,48.78238026,1669.558368,40.86022966,9.709325246,0
4364,2958.910438,31.83082305,0.421136055,0.40742672,0.785868761,0.166075714,55.99797405,1412.016587,37.57680916,10.31914486,0
7765,460.2467012,7.313891505,0.652201776,0.588027514,0.93279058,0.345792824,53.06876697,312.0039081,17.66363236,10.88396251,1
3011,3546.341579,31.00780444,0.471350562,0.45010471,0.761312572,0.202717216,82.29123496,1304.45174,36.11719452,10.39739481,0
590,189.3049826,3.894071267,0.725618451,0.610959162,0.929880544,0.373287714,33.48864358,140.0355286,11.83366083,11.03603892,0
6622,2642.217604,27.56622295,0.450748981,0.430585993,0.812152138,0.185482726,62.54324409,1045.212782,32.32975072,10.44226215,0
7778,68.15981244,1.848653885,0.745149942,0.532685418,0.951055546,0.283761092,11.85622664,78.61791179,8.866674224,8.091931302,1
3645,3018.336577,29.12267449,0.453366462,0.434059102,0.801457003,0.188497848,78.00494438,1216.874512,34.88372847,10.49398949,0
1963,1717.584435,22.241664,0.424611022,0.389527896,0.832002237,0.151761866,31.76660693,761.4872839,27.59505905,9.171097007,0
8208,627.0882831,6.013246288,0.912586792,0.909430328,0.658517001,0.827067975,6.864960235,100.8205851,10.04094543,5.968352973,0
2395,439.9271446,7.471039557,0.57076041,0.444162984,0.921409486,0.197300124,49.80295195,341.6642533,18.48416223,10.49613877,0
779,925.4978545,15.64990512,0.515314102,0.488867258,0.857554396,0.239079682,31.84739923,448.6893062,21.18228756,10.20598065,0
1421,1192.129841,18.3433223,0.372045614,0.333049579,0.910694995,0.110943363,57.53204455,1320.78438,36.34259732,10.12576585,1
2606,4628.368414,45.58167253,0.323968782,0.313560199,0.641163814,0.098392108,52.85358105,1519.099081,38.97562162,10.31140589,0
2599,3463.117673,32.13146638,0.351087785,0.315069354,0.752138842,0.09939136,78.99925986,1440.803862,37.95792225,10.32414692,0
5541,1638.582849,16.68255701,0.565380328,0.516647091,0.851614482,0.266980407,75.48003947,646.7301793,25.43089026,10.69560149,1
1528,837.1999027,10.13653541,0.609187513,0.547703481,0.932165949,0.300000316,71.75967057,1031.436437,32.11598414,10.47666259,0
4001,1398.334224,15.74975282,0.720979129,0.714658585,0.820619482,0.51075739,39.00728745,497.0822681,22.29534185,10.53245098,0
6211,271.9280441,6.538915684,0.538292688,0.43549523,0.943769889,0.189668661,31.5501355,407.8024889,20.19412016,9.910076301,1
563,1417.05248,16.94709275,0.470029498,0.417757117,0.88091905,0.174556635,75.55337047,956.2499371,30.92329118,10.65699974,1
2152,9.493373652,0.065335408,0.999300239,0.999250562,0.644532447,0.998501688,4.117042299,0.867682895,0.931494978,4.159979041,0
95,3660.598091,33.24020994,0.427887933,0.409769233,0.75462106,0.167998267,75.18564169,1274.887367,35.70556492,10.43053623,0
1841,221.5304356,2.759608943,0.833363424,0.738032089,0.874561716,0.544698358,18.38227452,105.837034,10.28771277,9.662512219,0
1248,5075.158243,41.33394106,0.432081173,0.42027074,0.67673559,0.176790768,80.30459857,1963.165327,44.30762154,10.25783604,0
6266,2814.346308,26.29286252,0.463306956,0.432430431,0.79217639,0.187098423,82.44808911,977.9864224,31.27277446,10.55566348,0
5236,1869.14952,23.29922347,0.513493421,0.500428806,0.818159981,0.250457323,24.22992528,647.6359644,25.44869278,8.695213289,0
6834,321.1824073,4.264637194,0.901088755,0.896517445,0.763122582,0.803748074,6.637200838,45.20200421,6.723243578,6.11631314,0
4513,2453.417077,28.89093612,0.468103771,0.457033398,0.805225275,0.208896647,13.59033887,460.2284091,21.45293474,6.615396348,0
6418,2115.298979,18.12089802,0.576869042,0.524741366,0.841348628,0.27540462,96.40647498,713.3264525,26.70817202,10.13216186,0
5170,30.74843344,1.328058761,0.817750499,0.695901266,0.971712087,0.484283658,11.88356698,69.93564329,8.362753332,8.473451719,1
5578,150.4236124,4.258366171,0.727516077,0.670114659,0.936165566,0.449071831,25.98440221,139.3573452,11.80497121,10.5564185,0
4779,901.5578673,9.339144876,0.715105578,0.675466208,0.913919607,0.45628291,74.73384874,412.256949,20.30411163,10.6226717,0
2705,5055.765578,42.96907821,0.386176984,0.373768984,0.677043667,0.139835915,72.74745348,1538.816548,39.22775227,10.51754948,1
6915,104.1877488,2.601363413,0.749365314,0.609061067,0.963991481,0.370962661,31.22369584,109.7699103,10.47711365,11.01871978,0
2272,379.0207582,4.701397724,0.827014351,0.803059534,0.937545279,0.644909576,55.67598588,289.7934344,17.02332031,10.7395806,0
4212,591.4418512,7.163706914,0.804908791,0.781095814,0.887722583,0.610118703,38.34980559,230.5383033,15.18348785,10.58083325,1
8685,1446.707264,14.36116721,0.644287719,0.608604824,0.85424356,0.37045269,75.536051,533.5942954,23.09966007,10.78651736,0
8129,2136.749967,21.11467981,0.508631897,0.482981886,0.851528525,0.233330334,104.7324935,689.2623324,26.25380606,9.814929363,0
9595,181.0136553,3.968701737,0.731708102,0.639823747,0.930833218,0.409388234,30.14984047,155.5822652,12.47326201,10.75907572,0
1955,492.3511477,11.06578745,0.322955098,0.228754169,0.91516829,0.05234482,34.70676768,615.6931057,24.81316396,9.643792162,0
4959,3922.549267,35.02130022,0.425909114,0.407929958,0.735151767,0.1665164,77.48829146,1405.624163,37.49165458,10.40165521,0
944,80.85932044,2.024096835,0.860931145,0.781441345,0.934604956,0.610656441,22.32487645,81.52601436,9.02917573,10.50909261,0
3376,4327.174847,42.8687679,0.331292339,0.319099146,0.66824437,0.101885117,36.15031201,1333.592849,36.51839056,8.884154663,0
5169,1073.44651,12.1083091,0.756009659,0.746880201,0.849639244,0.557839236,38.15609245,339.0420268,18.4130939,10.75139753,0
6281,1929.880895,20.4993932,0.629026532,0.619194898,0.797408867,0.383441446,45.91107977,766.6713248,27.68883033,10.45907234,0
6648,1973.876404,18.03802521,0.751648907,0.747027061,0.73326419,0.55806167,11.93547757,345.3796509,18.58439267,7.339869869,1
1981,1561.84653,17.99299011,0.545607944,0.51577054,0.874798627,0.266065833,72.93230296,861.95836,29.35912737,10.76833216,0
992,4203.541134,37.10621613,0.446556881,0.434212202,0.728143317,0.188690047,73.03974895,1591.697962,39.89608955,10.36083403,1
8961,301.6004404,5.30424601,0.71942826,0.65696539,0.935932125,0.431613855,29.07888296,301.4838012,17.36328889,10.46231963,0
4403,2246.898616,21.24773809,0.586344204,0.564629658,0.830093985,0.318860442,75.40863018,715.2884432,26.74487695,10.67686901,0
7655,498.2140524,5.533507645,0.903592002,0.901536691,0.84524266,0.812769484,7.695800822,101.2039695,10.06001837,6.123209931,1
4394,1818.23554,17.03245972,0.574739804,0.530669253,0.851422042,0.281668873,86.88341551,681.548169,26.10647753,10.68054917,0
3346,61.83708426,1.302271502,0.905366281,0.838221806,0.811235682,0.702620247,8.23503091,17.8738744,4.227750512,8.162775853,1
9853,1427.967098,13.36472131,0.666258243,0.632979568,0.886887205,0.400697152,92.87416019,495.8741772,22.26823247,10.42069701,0
5564,3546.758188,36.77780599,0.366701391,0.351958125,0.714478417,0.123957007,38.78638293,1118.512218,33.44416569,9.506550413,1
7716,3685.469725,34.01333966,0.420895358,0.404966387,0.774437327,0.16410286,85.78596094,1217.189592,34.88824433,10.33327503,1
6089,179.4903217,3.56306902,0.735924699,0.630970926,0.940112881,0.398135778,33.79746297,141.5100868,11.89580122,11.00592962,0
8312,1431.077895,16.09711633,0.559153803,0.516038925,0.873646624,0.266332753,63.51089819,610.2591447,24.70342374,10.79563673,0
7569,328.7756703,3.281677325,0.94735492,0.945457986,0.668632933,0.89389585,8.499410176,50.42296214,7.100912768,7.696212231,0
7825,86.14486373,2.047931649,0.80157969,0.695317927,0.956824932,0.483475453,31.43935063,106.406971,10.31537547,10.93288959,1
2425,2545.256928,27.97508879,0.500411112,0.489549722,0.789039217,0.239688779,25.72956005,588.676657,24.26265973,9.473241756,0
8537,2883.02217,24.82119839,0.551481833,0.530716627,0.795057428,0.281728632,92.44285035,819.2501478,28.62254614,10.44640781,0
8,3030.868085,32.12532354,0.472775796,0.462460281,0.767292268,0.213948217,27.52130661,933.1356633,30.54726933,9.032756798,0
5431,5424.317416,42.55972576,0.397941572,0.383402296,0.679477627,0.147158748,93.44914791,1974.901227,44.43986079,10.21944868,0
4719,580.7643305,7.781226642,0.676499199,0.58565254,0.887484339,0.343037556,64.65873209,211.9762413,14.55940388,10.56232108,0
2037,3833.22249,32.15107289,0.469563474,0.448633222,0.747561363,0.201407177,88.10686236,1415.773629,37.62676745,10.28703746,0
835,1419.287695,15.07209755,0.542342761,0.50483137,0.890668233,0.254908487,95.67667159,555.5452556,23.57000754,10.29394362,0
7536,322.6530661,4.751533579,0.857624883,0.841283739,0.883921024,0.707762927,14.38425396,176.1340568,13.27155066,8.591160255,1
5667,208.9293827,4.55989088,0.668635933,0.5532832,0.941622155,0.306134405,23.18449619,237.1256828,15.39888576,9.693271456,0
3949,2077.310166,19.68932164,0.561420714,0.523703384,0.823737212,0.274322463,80.28764351,700.7375225,26.47144731,10.70445106,0
1276,1143.134011,16.02017676,0.593279744,0.573534005,0.876379519,0.328959503,30.67682008,607.7880234,24.65335724,9.525042967,0
5972,2060.346052,21.31176902,0.593924106,0.577422257,0.805471627,0.333462718,70.93111427,680.7447981,26.09108656,10.68732313,1
452,2108.415588,19.02440945,0.654142439,0.638329969,0.824872439,0.407507257,76.96398861,718.8589834,26.81154571,10.73486677,1
1068,112.6908157,3.382073811,0.727847142,0.660257341,0.948765199,0.435952846,18.18927013,148.8402768,12.20001134,9.362357506,1
206,494.1288669,5.284891133,0.908173226,0.903268528,0.619705182,0.815901983,7.215492344,56.58865106,7.522542858,6.69029856,0
4198,916.5709043,13.12770583,0.701835799,0.694178518,0.904824333,0.481894605,8.658084086,225.8026054,15.0267297,5.370874184,0
7302,1698.951761,16.23404753,0.541231548,0.481542282,0.857805762,0.231940612,87.64872644,795.8622643,28.2110309,10.66253683,0
8252,3322.18328,28.62671183,0.434381729,0.404431631,0.792831109,0.163678713,93.8736626,1235.823442,35.15428057,10.06133787,0
5854,183.0442036,3.921902414,0.682078114,0.532006381,0.941615491,0.283043235,34.10858678,160.031416,12.65035241,10.80192225,0
1642,4111.915325,36.24699392,0.474471538,0.464483941,0.717459567,0.215841464,75.1208413,1223.414078,34.97733663,10.5823006,0
8882,4750.591176,39.66487125,0.400604831,0.383925481,0.701395514,0.147533419,84.39541722,1730.115893,41.59466184,10.31803146,0
2732,2150.396408,23.52635726,0.501973252,0.478945112,0.830769032,0.229417384,38.99970556,909.0551574,30.15054158,9.626971223,0
9103,1112.818186,10.95473994,0.591582677,0.512345948,0.90314918,0.262525652,98.30051216,413.5914624,20.33694821,10.47761069,0
1627,1276.880603,13.80453259,0.662904197,0.634244943,0.878422649,0.402296595,64.80625141,635.3504476,25.20615892,10.73825874,0
7806,21.89395902,0.435165242,0.964604013,0.911782403,0.861431771,0.831347463,5.288872493,6.116558148,2.473167634,5.785595073,0
9538,3102.845977,32.27357336,0.483093069,0.473812038,0.742060528,0.224561638,23.95724673,824.3576486,28.71162915,8.378376248,0
3587,2893.304787,31.02068631,0.435646307,0.421459949,0.7860997,0.177689048,43.38855973,935.2879958,30.58247858,10.21094436,0
5742,2217.488818,19.92230995,0.590669686,0.560839264,0.821464914,0.314602789,86.43227618,723.9536229,26.90638629,10.67858265,0
2983,1051.951689,13.40421798,0.511113055,0.439542312,0.88931578,0.193228614,66.35013291,586.1475824,24.21048497,10.70419534,1
1742,2140.159533,20.47700872,0.70456392,0.699520492,0.746605214,0.489353198,15.59452036,533.0828567,23.08858715,8.30279143,1
4925,3451.876805,29.66082498,0.515169717,0.495896026,0.745089828,0.246017609,86.40533213,1301.536113,36.07680851,10.49314109,0
2158,2865.437059,26.97591074,0.53916189,0.526631595,0.815300806,0.277400011,94.78758184,1109.939587,33.31575583,10.28642619,0
7784,2151.954895,21.34426994,0.504130174,0.473444397,0.83162921,0.224217502,82.42410242,776.0774285,27.85816628,10.70579352,1
5285,2478.448882,23.08278096,0.454263385,0.406230674,0.799251895,0.165099499,78.2426346,893.9441347,29.89889855,10.73518606,0
8260,2693.603854,27.63274475,0.569634412,0.561721122,0.752032278,0.315554639,17.99391489,602.0799204,24.5373169,8.161859926,0
9892,115.6325021,2.651941523,0.835773261,0.756071124,0.911204028,0.571648305,26.33149442,52.89876197,7.273153509,10.84873621,0
5244,227.9913431,4.410313502,0.718763564,0.600433837,0.931051449,0.360538192,50.36630125,135.1859053,11.62694738,10.59812638,1
8645,1542.916379,17.27855345,0.521431348,0.475214402,0.882111132,0.225855149,77.33568588,603.0709134,24.55750218,10.64130984,0
248,5657.554266,43.67749037,0.444259904,0.434205239,0.663517114,0.188707842,84.91778081,2215.403067,47.06806845,10.32005866,0
6133,2343.641005,26.62819597,0.506178272,0.494636921,0.798777441,0.244725579,35.034952,874.1162171,29.56545648,9.884037298,1
9515,1214.970589,12.59283771,0.658618439,0.627062483,0.901381652,0.393236612,79.15683881,660.5395178,25.70096336,10.77443682,0
2125,3084.392968,27.80969707,0.45709266,0.425270889,0.790463198,0.180935978,84.46633731,1077.940568,32.83200524,10.50102669,0
6497,529.0057391,7.888786962,0.732664743,0.70226651,0.876161791,0.493201609,42.09702725,232.032562,15.23261508,10.78129427,1
1282,1173.527377,13.35320563,0.769392699,0.765114369,0.832207682,0.585407281,9.881551094,241.7145926,15.54717314,6.570175129,0
7934,2702.612178,25.15810242,0.611590499,0.602786449,0.789216497,0.363396991,80.68162185,884.6557854,29.74316368,10.56093037,1
41,3850.91194,34.75418594,0.467069854,0.455137686,0.715196699,0.207269411,68.60824942,1355.891652,36.82243408,10.47470303,0
4326,1373.382342,16.23270533,0.479527357,0.423757374,0.870561538,0.179603149,63.51125596,523.9024997,22.88891653,10.86926045,1
4647,1450.90477,15.72868397,0.533045814,0.475839614,0.884292645,0.226466358,81.4137252,705.0211713,26.55223477,10.79438427,0
7332,1470.573927,14.77241058,0.576594993,0.529662823,0.861893185,0.280587286,78.21608484,602.1979384,24.53972164,10.86611569,0
4541,4986.934164,41.09343391,0.414700337,0.401876623,0.704158931,0.161716394,83.62392264,1692.034307,41.13434461,10.41037305,0
5966,2193.720245,21.63173484,0.604377989,0.576548718,0.818162743,0.332437854,71.74669467,583.2557425,24.15068824,10.8049899,0
558,1707.905414,20.93783194,0.569710427,0.558391291,0.858950148,0.311817531,11.32362082,325.1375643,18.03157132,6.115831334,0
1682,253.3039256,5.886001837,0.467157282,0.299395173,0.954599144,0.089652483,35.77566029,554.0036809,23.53728278,9.364425873,0
9416,2625.819023,29.07735761,0.452363548,0.438811162,0.798217683,0.192614871,64.35139616,1302.768558,36.09388533,10.39687257,1
7932,550.9052948,8.105022727,0.610513196,0.532627496,0.930875392,0.283709585,50.78690594,572.4016105,23.9249161,10.3395679,1
3086,1337.381839,14.1647305,0.772937388,0.768872519,0.799523329,0.591177284,12.48841417,304.4471106,17.44841284,7.604179523,0
5740,825.0507077,6.795626878,0.88129605,0.859983744,0.89427372,0.739580498,73.53668595,527.156839,22.95989632,10.51139536,0
9631,1292.302332,16.95130069,0.501201682,0.463205506,0.858034788,0.214591299,47.75799272,594.0548481,24.37324041,10.56168886,0
2562,2117.0588,20.51782749,0.550647687,0.515720884,0.812882701,0.266038019,79.15116434,761.9610926,27.60364274,10.74039927,0
6099,1099.922886,15.45550532,0.582899157,0.560876797,0.889041578,0.31459955,19.59622333,464.8107686,21.55947051,8.079927527,0
5771,3251.639631,30.45081624,0.448823128,0.426719967,0.766374062,0.18217396,84.4414311,1042.922485,32.29431041,10.56476546,0
8400,2205.751181,20.94364937,0.586020859,0.56120869,0.831659927,0.315021947,84.94226318,806.691616,28.40231709,10.67469549,0
5575,1184.636152,13.98220967,0.622111993,0.592487968,0.883793733,0.351073841,63.9977179,545.1427661,23.34829257,10.72379783,1
5521,727.5672295,9.547461333,0.685801072,0.642951758,0.905527371,0.413398546,53.24935878,347.2166751,18.63375097,10.83256945,1
2990,1598.713796,15.88195216,0.761411062,0.757079874,0.759520183,0.573180719,9.637584974,249.7902701,15.80475467,6.406801233,1
5582,364.587358,6.458366645,0.624467158,0.519114922,0.923804959,0.269503644,43.19699137,208.7786463,14.44917459,10.74645607,0
5196,2845.349819,31.60861506,0.422587851,0.409574116,0.790830526,0.167826839,50.52793266,1289.028382,35.90304141,10.22213112,0
8095,149.9697525,2.806067524,0.831883877,0.75179811,0.943410121,0.565203554,38.39274112,155.6753084,12.47699116,11.01171949,0
6914,1897.892414,18.56369224,0.490925077,0.443021444,0.867150607,0.196337072,85.10873606,837.3607498,28.93718628,10.55354554,0
2136,2406.390689,23.13724748,0.580843192,0.563402976,0.808027713,0.31748647,74.36235034,859.9119612,29.32425551,10.64741061,0
9007,1949.383917,17.73707782,0.645483709,0.621893508,0.847018299,0.386793122,90.587752,644.515179,25.3873035,10.49105834,0
9306,2190.050703,20.38417805,0.511976007,0.471257586,0.840505283,0.222145923,91.54023545,793.2197488,28.16415716,10.39808392,0
575,2645.77668,23.96770426,0.478781568,0.448830726,0.831499801,0.201517039,95.74215518,1037.582643,32.21152966,10.03392741,0
1883,1752.930369,14.76111926,0.729481137,0.671325561,0.89200529,0.450709144,59.47294403,1116.966358,33.42104664,10.54097821,0
3282,3525.78196,29.43584294,0.420135412,0.389971868,0.795063094,0.152230511,86.29465522,1198.392935,34.61781239,10.18994351,0
3786,767.5204703,10.04092337,0.531084519,0.415769165,0.889927832,0.172903945,75.82583924,293.8302501,17.14147748,10.94257938,1
5672,603.8100182,8.112526956,0.632887528,0.52527242,0.912047522,0.27593537,65.42427541,276.5477991,16.62972637,10.85235968,0
4561,1461.539396,17.22443663,0.599446973,0.572220417,0.840023814,0.327473177,60.2583213,421.8828267,20.53978643,10.76771562,1
6556,789.3498787,10.91015846,0.573459246,0.514294263,0.916596015,0.264517491,60.02065197,419.6124648,20.48444446,10.85715226,0
5223,139.4590295,2.994230543,0.745754603,0.618821184,0.954679079,0.382951041,35.79818505,150.092512,12.25122492,11.08314138,1
8736,209.8426735,3.606547688,0.742482199,0.592295734,0.956583435,0.350820259,58.69331077,124.8087602,11.17178411,10.61524797,0
209,1657.354776,21.02885536,0.567679802,0.556988788,0.858106326,0.310246058,10.70395224,255.0857402,15.97140383,6.427989989,0
6132,1769.241083,21.67083577,0.444669086,0.414918299,0.839964113,0.172212865,77.60698349,610.2980146,24.70421046,10.75148257,0
6658,3803.477838,32.13338306,0.449694044,0.427164887,0.762199922,0.182615596,82.38924195,1415.382885,37.62157473,10.30535372,0
5409,898.0334724,10.90852463,0.618784731,0.555706648,0.882132786,0.308836262,68.844644,274.4725504,16.56721312,10.6913068,0
2694,2236.467046,20.74644062,0.526903992,0.495902719,0.848585757,0.245981085,86.36094894,865.1780283,29.41390876,10.46170718,0
2899,3771.714766,33.485821,0.462207679,0.444396152,0.718547999,0.197600049,71.38814109,1335.055625,36.538413,10.42367623,0
9989,1452.938529,15.84251667,0.542498667,0.497606657,0.880401545,0.247663757,75.8328208,699.5928693,26.44981794,10.76224102,0
1345,425.3529846,5.760331021,0.767177081,0.713203114,0.918774297,0.50866973,48.05788752,291.4987066,17.0733332,10.77268557,0
154,392.8685383,6.353930141,0.67104171,0.599996897,0.930830034,0.360017238,44.99759432,362.0829901,19.0284784,10.63604325,0
2617,1676.267241,16.93449414,0.526490993,0.481699582,0.877021743,0.232076402,80.52010294,690.8632698,26.284278,10.58122713,0
1765,2013.515605,21.50690746,0.57656069,0.560039259,0.829852624,0.313684029,59.81860308,747.0171415,27.33161432,10.61871057,0
5952,3379.867666,29.7530116,0.444293635,0.417085804,0.760002684,0.174061073,90.22965651,1118.407728,33.44260349,10.27718519,1
4730,1111.481653,13.47520435,0.620018257,0.588390202,0.901788773,0.346226541,60.06744964,817.9254726,28.59939637,10.45812994,0
7044,945.7929196,12.62606872,0.67856216,0.659534587,0.856645364,0.435003775,53.39329458,269.4588253,16.41520104,10.73735762,0
5442,3499.112764,28.83179228,0.544692449,0.530426046,0.763042653,0.281437321,92.71135431,1252.416256,35.38949358,10.2711653,0
2565,646.9615394,9.404380035,0.648767547,0.578397962,0.873138584,0.334579997,38.40982264,259.0938731,16.09639317,10.76776405,0
9754,4240.160907,38.14037228,0.383774489,0.368823596,0.740512534,0.136153464,73.55662553,1724.501666,41.52711965,10.34296268,1
296,181.6131481,3.065384618,0.824328263,0.762990397,0.922809045,0.582164395,32.43910751,134.0636146,11.57858431,10.90688469,0
9696,716.0505997,9.360691933,0.681656594,0.64345244,0.910093753,0.414047361,55.48101266,305.7904125,17.486864,10.96730363,1
8667,672.4057728,8.182455872,0.680784441,0.622735615,0.913174585,0.387826471,66.54440422,252.926916,15.90367618,10.7194554,0
9099,2878.414484,30.99952261,0.49168004,0.48282873,0.768802767,0.233146583,11.44525043,411.9573405,20.29673226,6.037076006,0
5507,612.1977863,7.293969755,0.775658763,0.732653747,0.883269798,0.536802707,58.4919035,270.9367818,16.4601574,10.71073888,0
2792,3386.472257,32.16011187,0.420611209,0.400649894,0.777325064,0.160599304,80.43668364,1094.761488,33.08718012,10.48628357,0
1850,1338.497674,15.05422199,0.613366525,0.582978695,0.859055672,0.339892559,59.78430256,578.7451786,24.05712324,10.79106162,0
9580,1040.768639,14.14767784,0.519780245,0.473989792,0.90762475,0.224697789,41.81100431,951.5833354,30.84774441,9.797312567,0
4526,1293.982684,12.51575882,0.572736936,0.506336645,0.903414422,0.256408582,94.80330393,623.6906027,24.97379832,10.30213687,0
1979,41.17592068,1.145853956,0.834982382,0.680357761,0.958986026,0.462889561,17.90893889,54.36863906,7.373509277,10.22240413,0
743,4738.954344,42.45032853,0.422975601,0.414370299,0.644745907,0.171803842,77.97716991,1320.480384,36.33841471,10.57422849,0
360,1276.902476,14.05192637,0.485745794,0.423078343,0.904735603,0.179033043,96.17701453,607.9578777,24.65680185,10.08653662,0
8687,2091.840583,19.34366149,0.482311208,0.429671943,0.854164627,0.184680242,91.4260242,880.4184822,29.67184663,10.23439475,0
6589,1643.645828,16.46285987,0.586953794,0.548916005,0.858978862,0.301359462,80.44251388,658.1004056,25.65346771,10.77074669,0
5703,272.0025272,4.265294279,0.86144418,0.844583716,0.880262417,0.713332035,30.44439589,134.727111,11.60720082,10.72209898,0
357,2031.579688,22.37691204,0.604201101,0.595480218,0.797541072,0.354617145,14.6922146,376.1645663,19.39496239,7.34159875,0
190,409.7971688,7.718785069,0.62136851,0.538452085,0.883119685,0.289953712,34.76136313,193.5566838,13.91246505,11.04688553,0
2361,670.1558415,9.307120969,0.615398694,0.53375001,0.898148064,0.284921927,68.66968125,341.6367334,18.4834178,11.05681403,0
1880,31.08693726,0.234852971,0.996524309,0.996353747,0.460750996,0.992720815,4.100551517,0.524133564,0.723970693,4.140013188,1
8628,3086.767021,35.46975083,0.277175676,0.258423303,0.761482184,0.066829254,101.2301042,1467.249281,38.30469007,10.11170762,0
9705,3200.998765,30.87827508,0.381458491,0.358290741,0.798831836,0.128458023,95.24589159,1292.617364,35.95298825,10.13501569,0
3285,502.9805316,5.642241894,0.896124553,0.893470003,0.828054172,0.798290025,9.701151658,162.2267435,12.73682627,6.813520378,0
1674,1951.463076,17.40708656,0.532996686,0.471753853,0.855721626,0.22259148,90.99464715,806.6668181,28.40188054,10.41639108,0
7303,912.2727871,11.14631827,0.777329279,0.771575087,0.848818201,0.59533543,10.62381256,203.9725091,14.28189445,6.616805624,1
6616,166.4253865,4.032950431,0.750680105,0.689650149,0.923472611,0.475632576,25.40311498,137.0730598,11.70782046,10.6363759,0
5281,1509.13145,17.0957616,0.576522649,0.541563053,0.843319483,0.293333545,62.91993075,662.0864692,25.73104097,10.60770443,1
1523,1986.410392,22.35469726,0.481008154,0.456525839,0.868649066,0.208469593,74.68029759,1081.384353,32.88440897,10.56695842,0
1823,3515.33248,30.14610228,0.383191192,0.350984747,0.781617133,0.123292927,99.86165691,1340.172053,36.60836043,9.883746804,1
9145,1095.307389,14.51948177,0.549554327,0.501207365,0.859825044,0.251227699,34.90531554,554.6357408,23.55070574,9.734782589,0
1362,3245.060054,30.35187337,0.462101372,0.444864971,0.798090062,0.197989243,89.13930575,1179.575511,34.34494884,10.23796496,0
4228,20.80696551,1.060725708,0.794196014,0.461538035,0.955060849,0.213032384,9.595490716,25.84183643,5.083486641,8.370768261,0
8930,1588.632308,20.36536511,0.41429952,0.369981054,0.798202736,0.136956001,51.98821254,753.5047272,27.45004057,10.31866969,0
8652,2433.076348,23.52384498,0.485590462,0.453176914,0.804197998,0.205450753,77.71456272,856.3438724,29.26335374,10.70879163,0
5470,256.3817213,4.512903494,0.705532303,0.620422895,0.9463223,0.384933808,35.5640935,263.5481116,16.23416495,10.65123245,1
4670,5566.417586,50.01537682,0.324910367,0.314807682,0.588226125,0.099174693,38.42678486,1853.572063,43.0531307,9.091233073,0
2230,44.57979019,0.794948896,0.91346571,0.773121251,0.89068174,0.597720506,12.82751658,14.61999469,3.823610164,10.75393795,0
5979,4822.941018,45.34278531,0.350124287,0.339636595,0.666866435,0.115421529,76.68778542,1424.174729,37.73823961,10.43483425,0
3716,3152.773523,29.49830424,0.501826507,0.488615199,0.787905809,0.238833216,82.57017299,1151.947364,33.94035008,10.52411621,0
8595,2285.43128,21.67608596,0.689710388,0.684189417,0.735474489,0.468162007,30.49336879,1083.458494,32.9159307,9.520646466,0
7917,256.8936951,4.519611058,0.801327249,0.77895528,0.903853133,0.606774478,8.007660521,66.64936916,8.163906489,6.673283165,1
7154,1084.828848,12.15758917,0.690146817,0.667260086,0.888750465,0.445256658,62.26151903,432.5858384,20.798698,10.68911883,0
6798,647.8287347,7.335746667,0.717338845,0.650951196,0.919082824,0.423743143,65.41703834,320.926525,17.91442226,10.70656276,0
1620,2450.164573,22.95907417,0.496509576,0.461180633,0.794729761,0.212774499,84.85323419,858.1148256,29.29359701,10.61162339,0
4576,1998.985111,20.40921738,0.51768847,0.478779569,0.832718918,0.229299247,76.40166865,693.5219519,26.33480495,10.77398314,1
8273,1011.943113,11.40657635,0.67377771,0.642004658,0.88165386,0.412199509,58.77846668,468.8538003,21.65303213,10.67730427,0
4268,1845.996499,20.57356405,0.568781127,0.552415279,0.832300726,0.305225998,61.75302267,787.4173817,28.06095832,10.56001003,0
2864,3998.841952,35.51564901,0.474082413,0.463378107,0.728686337,0.214819517,83.41210788,1333.521062,36.51740766,10.40292871,0
1956,2074.778787,22.25340092,0.5336771,0.512869932,0.828527681,0.263090529,65.83042461,753.2619963,27.44561889,10.76668726,0
3669,32.16464811,0.824384927,0.892673682,0.685480677,0.890449399,0.469892634,6.57254761,11.36647597,3.371420468,7.358730616,1
1441,2198.423102,23.63697309,0.464050475,0.43506687,0.819920696,0.189347987,54.94755098,771.885519,27.78282777,10.73698497,0
3158,2842.104769,25.95284141,0.569896308,0.553507072,0.806160977,0.306429369,76.9445772,869.9245684,29.4944837,10.55682966,0
7256,2261.91665,23.70497573,0.538720786,0.519387168,0.815908143,0.269806994,58.28932938,721.7858948,26.8660733,10.78540764,0
5559,1592.50302,14.81817539,0.667538802,0.639492268,0.864097735,0.40899625,82.91673482,569.2986204,23.85997947,10.74935271,0
5924,916.410337,8.435624479,0.755292819,0.719479016,0.906099847,0.517664441,93.01303702,400.5247557,20.01311459,10.77010696,0
8665,1171.600665,12.89788247,0.63142132,0.595097534,0.888384851,0.354170489,75.90402848,512.7545211,22.64408358,10.92666679,0
4177,1402.030208,16.7770906,0.485513212,0.437678079,0.864975432,0.191616985,69.73866974,763.8703343,27.63820425,10.60164023,0
674,1051.129236,12.52000694,0.704149917,0.683040884,0.872177657,0.466564305,20.46560903,435.3169604,20.86425077,8.217252992,0
1155,23.38325036,0.171935178,0.99734605,0.997015164,0.266194304,0.99403925,4.056255795,1.349805942,1.161811492,4.051046844,1
8900,77.47075333,2.233672824,0.673756631,0.492909188,0.942251658,0.242966884,15.60952097,81.87455853,9.04845614,9.536985094,0
762,1971.449477,20.52707473,0.566850746,0.54335505,0.829397813,0.295298998,69.25247187,762.5994015,27.61520236,10.64988487,1
4678,285.9486557,4.551450942,0.730884059,0.630988244,0.939797534,0.398159235,53.41857599,189.674307,13.77222956,10.67433151,0
9026,1472.25771,18.06280987,0.525454261,0.48672268,0.865435994,0.236935594,51.91084,894.6634267,29.91092487,10.43645611,0
790,2410.012561,21.50904412,0.506188962,0.46844234,0.836189649,0.21953493,95.40229885,821.0663987,28.6542562,10.01777132,0
1557,18.79585623,0.989039292,0.828636729,0.724218361,0.974751312,0.524494795,6.611166228,22.78808509,4.77368674,6.534568986,1
8800,678.262461,8.923406637,0.666534293,0.604234332,0.896175799,0.365126462,49.26895923,325.690036,18.04688438,10.68949161,0
3199,52.68651732,1.719516363,0.788229438,0.606832123,0.960381734,0.368253484,27.76790253,60.72504713,7.792627742,10.6308517,0
3070,831.0678305,9.027552271,0.753815271,0.725977791,0.8946097,0.527057234,66.21629138,373.13245,19.31663661,10.66876016,0
1176,3635.438682,30.94230714,0.55960662,0.549919134,0.745871867,0.30253683,84.76545536,1429.976821,37.81503433,10.34106005,0
4167,2071.341844,18.03727125,0.486393839,0.429387037,0.865262538,0.184434685,114.8929732,718.1270035,26.79789177,9.291169019,0
9276,3523.941474,31.14581226,0.507808701,0.493722805,0.756407982,0.243873596,83.16232094,1161.563331,34.08171549,10.5403108,1
3874,1287.149619,15.44282827,0.654290737,0.63293651,0.823075981,0.400627924,28.61139857,425.424743,20.62582709,9.889950587,1
5043,667.6127817,9.868859656,0.642140782,0.597933678,0.928229608,0.357550446,36.01021927,767.6770631,27.70698582,9.077630726,0
261,3025.502524,29.33036615,0.480014234,0.463809648,0.784914905,0.215190864,62.51929653,1061.80146,32.58529514,10.52157158,0
6121,2414.705228,27.63664907,0.385504983,0.356713635,0.790853768,0.127299735,64.997353,927.9970939,30.46304472,10.5616671,0
2394,3298.060738,29.38650369,0.445479082,0.415108092,0.794021535,0.172406714,86.97904416,1307.708638,36.16225433,10.31423319,1
6990,1564.657323,17.7224143,0.535910299,0.505900879,0.873389624,0.255965974,57.67443598,929.7973198,30.49257811,10.40278997,0
2355,612.9632385,8.833885729,0.601067268,0.537677695,0.927440636,0.289120155,60.19177595,481.9674896,21.95375798,10.85889206,1
3072,1326.645019,12.98377118,0.654597249,0.618977652,0.890572912,0.383148117,78.0271197,417.9298287,20.44333213,10.79145504,0
4299,3190.998224,35.28317811,0.367182662,0.353712303,0.771035374,0.125191762,49.11982953,1311.768042,36.21833848,10.23304534,0
371,1341.372886,16.30836655,0.68754567,0.679741513,0.808445158,0.462072955,20.10916537,345.8811771,18.59788098,9.407207422,1
7215,799.2976935,7.095945841,0.905634651,0.901760153,0.644473201,0.813173907,5.591303393,66.28207217,8.141380237,5.004137961,0
6253,3076.722403,30.86048174,0.448882766,0.432774796,0.766445942,0.187386422,69.13546306,1158.178854,34.03202689,10.58488929,0
8421,1760.578924,15.40808442,0.568378826,0.512080944,0.880607342,0.26228991,108.714423,725.8873759,26.94229715,9.256107633,0
222,383.1007192,5.084226156,0.799100543,0.742936813,0.905723989,0.55196388,55.00131441,188.5651928,13.73190419,10.64275053,0
5830,36.51313527,0.278750473,0.995372372,0.994987398,0.30924506,0.989999967,4.037748162,1.056075767,1.027655471,4.032464945,0
5317,4721.918025,43.20860663,0.390404032,0.381215856,0.6590949,0.145433465,60.49356223,2021.308011,44.95895919,9.955049186,0
8658,882.5328124,11.88012064,0.727524927,0.717580351,0.828156133,0.514932238,15.94630279,184.6259661,13.58771379,9.18282969,0
1133,753.2936966,8.475003314,0.59636446,0.479612029,0.926023794,0.230047605,84.52678084,408.9284588,20.2219796,10.73278867,0
8995,1648.603588,17.17105641,0.51479059,0.464528747,0.864431503,0.215839482,81.00632276,563.1474911,23.73072884,10.66257407,0
471,2131.078385,22.17589041,0.550883402,0.527287586,0.823811948,0.278073229,57.68807543,819.8751712,28.63346244,10.53287553,0
570,90.10562075,1.933268478,0.81403355,0.699928453,0.968722808,0.489904345,41.12206639,105.9429545,10.29285939,11.25880991,0
9361,1600.998307,18.46597873,0.627610727,0.611509633,0.779078142,0.373968635,26.6840271,485.0206921,22.02318533,9.517617006,0
1143,5347.813252,46.49363851,0.348878936,0.337944234,0.640381135,0.114364874,71.0720627,1876.830844,43.3224058,10.29816315,0
1284,3028.079269,28.38128422,0.391568372,0.359820396,0.799387672,0.129559881,96.78153098,1174.387994,34.26934482,9.934512177,0
9393,577.7409932,9.6837976,0.613719393,0.560587042,0.902366239,0.314272516,27.98863685,383.3564757,19.5794912,9.679751305,0
2554,132.3374342,3.054860736,0.72685749,0.609198962,0.957035505,0.371135877,34.31749148,153.4422567,12.38718114,11.03272304,0
982,641.2315376,7.094313654,0.876316314,0.873614019,0.823433735,0.763204465,7.774884669,114.0792866,10.68079054,6.212735397,0
6644,1792.411662,16.33464063,0.771814954,0.766964925,0.777335065,0.588296369,11.71136442,407.7313953,20.19235982,6.674118477,1
3695,2707.463585,24.54351288,0.495666346,0.463767177,0.825943902,0.215151269,90.36009376,1076.567862,32.81109357,10.21565492,1
1612,1977.713193,23.94144883,0.509341078,0.49572371,0.825312733,0.245762258,20.11862129,513.6389941,22.66360506,8.109314473,0
9443,3558.052326,34.93722374,0.474075264,0.4650849,0.71275047,0.216357994,24.00133189,904.8593609,30.08088032,8.49057291,0
9454,2728.654175,26.65723362,0.499984484,0.47858564,0.789109259,0.229143239,69.6758133,950.6398346,30.83244776,10.59022883,0
8973,846.3357207,10.65554771,0.567482758,0.503980902,0.925493305,0.254020082,79.49699891,671.4331282,25.91202671,10.77981031,0
1542,3776.492804,33.21900135,0.415687825,0.395072525,0.758923229,0.156224602,87.13234087,1299.236167,36.04491873,10.36893461,0
1416,73.68773582,2.249647136,0.73446199,0.559966271,0.955958303,0.313570605,15.83151748,129.8401746,11.39474329,8.536844434,1
8998,72.9691766,1.357905419,0.863174414,0.695723152,0.90529793,0.484035368,13.5804669,31.81028267,5.64006052,10.09102537,0
8201,2125.046395,21.94238353,0.485241141,0.441897167,0.816562832,0.195327497,66.71770806,941.1191705,30.67766566,10.49934255,0
8079,1281.085061,13.10943805,0.642999992,0.607283809,0.898909677,0.368838073,80.09086642,742.8697797,27.25563758,10.71064768,0
5850,3859.629024,34.1570973,0.42985788,0.414015703,0.763519338,0.171526488,106.4605829,1322.800126,36.37031931,10.02052891,1
9280,3438.63397,28.77068916,0.587376419,0.577554785,0.748683728,0.333675092,80.52312139,1123.387719,33.51697657,10.47023125,0
4927,1419.728002,16.51544068,0.671608221,0.661753053,0.848624359,0.437933825,39.8006116,668.206085,25.84968249,10.21662239,1
1108,1141.940914,13.233703,0.668460695,0.640392116,0.843958254,0.41013108,49.49506358,432.5657572,20.79821524,10.72869687,0
4234,98.7471205,2.777673765,0.759219116,0.674013232,0.950348081,0.454302686,15.65331974,130.5876608,11.42749582,8.84952756,0
6946,226.7162122,3.973986042,0.779688523,0.69803938,0.906767899,0.4872775,34.7444917,127.0083803,11.26979948,11.01942827,1
1392,3345.080749,36.24127844,0.38571805,0.374075937,0.723708355,0.139974755,23.3571298,832.8098403,28.85844487,7.922448008,0
8695,215.5331114,2.958736616,0.914959789,0.903400175,0.706399374,0.816135988,11.20696378,54.37567933,7.373986664,8.698982464,1
105,526.3431533,6.402822403,0.802485607,0.783192744,0.936026851,0.613397232,47.342947,330.5913038,18.18216994,10.85468644,0
1361,1015.460807,9.943354776,0.716357437,0.667321851,0.896444805,0.445338933,73.44927013,372.3290857,19.29583078,10.5847361,1
8835,4682.280663,37.81855752,0.402324559,0.382196928,0.720020405,0.146194758,96.96030551,1656.748383,40.70317411,9.982235992,0
3404,1935.670065,18.5669246,0.575960751,0.53088371,0.848851287,0.281884434,80.23880531,703.8287378,26.52977078,10.80276358,1
5994,2010.678312,16.17253327,0.721848747,0.705176852,0.823777139,0.497313136,103.6741016,571.0856917,23.89739927,9.981241052,0
5894,4367.762711,36.44924083,0.412449822,0.391351948,0.720543044,0.153267255,96.19888589,1428.806509,37.799557,10.13811194,0
1225,357.0565089,5.305898588,0.812349032,0.784928085,0.915920676,0.616118325,30.16310102,298.4828734,17.27665689,10.15960185,0
258,2875.821593,27.73534456,0.528789137,0.516384662,0.791420677,0.266729538,63.01304732,963.2984145,31.03704906,10.52586587,0
7331,3435.610141,37.65921634,0.293473353,0.276658393,0.705818739,0.07660842,95.99337238,1403.808217,37.46742875,10.18984408,0
8505,3180.218938,31.47032947,0.524978351,0.515787737,0.684247601,0.266074063,22.35735354,553.7309453,23.53148838,9.43902556,0
5501,2483.731332,22.63161909,0.512479553,0.477215248,0.813533952,0.227820595,81.10767485,943.8704225,30.72247422,10.56491551,0
9543,21.10907288,0.142179554,0.998650284,0.998457044,0.690304108,0.996916474,7.260662795,21.51565523,4.638497087,7.148504833,1
9665,674.0204412,9.795900609,0.583361126,0.521063407,0.904820587,0.271536162,50.87435746,498.2228529,22.32090618,10.49181137,1
1893,371.1571223,6.175401126,0.708697787,0.655281585,0.923392471,0.429403912,45.72915507,193.6308621,13.91513069,10.85341836,0
540,1207.041104,13.67006297,0.624774777,0.589295778,0.868067498,0.347309361,52.30573556,489.0347206,22.11412943,10.67209352,1
5136,239.6842709,4.758894283,0.698154182,0.616022105,0.945554131,0.379504051,39.26943473,200.8178869,14.17102279,10.75858641,1
6135,2920.112591,26.97812773,0.442556806,0.414388779,0.817425401,0.171806814,98.70008629,961.8733243,31.01408268,9.995865287,0
5381,2565.249076,24.14615676,0.514996564,0.482763821,0.800954897,0.233147431,87.69415888,764.6755734,27.65276791,10.49887177,0
4622,1728.106958,17.64369094,0.503676137,0.455281343,0.87438272,0.207330901,81.91861113,806.3225756,28.39581969,10.72301941,0
7542,286.5684512,3.721622434,0.901848608,0.89468644,0.909986258,0.800466339,34.56933599,239.1311647,15.46386642,10.82536823,0
459,1385.014321,14.18588476,0.671362991,0.652379594,0.875095816,0.425653477,88.23610098,479.3851581,21.89486602,10.64169436,0
9311,3191.356086,31.94842842,0.49692239,0.486952687,0.763517909,0.237192868,30.1464284,1130.50602,33.62299838,9.150442298,0
2335,1969.495863,20.95014072,0.582689536,0.56439675,0.815555912,0.318610126,65.14752752,790.622231,28.11800546,10.795263,0
5936,1454.962645,19.18018926,0.48465412,0.4490794,0.879686459,0.201702022,55.30120419,1100.840637,33.17891857,10.05627881,0
48,4835.687667,40.16055725,0.438864237,0.427959324,0.695362697,0.183266162,80.1456731,1596.831018,39.96036809,10.43404776,0
901,2543.317607,25.9544402,0.513780738,0.498018141,0.799043296,0.248083356,63.85392066,726.7267697,26.95787027,10.51527399,1
146,1411.429515,17.78049162,0.587881897,0.567980905,0.802789258,0.32262315,33.31905521,532.9757755,23.08626812,9.686500139,1
1527,3511.257292,30.15454818,0.402089112,0.368961183,0.771395477,0.136251602,95.5985969,1203.692135,34.6942666,10.08272709,0
2627,986.3044086,12.28957321,0.636744148,0.60084068,0.912384619,0.36102074,47.11758055,670.7951064,25.89971248,10.54491285,0
2712,855.7488292,9.715241913,0.735803071,0.711126035,0.891354797,0.505730014,66.35428339,446.8930565,21.13984523,10.74065415,0
6850,2476.823477,22.84847261,0.55994659,0.535527215,0.80841763,0.286855204,78.98847113,881.5531666,29.69096102,10.65337339,0
9903,986.202556,11.63197656,0.739409118,0.725079745,0.888446262,0.525757059,49.74756534,520.7950499,22.82093447,10.72862574,0
2625,2368.367042,21.72430497,0.471129731,0.433153904,0.844067317,0.187713395,103.3715522,717.0903759,26.7785432,9.721442246,0
1951,1756.600089,19.19519352,0.483012123,0.446576908,0.868160868,0.199485962,77.00389384,755.6560971,27.48919965,10.64010841,1
1832,1507.148884,16.18060201,0.50036226,0.441431331,0.89392873,0.194904135,92.64154121,821.9244602,28.66922497,10.13101874,0
5060,3610.177797,34.47403181,0.505857271,0.497967948,0.706349011,0.248012318,65.61519825,840.6585716,28.99411271,10.61162031,0
2572,3423.693039,31.68158762,0.466329495,0.449792701,0.747144507,0.202431039,81.83698143,1106.248178,33.26030934,10.57572923,0
376,287.9013182,6.225729338,0.57397043,0.466661223,0.935109906,0.217792112,24.42046269,337.7583631,18.37820348,9.56270019,1
8339,1228.885639,13.14227961,0.642400612,0.612919409,0.89200528,0.37569787,75.54753,631.7536627,25.13471032,10.81161018,0
7322,1855.287211,20.03928998,0.574687679,0.555137125,0.849337634,0.308223821,55.90012669,858.6150676,29.30213418,10.60501101,0
6005,570.8167443,9.099436504,0.679108299,0.6455955,0.908912121,0.416824904,29.73881513,306.523437,17.50781074,10.52734813,0
2035,3289.610812,29.82678553,0.525874019,0.514783503,0.765034538,0.265098293,73.65056234,1290.644556,35.92554183,10.40180258,0
2091,3646.338795,30.55079733,0.519757746,0.501802643,0.76097355,0.251906515,89.76401088,1119.897628,33.46487156,10.38433273,0
1549,2445.647883,22.28626282,0.519086976,0.490421387,0.838543605,0.240576765,82.21525606,906.1547292,30.10240404,10.48673304,0
5383,1001.83161,10.11542938,0.688624135,0.642581616,0.909875279,0.412938726,77.50713938,474.8043844,21.79000653,10.81253692,0
7731,155.6660971,3.237746017,0.748108322,0.61311332,0.951380856,0.37591974,42.01067545,118.269709,10.87518777,11.0407952,0
7168,2287.257277,22.82179276,0.443396565,0.409759814,0.855563357,0.167956417,91.02997125,1108.122415,33.28847271,10.06406706,0
4242,758.3963508,10.7720979,0.567300003,0.497607013,0.892634286,0.24765362,53.31160752,437.8626538,20.92516795,10.67964021,0
9423,944.1806059,12.46885615,0.64729885,0.61935387,0.884169146,0.383606322,20.73820336,442.3070598,21.03109745,8.357583406,1
2774,2946.2245,25.56424857,0.481916432,0.445627531,0.791987116,0.198669878,91.79889697,1013.88029,31.84148692,10.26560531,0
8797,1174.526424,11.73986954,0.622915687,0.579300238,0.905121675,0.335621587,94.22554013,463.8665308,21.53756093,10.46950287,1
6887,5552.356252,46.16050024,0.372822446,0.361719305,0.668990652,0.131000146,90.36373576,2131.464831,46.16778997,10.37648694,0
6466,9.40870925,0.28861102,0.954216929,0.810374324,0.888217474,0.656708829,4.470638742,1.471792849,1.213174698,4.632321622,0
4096,2957.267117,28.56269797,0.399960483,0.375927727,0.820120536,0.141391612,103.6477232,1155.429819,33.99161394,9.894485542,0
7157,82.39450491,1.736648475,0.896939822,0.870069397,0.943834057,0.757022145,9.004077675,84.96473857,9.217631939,6.696118658,0
7083,1219.240157,19.34867112,0.345990418,0.294806237,0.890443419,0.086921411,20.20492397,610.1494134,24.70120267,7.469136216,0
5927,3128.953308,27.74910832,0.432876504,0.392261098,0.789539591,0.153944596,95.31391403,1046.141164,32.34410555,9.991223524,0
738,1774.189773,15.63201425,0.575837941,0.515827285,0.862357679,0.266137074,95.92890103,608.0129101,24.6579178,10.27187649,0
1873,233.4313062,4.443500701,0.718294202,0.611928279,0.934510207,0.374469123,37.74939568,153.7292323,12.39875931,11.10654848,0
3325,760.1673635,10.99369994,0.514959536,0.423949932,0.90799682,0.179762582,61.15040222,528.422927,22.98745151,10.89782072,0
1262,370.9696091,4.560361828,0.911576028,0.907947869,0.666368029,0.824372343,6.333687219,35.7246131,5.977007035,6.151921755,0
2493,3722.648703,38.91288736,0.365753147,0.35455657,0.714774938,0.125739882,19.4151017,675.7790844,25.99575128,7.86528411,1
1426,4824.794909,43.35402701,0.406354873,0.397431489,0.669908323,0.158035552,73.46305718,1298.837176,36.03938368,10.56578562,0
4266,1810.713165,18.13470657,0.684904741,0.674693511,0.820045077,0.455236685,68.43816946,513.4487676,22.65940793,10.73238326,0
6531,4675.275126,39.323521,0.427710631,0.414845866,0.708530441,0.172237879,85.75833593,1746.26283,41.78830973,10.31431098,0
4716,1827.403334,20.86996162,0.504273031,0.47310196,0.844329841,0.223858645,66.14557306,538.7406474,23.21078731,10.70041767,0
9476,2021.007443,21.8358609,0.511350809,0.483253864,0.817423054,0.233595271,70.71920454,716.1236433,26.7604866,10.70710691,0
7426,154.921558,1.456993321,0.975220854,0.973472603,0.508346678,0.947650697,4.575710383,8.554257981,2.924766312,4.640129569,0
8723,1881.551868,21.18800428,0.571200207,0.556368689,0.831276608,0.309554334,19.99973846,420.9874024,20.51797754,8.539214333,0
1129,582.3635504,8.461836538,0.621849496,0.546379267,0.903683261,0.298556731,52.85953906,372.5739186,19.30217393,10.61053295,1
3454,2655.385717,23.64294289,0.56120594,0.534319611,0.781590531,0.285586498,78.91891431,1020.993084,31.9529824,10.70459882,0
7713,922.6391942,9.967299279,0.828681349,0.824258079,0.782497888,0.679405534,15.70661046,228.0876003,15.10256933,9.151781526,0
993,1538.533603,15.0927892,0.581628691,0.540396606,0.870261869,0.29207928,86.56805424,569.1878507,23.85765811,10.71971137,0
8136,4059.494404,38.92644387,0.419505232,0.40944135,0.681927176,0.167701646,33.89389296,1118.486224,33.44377706,9.644652252,0
5721,3021.579698,26.18565181,0.50041472,0.47313986,0.796711932,0.223945419,90.07404413,1048.046306,32.3735433,10.23606891,0
6792,732.7194455,9.145075629,0.613905304,0.526200591,0.894833541,0.276917677,64.81691591,286.8849453,16.93767827,10.79323863,1
2221,3036.910585,26.16203615,0.526892513,0.49695061,0.778298446,0.247047993,92.07946477,935.382817,30.58402879,10.47073805,1
271,3034.071145,26.84999492,0.566683698,0.554251734,0.776562912,0.307272743,73.37131395,1115.311483,33.39627948,10.50576936,0
1904,3021.863927,32.58256262,0.463714587,0.453877366,0.738381511,0.206037543,40.42180436,832.4585381,28.85235758,10.17658515,0
4204,817.3339032,10.92817391,0.603674769,0.549447865,0.889188553,0.301920472,62.30263952,353.7323979,18.80777493,10.77900581,0
3481,967.6658707,10.0584734,0.650844112,0.586001905,0.900032943,0.343421321,72.57908486,352.7036827,18.78040688,10.60627364,1
2134,2198.38068,17.81949872,0.645358664,0.614599078,0.825977845,0.377782291,104.9042464,728.8969073,26.99809081,9.559777303,0
624,56.05154368,0.808295214,0.979632966,0.978752429,0.82358678,0.957956905,12.78125558,60.26499975,7.763053507,9.110579061,1
9541,3166.911377,26.16323707,0.525438114,0.504067362,0.799848858,0.254180373,106.5678076,993.9115454,31.52636271,9.737123967,0
1768,1356.389077,14.70330383,0.586397705,0.536157901,0.879804681,0.287493445,78.63403294,533.8424673,23.10503121,10.74953351,0
6784,148.6440725,4.093035182,0.552780332,0.350722904,0.946517958,0.123027517,42.00290423,122.2238873,11.05549127,11.15180516,1
730,1186.050105,11.65914305,0.598933873,0.509404373,0.880436044,0.259530488,82.29649422,442.493194,21.0355222,10.84875523,1
1978,2835.426125,23.00612529,0.536441826,0.5020817,0.813756526,0.252161097,105.9428195,944.4536744,30.73196503,9.603230457,0
2269,211.8527323,3.712866815,0.765502637,0.610281163,0.92982455,0.37245986,54.01595218,111.816909,10.57435147,10.16011039,0
7164,2832.877559,26.96909964,0.497704956,0.478302174,0.787483289,0.228835496,74.26796042,1023.108064,31.98606047,10.58720933,0
1912,3840.858021,33.61671624,0.473039727,0.458413758,0.736865373,0.210266863,75.48247334,1266.001881,35.58092018,10.52778239,0
7790,2090.951359,22.78033228,0.478064479,0.44303038,0.850527059,0.196325587,66.23633148,1073.825904,32.76928293,10.54796098,1
7233,769.8739881,9.965072883,0.669899218,0.632109178,0.888771196,0.399590676,73.32558581,292.3180188,17.09731028,10.70389259,0
7496,1009.33024,13.78793881,0.606224796,0.580349086,0.902802414,0.336821043,42.72120935,640.8159591,25.31434295,10.31035489,0
7869,2741.331185,31.2704242,0.399841526,0.384680416,0.805914203,0.148047319,45.11334531,1365.316816,36.95019372,9.728775357,1
6544,2354.3346,20.32859129,0.580613694,0.535175634,0.8435266,0.286474455,89.907393,985.5612467,31.39364978,10.26929658,0
8349,1228.026544,12.37378043,0.547593923,0.461522574,0.881134509,0.213047018,75.38652161,411.2624072,20.2796057,10.53439636,0
5311,5618.852061,45.2041112,0.428776618,0.420610383,0.654210135,0.177097114,88.64128792,2486.000772,49.85981119,10.35499345,0
7254,1530.366338,16.18786218,0.605987106,0.578511535,0.861870774,0.334720266,70.4346146,584.4713095,24.17584144,10.61720087,0
6225,3136.920195,27.74125937,0.476489173,0.450344648,0.798684572,0.202886245,92.61350957,1206.075785,34.72860183,10.23258446,0
4353,2717.33479,25.72759681,0.553999921,0.539997334,0.808974177,0.29167495,73.02224775,862.1007046,29.36155147,10.56072364,0
1254,856.0849859,11.30474742,0.645682699,0.612941307,0.892251449,0.37571467,45.22302412,368.030982,19.1841336,10.68801816,0
5214,2600.613686,29.30380012,0.477930263,0.467143615,0.775022242,0.218254594,24.40307831,664.3175639,25.77435865,9.016029679,0
6108,6161.886711,49.10233892,0.413956165,0.406034087,0.581502222,0.165043205,88.17887433,2670.633026,51.67816779,10.31336312,0
3871,4053.119003,38.22901559,0.391260984,0.376910618,0.6849042,0.142152115,46.79445996,1166.924234,34.16027274,10.1121044,0
6576,3189.124992,28.18670327,0.558485335,0.546173385,0.759464158,0.298412713,77.28849183,1094.118787,33.07746646,10.60108148,1
2267,355.1781297,5.436883601,0.632655105,0.488984025,0.931029589,0.239128158,63.7904358,177.1733491,13.31064796,10.45997539,0
9843,1711.270393,15.60354183,0.62986495,0.591690146,0.864642826,0.350142906,89.13547797,601.0507963,24.51633734,10.5675153,0
3563,3444.322868,32.79874375,0.473038058,0.459548237,0.749697746,0.211242927,60.05694727,1043.553481,32.3040784,10.57311043,0
6169,1994.385636,21.67057366,0.541321288,0.519174019,0.820077673,0.269584231,50.13808753,855.9226502,29.25615577,10.33900745,0
9139,561.7654194,6.353162483,0.830829668,0.817398192,0.909230622,0.668143859,60.18821757,291.0396985,17.05988565,10.83127965,0
9307,1116.870621,11.93639523,0.66824718,0.627589444,0.881477604,0.393903685,80.32177599,450.5307386,21.22570938,10.75327641,0
6554,3290.48172,28.57764286,0.494894812,0.469287673,0.782033774,0.220325331,89.88461907,1241.163037,35.23014387,10.27659447,0
8532,1483.311507,17.03063493,0.557103161,0.519127515,0.874678581,0.269534082,57.94818042,933.1291779,30.54716317,10.21523519,0
2176,147.8092638,2.872283023,0.808107329,0.736021732,0.951582909,0.541733212,34.57560861,190.5876488,13.80534856,10.9379008,1
4831,1455.18314,13.33201314,0.601301563,0.547475073,0.895376732,0.299767876,98.24347377,556.332553,23.58670289,9.987033896,1
1716,2046.270651,27.60554011,0.343621458,0.31952964,0.783408163,0.102128925,19.74001857,579.163036,24.06580637,7.417089277,1
1789,4442.158489,38.94886338,0.407585941,0.39421123,0.712796691,0.155532688,75.05394441,1541.729122,39.26485862,10.43596307,0
9765,1594.656867,20.49324092,0.458541632,0.42660762,0.856438036,0.182039096,48.68410223,793.3012266,28.16560361,10.38401184,0
9172,1529.948862,17.58935185,0.512689103,0.471343479,0.890372211,0.222200403,62.20143098,902.891255,30.04814895,10.48820692,0
2656,1591.096922,16.4042278,0.49646168,0.446968194,0.889550018,0.199824118,92.20274327,754.6037709,27.47005226,10.11794574,0
1727,516.3588012,7.710118337,0.76923304,0.751607282,0.868489175,0.564927837,24.05801971,246.109378,15.6878736,10.21767924,0
4061,1861.099749,18.79461109,0.645811877,0.632545359,0.848117024,0.400150734,74.24212147,665.1916495,25.79130957,10.72384207,1
6639,914.7424874,13.00893721,0.649506097,0.632564782,0.897469949,0.400155796,29.96173694,481.8549252,21.95119416,10.13611918,0
6889,1637.505008,18.43878043,0.56385895,0.540231897,0.834105622,0.291942783,65.98521517,720.1589207,26.83577688,10.61317966,0
4621,1366.603631,20.57870363,0.480468135,0.463174586,0.858048852,0.214561,30.08184584,708.5812323,26.61918917,9.2856025,0
1460,258.0924571,3.521444092,0.845425424,0.78413444,0.931926995,0.614874061,63.00395542,120.9619683,10.99827115,10.26933938,1
2522,2270.860921,21.06184374,0.704893044,0.700345703,0.746312807,0.490524606,16.95094301,695.0204367,26.36324025,8.087248494,0
4373,354.3172821,2.930616399,0.959556001,0.956227789,0.48477371,0.914373181,4.642905318,26.40841075,5.138911437,4.440194899,1
7781,4144.323023,37.19811258,0.453740305,0.44274026,0.718388297,0.196112784,94.85982528,1227.190412,35.03127763,10.35445704,0
7452,4352.801148,39.00428525,0.420975563,0.409741078,0.702339529,0.16799094,70.59784579,1341.090378,36.62090084,10.5270717,0
1132,1507.222395,17.45376424,0.682177297,0.675337685,0.824675929,0.456095983,16.30766191,355.3751168,18.85139562,8.084513095,0
8641,1132.386254,14.44040577,0.53999752,0.484180251,0.889100907,0.234462454,59.31504253,715.8517567,26.75540612,10.79127274,0
3044,2312.765897,21.38664623,0.55475012,0.520747995,0.831248281,0.271238546,82.73750995,957.2879387,30.94007011,10.57698138,0
9913,2928.501961,27.8834477,0.452796394,0.424506251,0.795955596,0.180280188,82.86052785,880.4754436,29.67280647,10.61809575,0
7069,392.9677394,4.74719158,0.901272427,0.897897639,0.822134193,0.806221449,12.08378603,108.1145708,10.39781567,8.59507123,0
2049,361.4896194,6.243530435,0.665207084,0.589523873,0.923230488,0.347552708,35.81156264,297.732992,17.25494109,10.54396735,1
8804,1358.360747,12.28875202,0.677662808,0.649859969,0.898977862,0.422343221,101.9922595,450.2565602,21.21924976,10.20666961,0
5083,2200.10754,23.07576576,0.547911877,0.530137688,0.806024173,0.281103891,61.4317687,853.6781582,29.21777127,10.69165174,0
7022,1846.695158,20.17754056,0.589004818,0.57337443,0.858537841,0.328793132,62.84574862,770.6190578,27.76002626,10.7605467,0
9153,447.6666464,5.820426126,0.83478989,0.819532497,0.921363239,0.671640043,33.51565543,408.592107,20.21366139,10.40752105,1
2061,114.7125219,1.624550643,0.963070036,0.961787205,0.774717829,0.925035787,7.179346,41.679713,6.455982729,6.693930937,0
7196,1745.641548,19.32369082,0.53094926,0.499471017,0.84221009,0.249519161,69.19018119,830.6775579,28.82147737,10.61774476,0
6631,2267.775035,26.43149955,0.491386838,0.477383425,0.756373026,0.227916231,37.01131401,721.4459816,26.85974649,9.446927661,0
876,270.7764369,4.217129965,0.739164341,0.636914858,0.956764442,0.405666532,44.23770303,272.5427583,16.50886908,10.85256795,0
7416,96.02872184,2.920517948,0.727766042,0.554243202,0.934179531,0.3072162,25.41787419,76.27770221,8.733710678,10.47010412,1
1296,40.32215992,1.211206535,0.875290628,0.765599303,0.936862738,0.586146276,10.44625512,37.22500687,6.101229947,8.748461416,0
5796,2511.241598,24.41704894,0.507494114,0.484008951,0.800501586,0.234360931,79.64890166,887.7706033,29.79547958,10.67751663,0
1597,3463.547282,36.14327782,0.346766153,0.329562738,0.762065493,0.108694702,42.41700752,1262.372153,35.52987691,9.83963311,1
1203,1486.372757,19.19052824,0.511912643,0.483362638,0.830622533,0.233760061,39.71173385,563.8005565,23.74448476,10.3838116,0
1787,243.4735815,4.06524892,0.800674109,0.728395194,0.778662164,0.53056619,9.452343196,43.42880781,6.590053703,8.109194393,0
9978,2884.152594,33.74344357,0.336342824,0.318046446,0.71781573,0.101229303,47.07300257,1114.606135,33.38571753,9.977519682,1
822,1555.405423,19.39438174,0.459802855,0.413859033,0.874093095,0.171328937,60.14910459,767.9694593,27.71226189,10.52140915,0
892,4432.805767,37.09768049,0.451610037,0.438978377,0.714359766,0.192812921,84.43199162,1680.788145,40.99741632,10.34555582,0
8497,1549.07742,19.06244858,0.505345998,0.47681651,0.865440472,0.227409572,66.47177498,748.1523071,27.35237297,10.65385638,1
244,787.4340262,11.44300529,0.527934092,0.46649439,0.889837113,0.217634587,30.43791955,457.3064586,21.38472489,10.11520115,0
4227,1071.796378,10.89903699,0.753498819,0.730886659,0.883581661,0.534209092,70.4064735,337.5062806,18.37134401,10.63608058,1
1539,2950.028058,28.04682331,0.481778455,0.460170581,0.79160163,0.211820654,66.37419515,923.1975213,30.38416563,10.57636913,0
1331,3375.086687,30.1519866,0.47259108,0.454727374,0.785745001,0.206881111,84.62730159,1145.002927,33.83789189,10.34256707,0
5406,527.8742299,8.231060043,0.611048102,0.527698067,0.923822378,0.278508447,48.52001079,425.8045955,20.63503321,10.51497119,1
8953,1035.23782,14.78762149,0.47688279,0.424128338,0.890347869,0.179919403,52.66584022,770.244756,27.7532837,10.3504568,0
5940,2218.31545,17.89333164,0.658164323,0.6314828,0.819519875,0.398820462,91.31569146,813.484383,28.52164762,10.53718084,0
6586,1600.728716,21.37025441,0.455097299,0.430373975,0.83048152,0.185254046,39.79991327,788.0073985,28.07146947,9.91641492,1
4671,606.8937208,8.184839209,0.637648427,0.54439304,0.89402487,0.296406126,57.62606318,312.1962674,17.66907659,10.55797305,0
788,608.2585069,6.677304329,0.802013719,0.776672338,0.903311264,0.603226296,68.05857648,236.2395586,15.37008649,10.60778805,0
8906,598.0224281,5.484132471,0.916760087,0.908786612,0.871896516,0.825895695,21.57110948,375.0806603,19.36699926,9.51735346,0
1326,219.3819097,4.258391897,0.796248416,0.765654474,0.929735789,0.58623467,14.42190057,169.7881734,13.0302791,8.344141605,0
7911,972.0185161,11.40075528,0.758145135,0.749404433,0.87381803,0.561623551,12.82107581,292.3167992,17.09727461,7.199002849,0
4914,391.6737104,5.797845225,0.716358746,0.647329057,0.917054872,0.419048898,49.51583558,190.6637954,13.80810615,10.79281073,0
8954,2350.737641,20.15734287,0.741811962,0.735091491,0.639647407,0.540378597,15.68281677,387.2060053,19.67755079,8.706902502,0
5302,151.4249279,3.084248851,0.73912266,0.580783746,0.956851777,0.337315658,48.26489676,81.03771003,9.002094758,10.94466409,0
709,568.3187328,7.737718871,0.737813592,0.69854953,0.9239336,0.487983263,46.7970247,375.9182478,19.38861129,10.80142104,0
1950,183.1450717,3.673529362,0.756806055,0.651298345,0.938399367,0.424199882,37.18018624,171.886752,13.1105588,11.07380157,0
2635,1232.351524,12.73994072,0.747222098,0.733691917,0.840389514,0.538330207,70.99351351,389.1386967,19.72659871,10.55280703,0
1398,572.7281423,6.199438524,0.766415037,0.693877965,0.916575899,0.481479681,70.05678675,315.1672406,17.75295019,10.80314671,0
3434,311.0693717,5.462027853,0.730347558,0.675033162,0.92255796,0.455688068,38.97766366,221.8694332,14.89528225,10.75755035,1
1635,3041.548916,26.71025912,0.457875515,0.420747275,0.79642913,0.177177979,90.80031405,1016.610479,31.88432968,10.19465096,0
2423,3029.680381,27.38977538,0.492195181,0.469156988,0.805077816,0.22016814,77.20270468,1251.954322,35.38296655,10.30547675,0
2462,2975.350021,26.06776792,0.541922036,0.521790053,0.808564455,0.272326783,99.48654135,975.4935749,31.23289252,10.04609006,1
8586,1913.878757,19.99142995,0.579647158,0.558901603,0.815051612,0.3124185,56.13500838,639.8010357,25.2942886,10.63914739,0
5009,1960.944124,22.25092725,0.431724825,0.394488002,0.848109762,0.155690139,74.25192963,988.894704,31.44669623,10.50618703,0
6666,783.0858763,8.584319525,0.666887728,0.611645149,0.920419147,0.37412938,77.87648839,387.0314301,19.6731144,10.74052436,1
1687,1487.606071,18.85951624,0.508543533,0.472906289,0.807308531,0.22373371,42.72557937,536.6042618,23.1647202,10.61895723,0
5004,3531.79963,32.49598577,0.474935266,0.462559111,0.766951138,0.214056738,79.82746156,1320.192506,36.33445343,10.44976324,1
6222,648.2324069,9.962263453,0.62424609,0.577078485,0.885473802,0.333035541,33.30345347,354.5766174,18.83020492,10.57065628,1
9126,186.4214119,3.77194086,0.779260578,0.708280763,0.927662898,0.501672659,36.18041414,129.3129722,11.37158618,11.15259921,1
9164,1820.400021,17.60142919,0.562252664,0.528963501,0.874962485,0.27987642,82.02934597,807.8598661,28.42287575,10.5351333,0
4343,380.9164164,5.216256029,0.880775218,0.87571151,0.816503938,0.766874197,9.033372017,89.01920956,9.434999182,7.080372626,1
9206,879.1093745,10.19826996,0.75173848,0.723458726,0.883449324,0.523396135,45.70540504,393.2757113,19.83118028,10.75267333,0
1379,1972.075396,18.54688275,0.502069365,0.455909213,0.878300451,0.207898938,96.49939302,885.6181332,29.75933691,9.958865829,0
3914,213.9775912,4.063392465,0.793475386,0.73221504,0.910617804,0.536168326,40.61190563,104.7069996,10.23264382,11.24783035,0
8268,2768.366736,27.10768333,0.454652357,0.425430821,0.772711464,0.18113423,64.92127086,1115.414502,33.39782182,10.58425647,0
8085,1820.565323,19.54262582,0.522943789,0.490579049,0.836178531,0.240740889,69.84240674,692.6228615,26.31772903,10.72017637,0
1854,1397.669862,15.35775492,0.687412252,0.672650494,0.849435193,0.452481653,61.03366979,512.0343195,22.62817535,10.7204788,0
1371,2131.371348,19.07610995,0.613205697,0.584557018,0.84480276,0.341748298,99.98666452,691.8603032,26.3032375,9.947651143,0
8152,1096.292617,13.0909728,0.742705063,0.736185178,0.847251326,0.541985071,18.28190451,333.8599138,18.27183389,9.279318255,0
2613,3364.404538,32.19981367,0.45261844,0.436964187,0.748223686,0.191053459,73.58429735,1306.051666,36.13933682,10.43630958,1
6997,1289.395751,14.8602541,0.585722659,0.546243642,0.862546133,0.298418375,63.99397772,436.0318818,20.88137644,10.65605114,1
3211,281.7262613,5.6837732,0.666788081,0.590976555,0.930575575,0.349276852,39.52808806,246.9195064,15.71367259,10.85678102,1
2140,1294.160398,18.48555826,0.539959247,0.522962493,0.865661739,0.273511192,23.29132137,591.8288009,24.32753175,8.329275641,1
97,386.4696124,7.268773105,0.612294822,0.543867106,0.934685831,0.29581342,35.01841303,409.7044784,20.24115803,10.26960709,1
811,4102.015057,36.28206223,0.467106842,0.455864553,0.716263198,0.2079293,81.72997304,1478.008878,38.44488104,10.32185447,0
7890,1411.647464,14.39370332,0.576880673,0.520428821,0.882510795,0.270890902,80.16078959,680.9988214,26.09595412,10.73341052,0
2074,3678.670701,32.30922076,0.507427225,0.495420764,0.753099319,0.245522953,85.93157175,1108.578826,33.29532738,10.40872247,0
2641,335.2352889,5.015191883,0.818040715,0.790339018,0.910678196,0.624644118,29.881377,174.0985863,13.19464233,10.85908738,0
7075,747.3587797,7.965720531,0.731931125,0.683019143,0.919695666,0.466529628,70.77593701,408.6649518,20.21546319,10.84856145,0
7763,573.6913568,8.369222337,0.690376141,0.644118109,0.886177657,0.414912664,47.2196093,209.215995,14.46430071,10.73397042,1
3541,614.1339275,6.689436788,0.674046791,0.570596363,0.938557057,0.325590798,85.02946913,288.7412873,16.9923891,10.64947596,0
4216,213.2854148,3.155540864,0.807024748,0.689613512,0.905671073,0.475571982,33.08849747,83.61528736,9.144139509,10.90546596,0
3931,1496.184095,13.9357514,0.627058795,0.58158173,0.886817459,0.338260907,88.09425656,558.9453245,23.64202454,10.61667436,0
2927,2425.565045,22.57939572,0.604527854,0.58851602,0.791903561,0.346423541,81.23110745,642.3420277,25.3444674,10.80289171,0
166,5805.692212,50.01804689,0.365145151,0.35608844,0.544401145,0.126842604,30.92395629,1454.868594,38.14273972,9.037571492,0
7032,714.5205071,9.30706895,0.796679077,0.789744201,0.850749195,0.623704224,15.81520286,259.1131219,16.09699108,8.222825602,1
1689,4661.038859,37.27565677,0.461792413,0.447508902,0.72551447,0.200433861,93.0659591,1510.559525,38.86591726,10.2447773,0
8160,765.0939926,7.719560807,0.876405065,0.873563669,0.773155556,0.763118545,7.411852815,143.4159809,11.97564115,5.743103779,0
1980,1389.621851,15.51029497,0.580293875,0.542149637,0.873719795,0.293964796,58.77525505,548.1333404,23.41224766,10.85504467,0
9486,5217.249841,40.97060901,0.41690864,0.398459617,0.674292304,0.158920751,87.9256251,1855.953007,43.08077306,10.27221727,0
4365,1303.841914,12.85694383,0.632063653,0.59622528,0.893420976,0.355519121,92.82524039,472.911964,21.74653913,10.46319999,0
7851,1598.725688,17.34080525,0.53888343,0.50408308,0.849917987,0.254160636,74.49356656,706.1586541,26.57364586,10.78819432,0
3073,1297.200927,14.00042976,0.632329407,0.593966875,0.889763502,0.352817379,60.30285783,525.4179647,22.9219974,10.83779025,1
3314,1957.372012,17.72142279,0.570680213,0.525306338,0.861899299,0.275995724,91.88976622,796.5624393,28.22343777,10.25189769,0
7800,2678.977691,22.77375906,0.594177834,0.566367903,0.791811299,0.320843681,89.41220287,932.228941,30.53242442,10.50421486,0
1491,524.6810077,7.137167906,0.650073541,0.548916031,0.926847541,0.301339187,64.31399258,295.5691668,17.19212514,10.89022039,0
9808,2656.100632,25.16231342,0.474914618,0.439975294,0.817998268,0.193650409,86.80014408,871.9152907,29.52821178,10.43062716,0
4878,622.300521,10.63950838,0.46689391,0.36637533,0.920731559,0.134243504,28.40706405,591.3376611,24.31743533,8.87722103,1
6252,742.1171445,9.286259375,0.660657394,0.600472223,0.918917297,0.360580548,51.3319272,571.0791699,23.89726281,10.64624504,0
7388,784.0811665,9.358067694,0.678241908,0.63684631,0.929604214,0.405587847,65.21118296,607.4866304,24.64724387,10.79562553,0
7213,377.8735696,3.882837586,0.936978221,0.935327808,0.772557295,0.874838376,6.709215326,56.49054346,7.516019123,5.98459472,0
8454,2338.659228,23.94941529,0.584130177,0.572888941,0.798762984,0.32824866,50.83131891,838.1458627,28.95074891,10.6700946,0
2538,341.556565,4.759126285,0.516322564,0.339290507,0.969275036,0.115132576,96.73359375,749.8045249,27.38255877,10.12521394,1
5573,2389.073793,21.55524561,0.58748843,0.562320227,0.797780636,0.316271219,87.9650594,752.9187446,27.43936487,10.61987982,1
6552,540.1433632,6.545410438,0.726374442,0.654311498,0.922071096,0.42813796,60.77921982,262.9771386,16.21656988,10.73806623,0
2399,356.0554018,5.631276483,0.709192001,0.635590034,0.929374106,0.403992019,50.34527215,166.6043634,12.90753127,10.8920084,0
4702,1819.226487,21.45873788,0.513788897,0.492284703,0.862142853,0.242388676,58.16119842,927.8730227,30.46100824,10.50559167,1
7008,2920.004628,32.21005369,0.395169273,0.377400055,0.752328502,0.142487592,34.84451807,914.6148013,30.24259912,9.423659663,0
4335,3472.515928,30.42581463,0.504726307,0.485068266,0.755814492,0.235390994,83.54818384,1056.943008,32.51065992,10.56054941,1
221,819.5146879,11.44227781,0.628301219,0.589366783,0.869736964,0.347384319,44.97206884,454.2339141,21.31276411,10.54879972,1
8713,1638.420279,15.64097431,0.669637814,0.644510894,0.8609242,0.415424865,71.66580292,788.9746379,28.08869235,10.86826902,0
3584,1292.632253,15.52256742,0.616482658,0.58536966,0.847929276,0.34267524,21.65904793,493.0618328,22.20499567,8.180670765,0
7739,2966.046977,24.8698448,0.501717524,0.460009789,0.793521195,0.211695183,103.7083578,1035.9147,32.18562878,9.812975269,0
623,2336.131703,26.29686135,0.47558073,0.457671999,0.816654852,0.209486315,38.57770323,884.2945429,29.73709036,9.702594266,0
2413,3521.844241,30.09018036,0.466986798,0.43892629,0.766381769,0.192760574,94.38976161,983.1876091,31.35582257,10.12772633,0
6897,1114.629541,11.96030454,0.650638004,0.609063697,0.888729806,0.370984445,75.14597223,552.1518037,23.49791062,10.77180791,1
243,3705.578639,33.00576229,0.447881039,0.431547606,0.761519492,0.18635092,98.8620935,1194.223868,34.5575443,10.13418107,1
2367,987.2394987,10.13774188,0.780502861,0.761215474,0.854417617,0.579469886,75.4048323,405.5803804,20.1390263,10.81197079,1
934,153.3889833,3.020808597,0.85629402,0.81592199,0.888517921,0.665735547,11.61615705,73.24802675,8.558506105,8.531569531,0
9079,915.9937525,11.67216879,0.562356142,0.505635055,0.901061837,0.255694532,66.42916706,613.2710297,24.7643096,10.89619298,1
8829,88.62448521,1.907894845,0.831295733,0.658172453,0.96070172,0.433194308,43.88091758,40.74990349,6.383565108,11.54440984,0
9194,1632.095516,16.3949203,0.583294927,0.546447282,0.870382082,0.298648807,82.14724216,709.7392501,26.64093185,10.78560047,0
4599,2070.679172,21.36440327,0.521124736,0.487374415,0.826456813,0.237588197,73.65544986,710.9014944,26.66273606,10.61900261,1
6790,293.5388419,6.002088899,0.633964767,0.524147144,0.923538528,0.274755787,36.80585649,237.401273,15.40783155,10.87523768,1
7311,395.6526184,6.199444017,0.697221001,0.622618749,0.929277048,0.387680211,48.07155303,302.2758265,17.3860814,10.79435686,0
6215,135.4668085,2.985759766,0.717098784,0.583861267,0.966201484,0.340901541,43.66842436,149.8132633,12.23982285,10.78613069,1
5961,2569.669847,24.30676927,0.560572529,0.544775004,0.800660883,0.296862292,70.52986179,692.1884126,26.30947382,10.54790477,0
5644,931.7734524,11.71122061,0.641454306,0.592681661,0.858840675,0.351305516,55.44263668,379.9718759,19.49286731,10.77632045,0
4984,440.6587202,5.002668241,0.87571148,0.864311261,0.890751129,0.747040957,59.68469289,255.4322032,15.9822465,10.59355339,0
3486,3580.117643,31.60732598,0.519070947,0.504219804,0.723286049,0.254338433,73.15563443,1308.90293,36.17876352,10.46762449,0
9371,4044.712384,35.73922597,0.39840717,0.378928033,0.743653302,0.143669902,78.19130687,1315.957085,36.27612279,10.50166467,0
9293,1965.646997,21.04831649,0.507911805,0.473422128,0.858123868,0.224244802,63.26521106,975.5072468,31.23311139,10.6354255,1
3477,3966.16497,35.15164273,0.444572286,0.430144944,0.723844128,0.185165742,76.47089601,1256.688253,35.44979906,10.5454025,0
9657,3853.976673,32.27923623,0.506253711,0.492305866,0.752431621,0.242461689,92.45578107,1234.996505,35.14251706,10.29786928,0
8913,76.29607156,0.577591222,0.992112227,0.991568031,0.458287232,0.983207281,4.042274786,1.647835389,1.283680408,4.022946262,0
1008,905.18009,10.54688657,0.684909229,0.638035218,0.866655607,0.40711582,56.51895459,430.4721463,20.74782269,10.69595904,0
2278,1188.207655,12.18859192,0.634627986,0.587649712,0.882905512,0.345364844,81.74082902,437.0783136,20.906418,10.7158852,1
8959,1970.3698,19.1618099,0.508549922,0.464516591,0.846747695,0.215834229,79.938853,775.1924739,27.84227853,10.71281644,1
8313,371.1505837,6.792076747,0.689172899,0.646790686,0.92478446,0.418362523,46.89138368,295.9230774,17.20241487,10.59369062,0
6105,1450.799891,14.22092633,0.644657094,0.608659094,0.875637323,0.370491376,88.78913325,542.5023618,23.2916801,10.65006524,0
9572,2113.233466,20.68018494,0.556090032,0.520396559,0.79841459,0.270866681,76.46216769,708.1299593,26.61071136,10.74550199,0
19,2597.637289,23.77462807,0.507776194,0.476882985,0.820713511,0.227504111,89.74457295,951.8698694,30.85238839,10.24880313,0
4125,235.0775606,5.550319815,0.613140202,0.500078436,0.927144641,0.250099455,24.78337085,268.7255705,16.3928512,9.440292098,0
9218,2256.470793,21.91907717,0.511255762,0.471535216,0.8149919,0.222425688,87.81270742,821.9768497,28.67013864,10.59877761,0
3074,2834.512204,27.41717791,0.499778868,0.482951473,0.788259067,0.233341329,87.75886393,906.1207099,30.10183898,10.43107889,0
3942,683.0866627,6.770652319,0.79488204,0.765360675,0.925149651,0.585787455,71.44107389,335.5303906,18.31748866,10.73593404,0
4712,3167.141309,32.13903361,0.406063998,0.388289408,0.78295179,0.150848237,58.3069466,1341.787789,36.63042164,10.12509662,0
9542,761.5031079,10.02886272,0.667782319,0.630442939,0.907032511,0.397482284,45.42747102,472.6830403,21.74127504,10.63368225,0
1515,2090.755409,21.36947533,0.583234612,0.566305938,0.841252298,0.32074612,76.96588601,706.0651989,26.57188738,10.61278142,1
7614,1632.96266,19.30254245,0.549149023,0.52300287,0.850986424,0.273547921,38.18054342,679.0341596,26.0582839,10.12653383,0
4378,4189.646248,35.83107093,0.456089171,0.441361411,0.721969785,0.194924143,90.77723537,1217.250899,34.88912293,10.34186019,0
5601,3353.784109,31.63312779,0.424255508,0.403039683,0.781915674,0.162546931,73.50128817,1091.951911,33.04469566,10.63074654,1
4480,3596.357108,36.70735284,0.398935341,0.386928705,0.743904902,0.149774972,59.58992388,1260.873211,35.50877654,10.55711467,1
481,1290.449735,12.36637247,0.528287194,0.428447118,0.903623387,0.183607854,100.0490228,598.259106,24.45933576,9.688125308,0
292,1254.186973,12.31505218,0.645449734,0.595050848,0.883247872,0.354118362,76.38463994,550.8289123,23.46974461,10.7518498,0
5520,1511.835103,14.86389204,0.540914939,0.477108017,0.876623434,0.227683198,83.7238303,737.8992939,27.16430183,10.71712761,0
499,3336.0913,35.82782796,0.399521572,0.388174428,0.746561871,0.15070779,14.56469318,481.4571398,21.94213162,6.928601487,0
9263,546.4430173,7.923056994,0.625439518,0.561867918,0.94239579,0.315715834,66.76168787,425.3826195,20.62480593,10.80100243,0
3203,503.507047,5.479685551,0.860262891,0.838143539,0.909982677,0.702492376,63.10058078,398.7043913,19.96758351,10.75341054,0
2054,3372.50377,31.69668225,0.468830304,0.453984959,0.77002009,0.206222941,71.49169516,1065.92272,32.64847195,10.60301779,1
8640,1085.840105,12.90937053,0.728171875,0.715939845,0.858876873,0.512590481,37.19693833,550.6495151,23.46592242,10.20069641,0
9992,5374.021864,45.78352248,0.41558314,0.407383906,0.616288793,0.166116199,66.53578947,2684.793456,51.81499258,9.902094409,0
868,3449.813023,29.10760789,0.527675729,0.512535642,0.774806246,0.262786731,82.05346149,1015.002546,31.8591046,10.55111767,0
6378,375.7066193,6.605436479,0.728471528,0.696690421,0.930659504,0.485384829,11.65020735,188.6105122,13.73355424,7.133912252,1
9187,3029.81579,26.54535921,0.482176489,0.445569455,0.777094056,0.198636814,86.83070689,988.3659569,31.43828807,10.61412327,0
9615,2519.526221,24.85168509,0.619794409,0.613122294,0.770128146,0.375962315,23.86731366,819.5541335,28.6278559,8.503725891,0
5600,2153.759399,27.54701655,0.406560713,0.389826287,0.83127607,0.152003019,28.31559406,821.4979369,28.66178531,8.731669018,1
5731,18.04667783,1.088905804,0.787466537,0.66073535,0.990240445,0.436572524,8.256410256,59.07569299,7.686071362,6.664316452,0
2666,3375.845023,32.67261149,0.401007219,0.377493216,0.756365545,0.142585489,69.10873108,1138.203079,33.73726543,10.51473826,0
5718,3181.133238,26.70766193,0.515788435,0.490711277,0.775099251,0.240879367,96.07478868,1215.522062,34.86433797,10.10104681,0
3974,131.4324601,2.068995322,0.903515746,0.881512678,0.951958051,0.777065785,43.70151566,192.2292247,13.86467543,10.89995249,1
1303,3029.635621,28.39743081,0.493674046,0.476275888,0.798982008,0.226982941,82.6460473,1127.661347,33.58066925,10.42296631,0
4667,1361.592926,14.35608321,0.553443045,0.500264607,0.893901298,0.250304956,86.39592601,672.7027603,25.93651403,10.72408913,0
5619,3798.391436,35.36338438,0.471407218,0.461990243,0.745718859,0.213518992,73.90964147,1834.126186,42.82669945,10.35995804,1
6646,2787.13904,23.69300207,0.613712538,0.600034098,0.795264274,0.360104585,83.81151691,928.721305,30.47492912,10.52310455,0
9557,159.6482904,3.676746705,0.748567321,0.683835576,0.942805437,0.467641452,29.29547889,140.2608816,11.8431787,10.97832109,0
5510,2218.768415,21.03829345,0.441617626,0.377275159,0.802073695,0.142426847,80.47631272,1007.608949,31.74285666,10.59182772,0
9695,1275.857444,12.12167013,0.605887689,0.55535702,0.914025963,0.308453254,100.9582726,727.350071,26.96942845,9.47988504,0
9015,1036.900487,13.79183786,0.669747371,0.657232049,0.860422718,0.431965258,18.64292853,293.6711082,17.13683484,9.175661694,0
9756,1675.973715,15.99435832,0.493813264,0.445428562,0.896830068,0.198448389,110.4440398,749.4661827,27.37638001,9.550270105,0
7627,597.2699116,6.439948423,0.811498802,0.791070445,0.918545409,0.625799971,60.63768071,330.6649337,18.18419461,10.59649433,0
4497,2578.588973,31.51860928,0.359021227,0.341791183,0.778829171,0.116855119,22.32300826,686.1713784,26.19487313,8.419708238,0
8700,3042.639397,31.72985925,0.408746289,0.388958671,0.778838508,0.15134328,49.78339856,1020.840636,31.9505968,10.02468476,0
5524,1191.072011,12.42353514,0.707824835,0.682856261,0.85105803,0.466321327,74.82245705,375.8845707,19.3877428,10.77144227,1
4728,61.47001158,1.796000827,0.780520408,0.535718013,0.944550154,0.287007584,26.47388587,49.23303378,7.016625527,10.39360178,0
6814,3815.455796,32.14803073,0.484746765,0.467592465,0.755539808,0.218732665,93.09089603,1164.413174,34.12349885,10.36475934,0
1346,79.19958151,1.822626512,0.879805926,0.812041408,0.939688316,0.65941998,34.24462219,56.64324427,7.526170625,10.91207221,0
6053,2993.296158,27.2196478,0.545080466,0.532049901,0.803343632,0.283175976,80.47787383,1025.023113,32.01598215,10.45979246,0
5002,2407.858301,22.23597741,0.524194793,0.492735679,0.831454358,0.242838994,99.01221518,734.3150963,27.09824895,10.0213186,0
6520,3636.73876,38.31790318,0.349528023,0.336103648,0.742682779,0.113057447,41.87288408,1354.519273,36.80379428,9.666648911,1
2872,1077.352783,12.75923301,0.761681633,0.756570341,0.875795569,0.572402579,15.40744722,279.5754189,16.72050893,9.095819879,0
7736,3453.410553,36.72881401,0.397296974,0.385787775,0.71325778,0.148906181,33.11692785,1182.382,34.38578194,9.124293997,0
1084,403.4588333,5.80079695,0.761817162,0.719701362,0.931182868,0.517977784,45.72074495,284.205834,16.85840544,10.85230375,0
5308,435.8555304,5.25367557,0.803440117,0.758741149,0.927322361,0.575695402,57.92352256,284.8429116,16.87728982,10.85559329,0
5556,1655.814191,18.84313499,0.665127057,0.65765659,0.782801543,0.432549611,16.56713383,360.0787659,18.97574151,8.286506052,0
4799,2449.895104,22.92474142,0.550248462,0.527039232,0.827775908,0.27783457,78.23778302,966.3363257,31.08595062,10.58229482,0
434,3305.351952,30.86161865,0.466553353,0.451223676,0.789984111,0.203695391,77.96737736,1234.016752,35.12857458,10.47455802,0
2360,281.2899229,6.091783351,0.572713906,0.464505709,0.942304,0.215779671,30.56845161,390.2624208,19.75506064,9.787599678,1
4236,2072.161338,20.33244179,0.626271661,0.614520447,0.841368139,0.377668838,64.33068283,694.8377674,26.35977556,10.78201927,0
2246,1162.532091,11.14285984,0.607240859,0.53388732,0.904255424,0.285071584,97.38219616,420.7073376,20.51115154,10.47551889,0
9267,5042.159251,41.83902597,0.428996255,0.418869668,0.682892918,0.175603742,72.46474,1979.467643,44.49120861,10.26681298,0
8327,262.0516294,3.647913247,0.901657935,0.894485048,0.746099966,0.800108265,7.479340671,40.14818484,6.336259531,6.828438984,1
1101,2040.467965,24.8493759,0.425899623,0.402817028,0.849405751,0.162321886,57.79673741,1180.815706,34.36299909,10.41915354,0
2089,2452.799026,24.40703385,0.583327351,0.570704202,0.770443714,0.325763542,63.58921279,756.5230422,27.50496396,10.66134392,0
7554,1164.544938,15.24085086,0.565088446,0.530325415,0.877738312,0.281286715,46.34959314,538.5585294,23.20686384,10.70272156,0
6341,2878.046761,30.01182353,0.448287848,0.43268972,0.792956989,0.187274809,65.98642273,1182.809681,34.39200025,10.65099767,0
2543,2647.691056,23.1653511,0.478663541,0.443904165,0.831845213,0.197181848,96.79767794,939.1792576,30.64603168,9.927882304,0
1926,1603.211083,18.98387664,0.524000983,0.4883159,0.867983763,0.238484581,42.00931451,736.789415,27.14386515,10.15371596,1
3190,1610.187584,18.16066542,0.532529523,0.497723159,0.869122979,0.247778284,73.56641499,679.874504,26.07440323,10.82692333,0
5716,1662.088263,18.40525646,0.664119508,0.654748446,0.787440105,0.428730427,23.32440313,397.2660037,19.9315329,9.796253138,0
1845,2465.067358,25.30802758,0.495522978,0.471508558,0.776526897,0.22239556,62.98798077,906.2089902,30.1033053,10.59851677,0
3462,4889.293981,37.60040015,0.446894107,0.431954649,0.721150039,0.186712647,98.44157472,1866.928833,43.20797187,10.0405322,0
7607,2002.960595,19.83565507,0.573318045,0.547015828,0.851823757,0.299272181,79.69564101,694.3491246,26.35050521,10.69346604,0
3947,1871.542926,17.62341039,0.594316282,0.558848829,0.8427375,0.312365586,88.58229328,650.1184209,25.49741989,10.6668932,0
4978,611.790995,8.664453581,0.647002321,0.581385353,0.89216738,0.33803354,54.72655191,315.581444,17.76461213,10.55723055,1
3006,2063.984443,21.17285918,0.554064226,0.533559474,0.850209535,0.284738544,69.42803673,935.4154702,30.58456261,10.69100973,0
786,2077.693956,22.22393948,0.523329626,0.50192732,0.830453664,0.251992712,80.74427779,679.1061579,26.05966535,10.70780249,0
4246,2551.771508,30.38816289,0.349604182,0.32489491,0.811295841,0.105594371,51.61933767,1399.953885,37.41595762,9.579622443,1
2204,1160.164294,17.58824847,0.48141958,0.450514278,0.79960329,0.202970024,14.04933484,225.774913,15.02580823,7.603082377,0
1278,396.1005196,6.232257834,0.739086454,0.701389328,0.923570281,0.491957639,31.6838174,391.4236181,19.78442868,10.00441641,0
667,1922.397009,20.7978325,0.532148676,0.508698632,0.813532625,0.258842472,66.05391383,719.8002514,26.82909338,10.69554258,0
4085,2590.759889,28.06456166,0.496032367,0.484360609,0.793252958,0.234639593,32.37976208,865.1161478,29.41285684,9.712311707,0
6025,242.2063611,3.81149589,0.731278548,0.608336852,0.953551069,0.370085839,62.0166246,122.5763771,11.07142164,10.31527407,0
1427,1283.30376,16.3481776,0.559094228,0.523558672,0.874046645,0.274145853,49.08901849,836.5041694,28.92238181,10.36271525,0
342,3799.829454,38.90551318,0.358022074,0.345278822,0.724640611,0.119286499,51.55519501,1255.207442,35.42890687,10.37515116,0
4896,2426.111578,21.13582728,0.634909197,0.617381004,0.797991041,0.381220425,80.92648171,889.2174935,29.81975006,10.60932937,0
1690,1202.941921,17.19929557,0.593331635,0.580882346,0.883843922,0.337436343,19.37542207,505.7574284,22.4890513,8.125769988,0
5987,855.6888654,6.887199692,0.883097733,0.867326629,0.891153963,0.752263274,76.23109053,548.0931847,23.41139006,10.63255788,1
1099,3896.246632,36.16414765,0.416488029,0.401928677,0.723920433,0.16164268,73.69230351,1477.731199,38.44126948,10.51946295,1
9991,2166.717973,19.87321191,0.597025364,0.576247737,0.845467768,0.332119147,87.10900646,758.7505166,27.54542642,10.49212144,0
4741,569.1171229,8.622133785,0.699961313,0.662578707,0.866361859,0.439027092,32.49601521,266.2419414,16.31692193,10.72543128,0
6035,979.0709914,13.68003008,0.611051662,0.584487668,0.836282592,0.341638489,32.96383648,280.5892251,16.75079775,10.72422971,0
2452,2284.37642,22.7940736,0.47447035,0.433686246,0.814849477,0.188170657,85.25971822,766.3442597,27.68292361,10.65998999,0
6557,253.5133189,2.926775586,0.946442575,0.944627094,0.776164821,0.892322468,10.86070593,107.1573955,10.35168564,7.914579505,0
638,103.2631404,2.56898661,0.782137559,0.650313571,0.937910213,0.422920367,28.98350825,76.32229174,8.736263031,10.92211421,0
8266,339.1328403,7.477984521,0.705213916,0.685510602,0.913242626,0.469945108,23.36513981,235.5436361,15.34743093,10.333765,0
4188,503.1105451,7.957018226,0.594117467,0.502904835,0.921606876,0.252928715,45.13691326,375.3129695,19.37299588,10.56193226,0
7565,1352.307021,16.95722696,0.546957882,0.511353984,0.807840115,0.261605364,58.34347056,401.481364,20.03699987,10.70829568,1
9966,150.6811878,2.838272203,0.854065136,0.810600086,0.929295711,0.657078853,33.32513421,120.1431125,10.96098136,10.8995026,0
1439,1939.160582,19.57196864,0.551916535,0.522948209,0.833505176,0.273538525,80.96470952,876.5643728,29.60682983,10.65813265,0
6942,861.2471852,10.85094909,0.523558007,0.437116278,0.909818861,0.191099366,75.4330213,472.537315,21.73792343,10.8509152,0
9231,1074.159884,14.90987065,0.649450839,0.637546571,0.893714172,0.406479487,12.85579115,324.2798954,18.00777319,6.91702445,0
5558,1720.787705,18.12954701,0.534767999,0.491843452,0.839685832,0.241978533,80.95495999,562.1493766,23.70968951,10.78452908,0
424,2099.054718,18.94178518,0.526957417,0.47913518,0.832523909,0.229635579,94.01616595,692.8889614,26.32278407,10.39833036,0
5899,3516.074919,34.18570671,0.437626633,0.424017225,0.747734703,0.179873812,58.87814639,1361.551344,36.8992052,10.13887767,0
6298,289.4589288,4.687841753,0.79321796,0.749497076,0.926242751,0.561753795,40.50504389,177.1950813,13.31146428,10.77719399,1
1096,51.87361077,1.807821646,0.837915285,0.768297628,0.958436093,0.590290618,11.98453393,82.88543383,9.104143773,8.395907111,0
1174,182.1925181,2.130746888,0.947640765,0.942127734,0.886310794,0.887606694,43.6444099,194.9175071,13.96128601,10.83573309,0
8296,46.08737497,1.108788951,0.846345692,0.639492345,0.906375816,0.408958702,10.49318749,24.63521554,4.963387506,9.150348694,0
5279,737.9486265,8.595283673,0.621856203,0.535372177,0.917882725,0.286643112,68.62030747,456.2949648,21.36106188,10.76862406,0
948,2910.332384,32.11475572,0.413409799,0.398963697,0.758634325,0.159196055,21.84353941,688.4392763,26.23812639,7.710153655,0
9152,1139.736685,12.38057085,0.503948217,0.411432193,0.899731555,0.169317842,87.24810212,657.1562376,25.63505876,10.78154663,1
3737,274.4182551,4.545946094,0.782521667,0.730818126,0.91587865,0.534105089,48.21289741,153.4881038,12.38903159,10.88947737,0
3096,1540.953898,17.38466557,0.611902595,0.589224474,0.839287371,0.347217014,51.35696172,668.4613156,25.85461884,10.69831062,0
1126,1644.897891,19.97534147,0.592215506,0.580705243,0.836391566,0.33726074,41.97156417,794.8968468,28.19391507,10.29177808,0
5866,645.8451523,7.990734925,0.684901454,0.610180564,0.905598968,0.372342502,70.11195236,283.0013473,16.82264389,10.86544289,1
6869,4923.200961,48.2557039,0.273951228,0.261687718,0.630067824,0.068566394,41.58964238,1553.328883,39.41229355,9.367297894,1
9175,294.7182952,7.456507506,0.475304426,0.365870892,0.95360474,0.13387189,21.60475941,342.8021564,18.51491713,9.31736875,1
9314,1352.87281,18.76868349,0.410241445,0.362997518,0.880929566,0.131803374,45.79650461,1184.022905,34.4096339,9.387170524,0
4531,5629.723818,48.48608738,0.346420345,0.335666053,0.641578693,0.112776732,95.53936909,1975.171857,44.44290559,10.40285389,0
2800,1174.961585,10.66035349,0.853773291,0.850386634,0.708615063,0.723167563,8.529430398,198.1419519,14.07629042,6.46593375,1
4466,2410.477447,21.30367358,0.717094748,0.711062208,0.684322546,0.505634623,9.497459694,310.8714541,17.63154713,6.110410425,0
1751,3359.326526,33.67321703,0.434975292,0.421827591,0.759558327,0.178104444,61.91120541,1352.473597,36.77599213,10.4929648,0
1004,1328.471366,14.04208038,0.644544969,0.612066785,0.857372974,0.374672926,69.64738526,527.2293181,22.96147465,10.66230948,0
3104,1053.830595,12.93744334,0.579824779,0.525896288,0.882891495,0.276591119,53.02119044,675.5816358,25.99195329,10.51576745,0
2953,969.4590478,12.68295157,0.589435191,0.5447899,0.863902175,0.296840947,55.85414607,419.8381171,20.48995161,10.6109566,1
2553,50.20679055,0.410627951,0.994067785,0.993740322,0.509215337,0.98751995,4.033269675,1.083273468,1.040804241,4.021608385,1
1367,911.6448089,10.13606301,0.633096313,0.56295212,0.900793778,0.316943813,64.49044856,437.4404717,20.91507762,10.80840775,0
2113,5541.609207,46.94957185,0.379154324,0.36947932,0.646104777,0.136683637,68.9658594,2435.859974,49.35443216,10.05779632,0
8533,3807.862656,32.85463918,0.432315908,0.409878185,0.75767372,0.168119449,84.36488566,1373.312022,37.05822476,10.41184344,0
7056,20.27765221,0.145721257,0.998221602,0.998154772,0.38617326,0.996312965,4.013169095,0.406165767,0.637311358,4.009471286,1
3549,3422.15047,31.5343092,0.510454352,0.499597108,0.738804803,0.249786795,82.76058466,1293.085379,35.95949636,10.4124631,1
8267,1522.852587,17.42634596,0.553274318,0.516794136,0.834401702,0.267113454,57.29998638,452.3112156,21.26760954,10.86574267,0
6525,1094.888371,15.02014839,0.570191868,0.535793755,0.864307272,0.287087225,20.37441293,457.8536282,21.39751453,7.936113108,0
274,434.1989418,6.42640148,0.650792184,0.571691117,0.939054208,0.326844786,56.55589865,260.995067,16.15534175,10.75240182,0
3482,3141.364017,30.1304855,0.497723324,0.484277775,0.764180839,0.23460656,63.25689952,1225.618556,35.0088354,10.49247393,0
1594,2322.246234,22.90698016,0.652617745,0.646297561,0.761724038,0.417719652,8.437434121,251.6813362,15.86446773,5.661517305,0
5293,3521.918651,29.42845411,0.562290787,0.55016215,0.752053088,0.302770221,86.71654879,1166.479733,34.15376602,10.50479636,0
7533,3605.224198,30.79815103,0.481957534,0.461230618,0.755863899,0.212856384,86.47448566,1282.396659,35.81056631,10.37101606,0
2639,1693.20451,16.86561965,0.475744259,0.412331666,0.8823968,0.17007601,97.50205464,732.5012175,27.0647597,9.880558904,0
9271,154.4540046,4.263154371,0.558228931,0.40339004,0.954960755,0.162733278,23.79978433,230.9557201,15.19722738,9.892611742,0
2374,36.47107333,1.431113987,0.779365782,0.587177135,0.965250904,0.344785863,16.98275214,64.08493951,8.005306959,10.13672248,1
6072,1907.472749,17.90092649,0.620754553,0.598751772,0.846311383,0.358542024,82.68411303,629.0909694,25.08168594,10.6768014,0
1773,2282.020649,24.35317858,0.603383449,0.596046875,0.771969104,0.355304378,18.11475737,479.5939921,21.89963452,8.94699982,0
2433,2383.995074,26.17941914,0.512019054,0.498351913,0.810742373,0.248436175,43.06754583,919.6734231,30.32611784,10.30856699,0
2205,268.165954,4.665082226,0.787198546,0.735623983,0.910172167,0.541151219,35.72790566,218.7483105,14.79014234,10.77233367,0
5642,1165.54811,15.16493892,0.617765927,0.596617472,0.879227933,0.355989683,44.83954497,703.9168977,26.53143226,10.2670112,1
9993,2670.390952,25.55539844,0.499025048,0.469732932,0.793010702,0.220719488,81.9519473,851.7533584,29.18481383,10.71599695,0
9150,1190.662856,16.05974047,0.560912385,0.533439037,0.859380736,0.284583827,43.03604004,523.0645076,22.87060357,10.34020416,0
4381,1401.404901,16.06649078,0.633776719,0.60905634,0.826580854,0.370969319,42.69439186,460.6927292,21.46375385,10.57234745,1
3953,652.7074521,7.608266142,0.671499362,0.588389314,0.924630892,0.346221399,69.565513,319.516648,17.87502862,10.70133709,1
6676,5222.440878,44.92129511,0.371587243,0.360662772,0.672809894,0.130219009,83.31344411,2171.046826,46.59449352,10.33863928,0
5199,3396.683928,31.01495382,0.50858222,0.497305805,0.775613856,0.247444471,82.76350194,1518.746611,38.97109969,10.37353047,0
4628,2470.871001,24.09317132,0.493982888,0.467372082,0.828154875,0.218513788,91.16940051,873.6775132,29.55803636,10.29795804,0
3007,1351.844713,14.35398727,0.59680161,0.557554271,0.898126483,0.310895197,89.77691421,622.0023316,24.93997457,10.53963941,0
1233,355.3366407,5.139342567,0.757680451,0.665485962,0.915778271,0.442887617,51.64252567,158.3064212,12.58198797,10.68964958,0
7930,3237.864269,29.48477936,0.508693738,0.492480536,0.782550743,0.242634737,77.04305105,1281.603375,35.79948847,10.46534168,0
2028,1969.087803,18.78413765,0.585508262,0.557323162,0.846643923,0.310715531,88.36015119,686.5234312,26.20159215,10.65841464,0
6293,883.3329958,8.519644138,0.769593824,0.737752126,0.903946515,0.544292989,81.89349853,511.1054729,22.60764191,10.87584093,0
6457,10.19482538,0.082851001,0.998704727,0.998664885,0.482191192,0.997331556,4.386311311,1.944232039,1.394357214,4.590757024,1
9693,36.89513409,1.132105944,0.849091629,0.691919114,0.947470629,0.478759081,19.82742308,34.32426309,5.858691244,10.74953729,0
4392,1184.945342,12.80922477,0.675060893,0.647482178,0.864899866,0.419260463,56.0473988,458.9375521,21.42282783,10.98981149,0
750,2147.651096,21.74117671,0.480384433,0.450589955,0.854237943,0.203100257,85.81329018,1131.215266,33.63354376,10.27436898,1
9169,638.9494408,7.803842233,0.773710026,0.749364983,0.903443943,0.561550771,35.2347583,231.8945433,15.22808403,10.85489023,0
4535,2147.175985,22.74931896,0.530979763,0.511445922,0.820148985,0.261645876,69.31763334,789.3855398,28.09600576,10.66867664,0
723,515.8425617,7.950933562,0.642434226,0.556361262,0.897119349,0.30956635,55.46366075,198.2113822,14.07875642,10.69850448,1
345,234.2355307,2.619396764,0.955760046,0.954621466,0.79029503,0.911302745,7.368430652,63.12817923,7.945324363,6.686467767,1
6949,1138.621184,17.32335904,0.350809627,0.27930465,0.871943887,0.078042291,42.69880205,1076.803746,32.81468797,9.19422973,0
1766,3867.669669,35.78164049,0.473462821,0.463354414,0.699660217,0.21482356,67.17593164,1602.287111,40.02857868,10.34138157,0
3673,1236.545274,13.39680261,0.614084158,0.567178947,0.881247499,0.321721716,63.73232894,498.8535667,22.33503004,10.58732655,0
6983,1422.329305,15.87416984,0.544375717,0.499245839,0.854375959,0.249305246,71.42664442,498.3749671,22.32431336,10.80000919,0
9490,1147.799707,11.78889646,0.719874344,0.688897279,0.872622482,0.474599083,63.07687196,462.2815737,21.50073426,10.77421745,1
4832,167.0233492,3.367418152,0.794838,0.742701637,0.946463488,0.551613391,35.36877296,242.200672,15.56279769,10.84517808,0
7964,3322.530881,30.51892329,0.457516656,0.438086112,0.770835916,0.192076818,73.36575603,1185.407301,34.42974443,10.56445102,0
1429,20.73197511,0.450096746,0.928131542,0.821808843,0.921751735,0.675370845,6.142217381,10.33574129,3.214924773,6.558352123,0
3234,328.6996311,4.617695734,0.836323049,0.800014991,0.891477861,0.64002945,22.6263106,178.2337989,13.35042317,10.07341682,0
8012,4121.50202,34.31939629,0.575153331,0.560727658,0.538563701,0.314449824,12.64103102,479.7610283,21.90344786,6.989830511,0
4049,825.4043364,10.13276294,0.72531777,0.700022655,0.881368884,0.49004537,41.1694692,441.7036243,21.01674628,10.53459407,0
7133,2533.08884,25.00676397,0.573169384,0.562140365,0.803422238,0.316075225,72.3142261,979.9825189,31.30467248,10.65416113,1
7511,84.11370231,1.889316053,0.885792285,0.845210043,0.94767329,0.71438289,17.624769,95.40694157,9.767647699,10.24981157,0
1580,2749.820362,26.84912628,0.509523814,0.493901774,0.774266161,0.244034145,69.07482993,930.4815027,30.50379489,10.64719379,0
701,462.9783574,7.134946277,0.693050103,0.636057456,0.914911478,0.404580562,47.78516311,281.9721047,16.79202503,10.70049048,1
6960,2162.188387,22.28209853,0.590287126,0.574343712,0.837593533,0.329897033,61.88764696,682.2060388,26.11907423,10.8828419,0
403,2428.309496,22.37120287,0.585491794,0.562598563,0.810189211,0.316595497,82.82473973,842.9616603,29.03380203,10.69017198,0
9781,1555.674526,17.46511007,0.597189716,0.572854772,0.829728743,0.328211178,58.51863202,540.7971727,23.25504618,10.76360693,1
2743,1164.007506,9.947448455,0.790860249,0.753195938,0.880285076,0.567321714,85.11613629,549.2976342,23.43709953,10.75601392,0
6765,1025.40322,8.617387092,0.890050144,0.882267123,0.537571476,0.778399968,5.89759053,87.18866354,9.337487004,5.106170983,0
6335,513.3154156,8.123795832,0.691445369,0.656899983,0.937202115,0.431525151,25.50448974,585.6817769,24.20086314,8.642566334,1
7034,4134.619836,34.2229634,0.472899706,0.457078957,0.757241639,0.209090641,84.07078205,1315.745385,36.27320478,10.39487594,1
7664,1020.431482,12.89689856,0.66723032,0.645086092,0.831259399,0.416187962,67.86889488,301.9039734,17.37538412,10.70444334,0
9784,4179.410535,36.52525167,0.448117831,0.435796541,0.724779366,0.190046775,76.22772079,1505.973812,38.80687842,10.35189457,0
3853,3892.109225,34.23404358,0.455217541,0.441415007,0.749219101,0.194950808,89.35499825,1517.718109,38.95790175,10.33288908,1
7004,1475.01153,15.86898046,0.664441929,0.646862297,0.870373879,0.418444044,51.44795497,536.2716065,23.15753887,10.8186206,0
4059,2342.172495,22.09794538,0.632899375,0.621743627,0.801898048,0.386620801,71.05596748,721.8271586,26.86684125,10.66513909,1
9571,3498.579319,31.18042448,0.446255691,0.424143929,0.78090845,0.179996425,89.06579358,1182.013029,34.38041636,10.29927396,1
5629,686.0519618,9.266635691,0.628024202,0.57081282,0.906405148,0.325846936,46.43495986,334.4537301,18.28807617,10.82124174,0
3198,2001.544092,23.3289958,0.463936808,0.43702426,0.830703205,0.191052027,50.87692388,1025.449149,32.02263495,9.907178358,0
135,1442.108755,14.60593549,0.680250802,0.659284894,0.868596706,0.434679637,74.69540816,520.1061305,22.80583545,10.78049948,0
1051,1375.215204,12.00705576,0.584376965,0.50491601,0.894873529,0.254983794,109.9846168,583.7725584,24.16138569,8.885492999,1
9461,2689.83939,26.1756104,0.488257572,0.464352307,0.816474334,0.215696793,79.66668304,1104.104315,33.22806518,10.59607117,0
5011,3468.420555,31.37807366,0.493974759,0.480913823,0.760269415,0.231379746,81.46718111,1173.842638,34.26138698,10.4347171,0
8530,3005.220725,28.70217122,0.51871618,0.505640353,0.794509331,0.255761027,60.64136871,1206.659071,34.73699858,10.3996595,0
8291,1780.96165,20.38512418,0.466481858,0.429886598,0.845012262,0.184843835,75.44768843,867.580204,29.45471446,10.72475689,0
771,2020.340347,20.58336361,0.55166994,0.515545723,0.844156376,0.265830891,69.40927327,635.5083867,25.20929167,10.42664897,0
8878,1997.158605,18.52967858,0.613183613,0.584582208,0.829780875,0.341799727,81.70640591,681.5910725,26.10729922,10.76665288,0
8484,4205.847358,40.51678648,0.40043236,0.390342838,0.670375231,0.152405257,19.00441202,612.2085222,24.7428479,8.179374714,0
4486,90.86911745,2.957838312,0.705039683,0.586581113,0.950924127,0.344088057,17.20966268,126.7826035,11.25977813,9.223776748,1
8773,184.1456417,3.763280378,0.789923211,0.751002986,0.95375625,0.564006362,17.24664285,221.4034459,14.87963192,8.822691327,1
4176,10.8986595,0.051860685,0.999510469,0.999420592,0.22318745,0.998841522,4.226546282,0.915337613,0.95673278,4.329043169,1
2057,857.207313,10.17193294,0.811142563,0.807267416,0.848243046,0.65168617,11.29028317,211.9094737,14.55711076,7.037586894,0
3414,1428.095781,14.46955992,0.707762841,0.694857555,0.874449229,0.482853133,58.24327319,866.6145377,29.43831751,10.45440053,1
1035,1441.725585,21.67155069,0.347428133,0.307092536,0.837094581,0.094342516,35.6350697,804.4876623,28.36349171,9.22781689,0
7412,3927.422361,34.9909425,0.41199397,0.394335508,0.754396117,0.155629585,79.72073854,1551.719463,39.39187052,10.39937206,0
8854,1817.707336,16.44809935,0.564873564,0.516203182,0.879793499,0.266563301,93.51094726,813.723872,28.52584568,10.07305955,0
3580,3770.545234,35.63512301,0.404677374,0.383384606,0.714794689,0.147072963,67.37148709,1295.668346,35.9953934,10.50425635,0
6100,86.31586081,1.806264646,0.856257826,0.667388342,0.940003486,0.445413815,36.68811024,24.13031403,4.912261601,11.08884373,0
9712,2161.366619,20.41946245,0.55839651,0.52860619,0.83224341,0.279473664,87.00196988,965.9724615,31.08009751,10.51516028,0
8490,1393.768389,13.91499141,0.664450288,0.633648022,0.876072445,0.40153654,80.83438938,558.0791206,23.62369828,10.59965835,0
2885,419.97595,7.461079518,0.654580023,0.592719791,0.897768809,0.351361671,43.60118452,247.0621235,15.71820993,10.68842115,0
5343,1134.921489,15.47673061,0.624778434,0.609550907,0.863417058,0.371575336,25.46152333,529.0160858,23.00034969,9.091921363,1
5396,353.6911303,5.548698013,0.76023336,0.714890429,0.931368264,0.511078839,39.18641174,254.8603684,15.96434679,10.79786026,0
4194,2652.535459,24.95167654,0.446694794,0.417637741,0.838605983,0.174498492,84.36738978,1193.835041,34.55191806,10.26918999,0
9876,597.7191566,8.473638639,0.782583427,0.77130686,0.891160558,0.594920935,14.37535469,228.0303507,15.10067385,8.265294698,1
9458,591.7859807,7.665785681,0.649029334,0.57688554,0.935225383,0.332816536,68.88990711,651.5965354,25.526389,10.76000224,1
2156,51.3249351,1.117938752,0.897668151,0.801681496,0.92332508,0.642696535,20.04024089,36.23868333,6.019857417,10.5485568,1
809,633.1569341,8.789677249,0.666949722,0.620182427,0.896882926,0.384643963,52.4299654,272.6445042,16.51195035,10.71084288,0
3057,432.8807963,4.294336854,0.928338692,0.925825553,0.731209998,0.857153214,8.271388971,69.3745812,8.329140484,6.640605375,0
3440,4057.51917,33.52155211,0.481819463,0.460607258,0.737500358,0.212283694,91.7612576,1345.310328,36.67847226,10.30836467,0
8432,2231.343806,24.12227179,0.494317958,0.472003601,0.811215757,0.222850102,64.52299599,846.293388,29.09112215,10.67794379,0
4637,156.1935165,4.259797859,0.651175078,0.470046005,0.938825451,0.220955518,10.69240259,96.59202925,9.828124402,7.463657192,1
2959,373.7367548,7.75546211,0.535260297,0.454332194,0.944369559,0.206430739,35.73754911,449.4090318,21.19926961,10.02586387,0
5194,681.024697,6.738656978,0.89563828,0.891941866,0.714394144,0.795574391,7.061223366,89.95936352,9.484691008,5.943905413,1
8031,2333.207976,20.31990761,0.429332214,0.368525813,0.849206347,0.135883515,107.7430577,956.1387722,30.92149369,9.583387147,0
236,1360.792892,17.35231052,0.559354742,0.530968123,0.823550317,0.281950858,34.62106679,431.938346,20.78312647,10.32108025,0
116,3037.983044,30.07168298,0.550641309,0.541863206,0.665718615,0.293662213,21.10752041,548.3049843,23.41591306,9.417554401,0
2322,1284.666227,14.92259195,0.669533524,0.654087643,0.855741554,0.427854557,45.93096981,638.7583182,25.27366848,10.45011582,1
9895,72.54297092,1.15398762,0.96672488,0.965200964,0.766704579,0.931613907,5.523706229,12.10198424,3.478790629,5.75328149,1
6844,3502.047241,28.93871837,0.526383044,0.509359681,0.772537106,0.259559922,81.98399226,1167.140339,34.16343571,10.45236136,0
7612,143.1122775,4.039537701,0.695351839,0.617429836,0.960753233,0.381229899,20.42163102,214.472502,14.64487972,9.515387222,0
4063,2120.050694,23.80773854,0.543261703,0.530679207,0.794835185,0.281650554,26.97954261,626.7672249,25.03531955,9.094038516,0
2630,1018.903236,9.989537354,0.576922402,0.498582537,0.924647718,0.248620768,106.6631529,472.7303213,21.74236237,9.300892766,0
1461,852.2955394,11.2054927,0.66879771,0.638817373,0.892854333,0.408110827,58.18003083,393.9443191,19.84803061,10.8021759,0
6947,1098.715078,13.67332722,0.63127874,0.60398393,0.86824201,0.364814614,42.94005807,369.5943943,19.22483795,10.69235609,0
860,30.39895514,0.540011048,0.954404289,0.920507837,0.739110748,0.847335987,4.789972461,3.852508121,1.962780711,5.167832295,1
9851,1108.703619,13.92904336,0.6594058,0.637308332,0.864480818,0.406178358,49.83670136,524.4860966,22.90166144,10.68027076,1
4997,474.0390873,7.325139169,0.73149411,0.692660686,0.91079597,0.479796664,48.10154905,218.6211466,14.78584278,10.84415999,1
8147,2883.433889,25.66801763,0.661639347,0.655478198,0.653596473,0.429666891,16.29525037,443.8835562,21.06854424,8.512532994,0
3334,403.3196866,8.49810008,0.481038366,0.383203505,0.941158683,0.146854277,23.81751548,396.6812198,19.91685768,9.20399421,0
60,31.2563595,0.997148367,0.874151224,0.778285596,0.937761872,0.605731627,6.830699272,21.27893417,4.612909513,6.656199317,1
2153,259.0581175,2.359489659,0.967284584,0.966518006,0.787014237,0.934157138,5.194899724,40.37135256,6.353845494,5.014847737,0
2115,2091.934981,22.85299623,0.540836457,0.515696163,0.83606867,0.26595641,51.95803413,823.2857517,28.69295648,10.01612055,0
7501,2343.967046,23.14374624,0.565670335,0.545780647,0.774216951,0.297944403,77.9328377,658.1259076,25.65396475,10.70510796,0
2777,2658.766923,25.99387437,0.483320222,0.46341987,0.82533373,0.2148433,81.37792447,1149.952892,33.91095534,10.44959146,1
4331,1511.514045,16.11227526,0.547267191,0.486862194,0.850746719,0.23710545,78.91190711,679.0095856,26.05781237,10.81453283,0
4996,2124.430774,24.672331,0.562169735,0.554096341,0.789975828,0.307043544,16.30802144,402.0676693,20.0516251,8.023447034,1
4836,2547.718688,23.22304348,0.58389679,0.560944554,0.808132037,0.314714096,88.52486759,787.9398814,28.07026686,10.51920305,0
9870,651.9723124,8.094853287,0.708911864,0.658170486,0.898839796,0.433211598,65.67840959,247.9683527,15.74701091,10.64684043,0
6193,14.53276843,0.159142635,0.99643495,0.996328379,0.413405949,0.99267031,4.010731389,0.155540129,0.394385762,4.011717161,1
7525,3458.584397,34.29895918,0.357291131,0.330288567,0.763634655,0.109183424,78.54794431,1361.97786,36.90498422,10.44380462,1
8520,2134.013832,19.48318398,0.729732013,0.720048831,0.593681659,0.518504215,11.42620667,289.9682235,17.02845335,7.250696457,0
9650,895.6035068,10.00577962,0.739850364,0.719385951,0.906622425,0.517531033,62.61269959,544.0030889,23.3238738,10.69747377,0
9990,425.0213613,5.296308553,0.780065815,0.730363241,0.924811887,0.533442482,69.17175598,201.2405453,14.18592772,10.6815409,1
6048,284.7411545,5.17499274,0.677472182,0.56596403,0.931514059,0.320332747,50.11253132,224.0669155,14.96886487,10.36287959,0
725,1999.908605,20.77951131,0.567619627,0.544410476,0.787009318,0.296460925,66.43171418,730.2441615,27.02303021,10.66895735,1
6810,87.05247762,1.706191289,0.90876481,0.868057278,0.940581356,0.753525315,25.84041155,88.10142492,9.386235929,10.90887717,0
187,1213.473679,11.9857348,0.645309378,0.593423158,0.89372762,0.352180394,83.58367396,639.3612162,25.28559306,10.8259989,0
1232,2634.111891,24.62934803,0.538880654,0.514649465,0.822593848,0.264927577,68.67672625,965.3152774,31.06952329,10.71917357,0
6411,3286.626005,32.09764084,0.52102355,0.512889282,0.716719277,0.263100113,18.44205035,668.2027317,25.84961763,8.138016207,1
6987,2024.032641,18.68749729,0.590600316,0.560230858,0.853302187,0.313912099,89.27757353,761.050961,27.5871521,10.49859935,0
8984,3108.649251,28.78467981,0.491139224,0.469820138,0.772914533,0.220810256,77.4413813,927.8016284,30.45983632,10.66207271,0
8883,141.5400366,3.47358501,0.736914731,0.641332679,0.941616243,0.411319372,23.7908839,120.6332601,10.98331735,10.47235752,0
5490,1084.463175,13.80070349,0.464526192,0.385832491,0.884154391,0.148914745,75.70566532,488.7976804,22.10876931,10.80205355,1
8697,340.2948624,5.232054651,0.67576883,0.557010443,0.933407744,0.310279604,61.24142839,170.1852108,13.04550539,10.49701812,0
5371,4127.964607,35.67469925,0.399563787,0.374222335,0.730804408,0.140146942,82.5338934,1309.149199,36.18216686,10.46200154,0
4148,2337.466498,20.8875136,0.600845087,0.57590412,0.810143018,0.331735333,87.63711679,746.5853173,27.32371346,10.65166919,1
7639,84.62733665,2.426957621,0.728764443,0.546162491,0.966180388,0.298301631,31.5770935,100.1690443,10.00844865,10.81262703,1
1198,3152.367162,32.6374559,0.484118434,0.475481695,0.738263371,0.226128914,32.25921257,971.9326149,31.17583383,9.945848337,1
9236,4094.499647,37.65540261,0.428796353,0.41728463,0.709154003,0.17426682,66.50317912,1559.166609,39.48628381,10.34823989,0
4862,1113.44578,10.76168812,0.797693699,0.787749109,0.843791556,0.620559701,61.91961663,380.8072037,19.51428204,10.81930738,0
7272,3001.471252,34.66049456,0.373033039,0.36022585,0.773318753,0.12981232,41.44469597,1433.928763,37.86725185,9.524443413,0
3888,3806.509724,34.16984492,0.481299943,0.469834537,0.745163417,0.220843908,91.43171346,1313.18724,36.23792544,10.30649722,0
8335,1232.863089,15.94680955,0.595865791,0.571666336,0.880869173,0.326813133,20.56533753,530.6757599,23.03640076,7.877804977,1
215,908.6441549,13.48744413,0.537072284,0.491258874,0.878545548,0.241388342,52.23082042,447.2021645,21.147155,10.6830332,0
3359,2096.472886,17.30039194,0.614832909,0.568142341,0.844828707,0.322841269,102.7357477,830.3055706,28.81502335,9.613669843,0
899,2679.760186,23.70639788,0.522102995,0.492959745,0.821556246,0.243097924,96.20452342,851.6591164,29.18319921,10.10279271,1
9734,4075.881596,33.77346974,0.457267529,0.439645295,0.744726823,0.193410962,89.21806156,1423.537759,37.72979935,10.29998115,0
5580,28.88038724,0.768291205,0.893366529,0.763444018,0.919358859,0.582849623,6.174306863,12.38020734,3.518551881,6.708225711,0
8404,2689.779441,25.97760612,0.447641301,0.416389768,0.805318186,0.173488826,80.48256655,1157.472662,34.0216499,10.51301506,0
1479,804.2936102,7.834386063,0.885259253,0.882777002,0.76283965,0.779297918,6.675474976,118.8989149,10.9040779,5.517832691,0
4258,2178.585345,20.45704313,0.51147084,0.463225402,0.838048376,0.21464122,81.25120797,851.5954588,29.18210854,10.75118411,0
3457,240.2144904,4.680516496,0.638128812,0.481988257,0.949030185,0.232335119,46.674634,244.1263848,15.62454431,10.57064671,0
7346,4312.2459,42.06626686,0.346749344,0.334563148,0.677717522,0.112029171,52.12954923,1640.33828,40.50108986,9.624865771,0
4597,126.5709546,2.058785005,0.92829308,0.918931163,0.811181017,0.844436071,7.110513949,35.28786499,5.940358995,6.624202631,0
7888,19.85487778,0.761566816,0.895619581,0.748942116,0.925651425,0.560920977,7.305423751,13.90589255,3.729060546,7.992221818,1
4550,4380.730802,38.53258156,0.439417283,0.42872163,0.720044095,0.183900497,75.35459788,1314.545818,36.25666585,10.42526645,0
2822,2552.10577,28.65379978,0.460953817,0.447159954,0.789999679,0.200014745,30.92729696,876.2758874,29.60195749,9.204940358,0
5989,725.4753663,11.45571119,0.556453484,0.506173608,0.890923207,0.256248109,51.29538191,443.9014938,21.06896993,10.71702393,0
8316,2478.317573,22.9214439,0.613975234,0.601380604,0.774424208,0.36171308,64.50727442,898.4273964,29.97377848,10.55267373,0
2033,2383.33476,25.10580459,0.408521777,0.377129411,0.829674647,0.1422908,81.95636407,1189.347481,34.48691753,10.48134105,0
6870,144.2433221,1.358945607,0.975023412,0.971130353,0.333171821,0.94309541,4.378303697,8.328320367,2.885882944,4.375709522,1
4867,4937.472006,49.37860051,0.251445273,0.239497536,0.614393884,0.057413392,50.94782839,1988.413857,44.59163438,9.598972439,0
4915,4142.379003,37.30018712,0.408200628,0.39353541,0.727652845,0.155003984,77.23248598,1493.508576,38.64593868,10.40427174,0
1210,3900.392299,33.10756054,0.451753066,0.434802574,0.75316589,0.18914737,84.88278183,1420.916714,37.69504893,10.47934894,0
6471,2153.146573,24.16857538,0.4917874,0.46926985,0.825704551,0.220251272,51.82637821,884.4164887,29.73914069,10.53286049,1
124,1317.011317,12.97508472,0.719082781,0.697155252,0.877428081,0.486053313,61.58578389,539.593137,23.22914413,10.71127285,1
3858,4290.776984,37.7065314,0.420536433,0.406861481,0.73574012,0.165677802,81.84225278,1362.26253,36.90884081,10.42265715,0
164,4672.258443,38.91768854,0.397739077,0.379945995,0.721902453,0.144500553,84.33924761,1724.289515,41.5245652,10.35694777,0
9752,1624.326608,15.54991193,0.660138576,0.632101817,0.851534438,0.399589597,77.08882726,567.3034549,23.8181329,10.70765315,0
9544,2614.687617,24.32105427,0.486135109,0.45572482,0.813661495,0.207760657,82.47087765,969.2834427,31.13331725,10.63461659,0
3886,3346.659695,31.44264599,0.510739859,0.499740325,0.768511625,0.249899697,59.45587512,1253.48185,35.40454561,10.42590154,1
967,2645.969176,23.57696428,0.437248262,0.385980355,0.810357405,0.149043039,92.11251742,994.6609348,31.53824559,10.28805399,0
7583,763.5316739,11.44713653,0.634100999,0.60243241,0.862757758,0.362960919,32.50120539,330.010027,18.16617811,10.20999911,0
1247,121.1096745,3.670982835,0.67346256,0.556333964,0.959152575,0.30952058,21.27185613,193.4471846,13.9085292,9.840139488,0
3609,323.3356079,5.653406038,0.731117776,0.6900029,0.93688366,0.476115661,33.58684732,338.0062187,18.38494544,10.37443365,1
6437,1508.945853,17.69476945,0.635320256,0.621146006,0.832636134,0.385849788,35.24951964,558.8625344,23.64027357,10.56345314,1
76,2634.110194,25.54654264,0.461638769,0.431839339,0.812552106,0.186565494,81.37007057,1012.186834,31.81488384,10.60306902,0
6737,3350.738485,30.30501351,0.449190036,0.426531721,0.780933741,0.182022378,79.38174166,1224.025997,34.98608291,10.56641973,0
4113,1823.512356,19.50315137,0.578835691,0.560322164,0.849739001,0.314026592,73.02633878,778.9423845,27.90953931,10.72924188,1
5723,71.80332981,2.298441296,0.799657939,0.737891099,0.971371441,0.54448651,16.43633015,134.8427652,11.61218176,9.427213743,1
617,732.0240842,12.56176896,0.512541465,0.471461372,0.928397498,0.222289595,18.49925956,526.2994301,22.94121684,7.259655584,0
188,4723.704398,38.09870874,0.495047179,0.485399277,0.696543887,0.235745673,86.93269535,1668.516167,40.84747443,10.30469318,0
4796,1990.080414,18.43317028,0.664320328,0.649598886,0.842969578,0.422022143,78.02928977,923.5869386,30.39057319,10.67176595,1
9874,92.97140467,2.319983492,0.748189219,0.540511369,0.93797025,0.292163275,23.09738674,90.31269685,9.503299261,10.172515,0
2446,1436.498481,14.16670614,0.582610495,0.542980814,0.898059125,0.294865156,86.5368499,698.7974704,26.43477767,10.50924988,1
3943,171.3371059,4.565509867,0.590994941,0.451826984,0.920257575,0.204160392,17.11804555,134.0227111,11.57681783,9.242101491,0
3159,680.4424231,7.046070364,0.751068279,0.686790953,0.918558437,0.471694684,75.59852391,334.687076,18.29445479,10.75054878,0
9644,931.1132565,14.42065207,0.588321802,0.567882608,0.860469237,0.322512465,19.66232885,344.4294906,18.55881167,8.7830062,0
4244,2128.230552,24.46473186,0.57034167,0.562415236,0.798196331,0.316328158,14.56874973,378.2278458,19.44808077,7.642678425,0
2050,3235.062984,28.79739271,0.510367093,0.492043935,0.781077353,0.242228739,81.4503151,1076.791873,32.81450706,10.4946459,1
8554,2781.674955,29.02218918,0.457019886,0.439817513,0.803219952,0.193500952,65.15332681,1097.847903,33.13378793,10.49421445,0
4103,2648.788113,27.35780331,0.399889282,0.368961813,0.803921628,0.136211832,68.2878498,1243.870742,35.26855174,10.57583858,1
4350,4199.074917,37.26632604,0.401479632,0.384337717,0.720992249,0.147840926,83.30279884,1329.518761,36.46256657,10.44730789,0
5902,436.1759819,4.86080967,0.82449884,0.783009412,0.925217364,0.613112035,74.4095698,224.5292926,14.98430154,10.60719886,0
4745,4305.179278,35.31336668,0.481898869,0.467796301,0.730205942,0.21895414,91.15555869,1437.604485,37.9157551,10.28551962,0
8174,2565.76437,24.87661697,0.514029796,0.494973405,0.820766718,0.245081312,82.16886762,853.7412348,29.21885068,10.54906829,0
5037,2983.433361,31.34236036,0.434705948,0.42018296,0.788528971,0.176675907,57.9775388,1206.793372,34.73893164,10.52754782,1
9793,616.031074,8.16056621,0.793802741,0.780762206,0.822323667,0.609595605,12.9412524,173.7841003,13.18271976,7.700639307,0
797,2843.33857,28.53924314,0.490650429,0.475759743,0.785092243,0.226392998,61.33915983,1073.09598,32.75814372,10.53027183,0
2435,2824.365125,32.91986336,0.395182648,0.382329686,0.772273561,0.146204049,32.0325604,827.4612367,28.76562596,9.72584139,0
1526,847.8980905,9.455015467,0.783794918,0.769871518,0.877061462,0.592725142,54.06336478,480.3728088,21.91740881,10.75064866,0
8936,4066.189295,35.22929898,0.473878072,0.461363343,0.724186012,0.212972863,77.26944219,1569.423362,39.61594833,10.44572352,0
1047,452.5277139,6.445487803,0.787093689,0.765701534,0.900194527,0.586303563,15.34129155,200.7070022,14.16710987,8.834835211,0
564,173.5662989,2.287470455,0.925691281,0.907124605,0.858272859,0.8228765,28.23721287,111.526538,10.56061258,10.90619657,0
5451,301.3455879,6.372401265,0.606608438,0.508383847,0.929366817,0.258483835,37.5197479,300.7021777,17.34076635,10.59632135,0
302,3573.095142,34.78656155,0.40118521,0.383937121,0.761340944,0.147508875,69.71082548,1420.021034,37.68316645,10.16583432,0
3622,1512.007533,16.22045447,0.607914968,0.579516372,0.880996317,0.33587422,81.71139759,760.507255,27.57729601,10.7754467,0
1632,1180.357446,13.98830292,0.551712581,0.508864992,0.894087866,0.258978813,81.0408626,553.9844009,23.53687322,10.7902651,0
4802,896.5876176,12.11211175,0.621634856,0.588057235,0.885246166,0.345818807,20.98192297,322.6175264,17.9615569,9.092808922,0
9768,2039.247777,22.90514173,0.577397899,0.567353146,0.795524296,0.321910055,21.72372309,471.2107542,21.70738939,8.860103566,0
6235,1076.889001,14.48990521,0.558886412,0.517521578,0.906395532,0.267848661,51.73901606,653.4884224,25.56341961,10.66008403,0
5984,3097.123009,26.18006045,0.488023409,0.458393679,0.804061218,0.210207321,94.15340407,1105.574021,33.25017325,10.0733702,0
8235,150.4085242,1.246791874,0.983415319,0.982701543,0.606815952,0.96570285,4.567520978,25.66810931,5.066370427,4.382025177,0
9617,1672.409216,18.99352466,0.657686228,0.650471827,0.793669321,0.423118708,10.35400136,206.4723933,14.36914727,6.502204196,0
510,4044.488537,37.65806167,0.445468846,0.434819871,0.684478616,0.189141753,47.26086509,1271.079715,35.65220491,10.0308658,0
115,107.0538769,2.82077356,0.74719665,0.625055188,0.95177672,0.390710793,32.69984073,166.3415169,12.89734534,10.82950114,1
1806,513.2517615,8.820434175,0.671336895,0.636066944,0.932563844,0.404591917,13.57935173,270.3243546,16.44154356,7.193724703,0
7834,3453.772821,33.75419857,0.370079775,0.347823746,0.779064687,0.121102802,68.93887988,1522.98404,39.02542812,10.18294671,0
1200,1359.443071,15.66610695,0.606108755,0.578725466,0.864331826,0.334952412,49.96014627,480.0118058,21.90917173,10.79516945,0
2992,2238.540976,24.829032,0.51047,0.495536634,0.837955357,0.245591923,64.78698925,894.9104997,29.91505473,10.60261364,0
4714,1708.6543,19.10767193,0.585207507,0.563964617,0.862967027,0.318081582,60.13251637,573.0752769,23.93899073,10.78105482,0
6679,2267.170674,23.04327085,0.478125128,0.441504266,0.816705535,0.195002229,75.30406579,730.6514913,27.03056587,10.66065935,0
3241,1477.149895,15.37672338,0.640456368,0.60936581,0.859670245,0.371360006,76.32304223,456.656045,21.36951204,10.64406206,0
5581,2184.954808,26.50594559,0.435119513,0.417203948,0.820002643,0.174102191,51.22152566,1092.905767,33.05912532,9.930795209,0
5097,2881.940535,24.43565879,0.586016019,0.566520206,0.783194447,0.321031187,97.21988959,808.3669687,28.43179503,10.24853343,0
1621,1016.983952,13.65818912,0.437334501,0.348863792,0.89162609,0.121739906,42.50601613,813.406251,28.52027789,10.03840306,0
8156,1516.78724,19.36245287,0.45751565,0.416625863,0.826142596,0.173632423,42.20523969,886.2550312,29.77003579,9.280117996,0
8282,2353.715237,21.1698709,0.598236676,0.577134436,0.832228749,0.33314421,87.28963046,831.5358308,28.836363,10.48971763,0
1857,511.0809326,7.253808963,0.690854407,0.638012581,0.920037839,0.407089893,53.36818662,353.6754004,18.80625961,10.60901078,0
1230,3533.758779,29.82436668,0.489320473,0.467694354,0.769848852,0.218886613,90.69544696,1094.166413,33.07818636,10.24527101,0
1837,1605.732991,17.88036221,0.552164083,0.514117959,0.861333547,0.264361439,61.29816074,666.2322631,25.81147541,10.74050724,0
7980,329.7435862,5.90487131,0.668635873,0.583056564,0.923831495,0.339975125,41.1018633,236.1002266,15.36555325,10.68957844,0
5782,1181.298007,13.24751537,0.383324171,0.285788397,0.907737316,0.081704365,98.56955967,863.3721557,29.38319512,9.467861198,0
3544,178.41671,3.066663847,0.836585668,0.767370594,0.93165021,0.58886362,46.12110527,79.53963535,8.918499613,11.11488688,1
8890,520.8044495,8.294407749,0.642333915,0.562219595,0.905846579,0.316111576,54.53189199,215.0950142,14.6661179,10.81761137,0
3437,4066.230349,35.23020422,0.431450444,0.413809394,0.730829985,0.171339838,85.23704602,1351.04354,36.75654418,10.32638519,0
2101,4626.164106,37.47768759,0.444730106,0.430683463,0.732639805,0.185623157,86.7953905,1582.165864,39.77644861,10.33162874,0
567,6.604935892,0.263514716,0.977020471,0.965290404,0.914330642,0.93178569,5.136737332,5.820728962,2.412618694,5.481111214,1
3479,2809.637831,26.43025176,0.542357251,0.527720196,0.793615584,0.278559369,70.36557363,900.799034,30.01331428,10.60021367,1
8673,2257.461841,22.0179986,0.45549024,0.419841865,0.854390417,0.176331863,92.11269276,1028.764503,32.07435896,10.13087549,1
5227,495.2301624,7.678555718,0.630222732,0.551039062,0.917222617,0.303668639,48.04546242,370.0331774,19.23624645,10.60830383,1
1816,1937.933861,18.3985805,0.607810551,0.58421366,0.842203861,0.341369447,89.12450664,627.610739,25.05216037,10.53082607,0
6085,496.3801264,6.043788856,0.798485602,0.765193459,0.915500287,0.585532716,59.48510421,314.3801323,17.73076796,10.75690933,0
9405,2080.166992,20.55953177,0.608800344,0.591107923,0.829621135,0.349456354,74.59329099,759.5475294,27.55988987,10.68061171,0
7064,3159.473366,33.51072511,0.433115065,0.421896715,0.764026198,0.178063644,51.86397098,1240.035588,35.21413903,10.37857501,1
7801,5447.840805,47.2877338,0.398500768,0.39027171,0.560958048,0.15243288,62.39894139,2000.956256,44.73204953,10.05901228,0
9357,362.5744477,3.610344688,0.892383253,0.875035236,0.912978033,0.765692269,61.3781363,181.0212591,13.45441411,10.67963297,0
7250,322.1242599,4.69487797,0.705666934,0.583583277,0.946055804,0.340578074,66.60367378,219.0997982,14.80202007,10.8384678,0
3120,54.05996793,1.227441731,0.937334395,0.917548699,0.921805626,0.841897424,18.40591783,65.00440822,8.06253113,10.48139434,0
5996,610.0104171,7.249289854,0.795204754,0.764810234,0.888774091,0.584952125,47.68923224,299.3758987,17.30248244,10.72736807,0
4975,1734.270111,19.55538042,0.50421331,0.472171119,0.848880826,0.222999352,79.08028628,656.5872052,25.62395764,10.84769229,0
43,2407.940818,22.60628788,0.450213137,0.402087695,0.803108556,0.161749176,86.52033785,926.6670125,30.44120583,10.55656132,0
1790,106.5630242,2.33980998,0.85099166,0.791300503,0.890238162,0.626163725,12.60690105,66.77239414,8.171437703,9.045036773,1
5548,1689.281371,16.81302139,0.623969262,0.599374531,0.856276498,0.35929517,73.43389924,618.5744839,24.87115767,10.77449758,1
2665,2354.54951,20.00914756,0.568430282,0.53532477,0.840993091,0.286632419,93.1397817,915.7357568,30.26112617,10.16165766,1
3217,3581.074738,31.03127793,0.483300127,0.464199626,0.750380705,0.215642745,84.82611771,1111.540836,33.33977859,10.50250148,1
5523,1191.656047,15.25674475,0.644345904,0.628859345,0.846788251,0.395478506,13.96237181,297.4932252,17.24799192,7.355171152,0
8486,217.9947752,4.201702829,0.751011815,0.692726293,0.941208639,0.479881796,31.96206239,254.3505158,15.94837032,10.53373255,0
3166,1410.946972,14.82592633,0.600892561,0.556193798,0.852752862,0.309401894,78.85936975,446.4653072,21.12972568,10.86183473,1
5757,4037.221338,34.81685289,0.547248383,0.540373215,0.672863613,0.29209253,80.57305392,1363.031797,36.91926051,10.51495458,0
7821,5107.745794,43.91680112,0.390007267,0.378845853,0.683152427,0.143668017,80.04787855,2120.976132,46.05405663,10.21267208,0
9266,3200.659663,30.76493589,0.445131805,0.424863984,0.772091741,0.180604212,71.08280288,1258.870165,35.48056039,10.5483908,1
2638,1466.072426,14.28608848,0.611454352,0.549583824,0.870429118,0.302082375,90.41303232,534.3241879,23.11545344,10.77416384,0
9031,1214.62797,13.44852415,0.695856762,0.677212435,0.882959607,0.458645047,62.09582327,469.9278828,21.67782007,10.72266593,0
832,544.6940056,7.205631802,0.669091794,0.576901395,0.920000743,0.332830653,54.88861996,260.6886336,16.145855,10.85555194,0
1157,352.8110481,5.543481446,0.783822939,0.75112071,0.913125734,0.564190885,39.98156412,217.7715894,14.75708607,10.76082321,0
1554,1172.369939,17.07031726,0.597316805,0.584129684,0.816019103,0.341250898,32.25281693,403.6302801,20.09055201,10.7176668,0
3836,1578.959872,17.84651533,0.685111459,0.676209452,0.731472441,0.457286001,13.20194768,230.2285518,15.17328415,7.999018102,0
9495,2256.626991,20.62212709,0.523924918,0.484538522,0.838615142,0.23484553,95.54884664,764.7497132,27.65410843,10.13425608,0
9794,4627.689134,37.54812915,0.476733035,0.46556416,0.729952425,0.216878649,90.70888691,1753.640665,41.87649299,10.34932783,1
4966,597.4888989,8.554480474,0.635195587,0.575699773,0.921701812,0.331455612,58.19503693,396.5868257,19.91448783,10.81829569,1
3218,198.9500739,3.940425494,0.771998351,0.715227498,0.941635699,0.511557096,21.1019165,220.8975528,14.86262268,9.668640786,1
8228,66.40685665,1.805867529,0.805023589,0.660158782,0.953414761,0.435817572,31.43047046,59.11338442,7.688522903,10.77262203,0
1988,1070.287221,14.54650205,0.659750076,0.647779559,0.864938591,0.419630972,11.23417769,247.4149068,15.72942805,6.430759502,0
8420,688.5587678,8.121371525,0.736930853,0.696563043,0.899842044,0.485212498,56.8847213,364.9183872,19.10283715,10.73117354,1
5618,1399.194703,15.63787998,0.618534015,0.591323019,0.883117746,0.349684465,56.19016168,686.4946137,26.20104223,10.81139677,0
8809,1592.621072,15.58116863,0.621668921,0.587991509,0.870669038,0.345779099,82.43853182,591.0119694,24.31073774,10.64334977,0
5095,3023.538088,33.08323486,0.401113637,0.386705913,0.75339101,0.149671221,51.76373938,1269.536136,35.63055059,10.28877658,0
8690,2115.170588,22.31815885,0.635778262,0.629332579,0.769747833,0.396063742,8.991120673,167.4438093,12.94000809,6.204614599,1
8631,2730.581938,25.00568859,0.522372498,0.498961306,0.824106612,0.249023824,94.54203407,876.3032629,29.60241988,10.15694441,0
5421,184.7752837,4.081341822,0.671553818,0.538763409,0.94990176,0.290281707,35.69304481,213.4972397,14.61154474,10.8512755,0
8249,205.1119739,3.358353829,0.861794025,0.83084359,0.916013767,0.690308745,38.70588757,112.5473736,10.6088347,10.97071276,0
525,116.5637713,2.002366133,0.893882756,0.862703866,0.853402152,0.744259912,13.86246986,44.51332223,6.6718305,9.936728588,1
7344,444.6720138,7.487195399,0.705408267,0.678144886,0.86664528,0.459884615,8.515413698,99.58050257,9.979003085,6.455471577,0
9009,473.9389492,6.400118968,0.804851678,0.771191106,0.881745806,0.594748084,47.33651717,188.8744214,13.74315908,10.81166439,0
3004,1921.05264,23.34836425,0.444849623,0.419131228,0.845010388,0.175720453,60.55001092,913.7335221,30.22802544,10.72932274,1
8611,272.4006231,3.745127554,0.874711087,0.855444069,0.8279798,0.731785544,13.05419077,57.73925018,7.598634758,9.900447865,1
7693,1981.488494,19.13836939,0.530941039,0.494959212,0.854980532,0.245045584,93.11113185,796.5602913,28.22339971,10.31763886,0
8988,136.8285016,3.166555327,0.685763343,0.47159208,0.94211855,0.222419396,42.0412308,80.93721924,8.996511504,11.30454888,0
6661,2152.186096,21.25817416,0.568573823,0.544408136,0.826573445,0.296430529,73.46788009,766.2720946,27.68162016,10.85784533,0
8386,818.8463452,13.13426549,0.572793509,0.543102514,0.925011338,0.294973052,29.40124833,791.9073903,28.14084914,8.590542135,1
9736,3597.474038,42.20546239,0.235987837,0.221329681,0.709211218,0.049007422,40.94447834,1531.170194,39.13016987,9.220305469,0
168,3221.084148,33.52936432,0.432455676,0.420185693,0.762753147,0.176690581,48.07357524,1151.74291,33.93733799,10.33875852,1
7566,3815.476644,33.67566861,0.428794111,0.409944252,0.761418352,0.168148336,79.96990914,1381.063605,37.16266413,10.42401177,0
88,820.0278759,9.234726143,0.686225622,0.627542243,0.889165699,0.3938564,72.38631355,326.4633844,18.06829777,10.86447858,0
2636,2687.221761,24.19411568,0.505522663,0.482521115,0.831389932,0.232923209,106.3523561,922.3458428,30.37014723,9.745494475,0
2536,1019.099145,11.07133829,0.572063119,0.490816094,0.91197007,0.240935201,78.61265261,601.8057116,24.53172867,10.73336098,0
8754,3072.03652,31.14451056,0.404991422,0.386128546,0.771214739,0.14917066,66.95158063,1334.162922,36.52619501,10.5067944,0
4928,163.2872312,3.07900798,0.818734023,0.757832026,0.939276862,0.574316511,37.71174031,175.854706,13.26102206,10.9658369,0
4346,974.6220191,12.04918263,0.639405334,0.601749204,0.902526078,0.362122601,65.9621088,375.8351684,19.38646869,10.76513284,0
7925,3260.506047,32.88586737,0.440326411,0.427866337,0.762917954,0.18312827,49.04160263,1095.330984,33.09578499,10.43949175,0
3545,3739.154995,32.29987163,0.480612875,0.465091314,0.76399268,0.216401384,85.89910508,1211.057613,34.80025306,10.43910132,0
7147,955.5681908,12.56150164,0.638941292,0.614371847,0.898313761,0.377469666,41.3518846,558.1574727,23.62535656,10.51541299,0
255,241.5825464,4.287248902,0.772025452,0.6907692,0.919387595,0.477170292,32.39776437,151.9012228,12.32482141,11.08687387,1
2370,1506.978355,15.16166672,0.578626111,0.521797093,0.858857973,0.272304155,74.63673909,660.9334033,25.70862508,10.64782558,0
6538,1968.789493,20.58364675,0.612330082,0.600249261,0.830180297,0.360337821,56.59684977,770.9257944,27.7655505,10.58738564,0
3243,2216.193919,20.55753216,0.611981394,0.589703167,0.812522266,0.347806888,89.30165387,690.9371762,26.28568386,10.63486065,0
803,4374.386324,39.2405444,0.398355153,0.385455121,0.705836406,0.148678214,60.86162101,1401.95984,37.44275418,10.34779273,0
4818,2074.533157,18.98002282,0.60125257,0.568850663,0.846318136,0.323661096,90.58205097,802.6132459,28.33042968,10.4261018,0
426,865.5767046,8.93665867,0.677809772,0.612732743,0.905412634,0.375465916,77.82772005,356.5393061,18.88224844,10.85216731,0
6313,3396.243034,31.38724155,0.412482206,0.389032299,0.778494107,0.151438596,91.11316489,1072.790879,32.75348652,10.16344024,1
6498,2271.724367,26.91540807,0.459858728,0.443543229,0.81027897,0.196752203,26.27928602,607.3476086,24.64442348,9.069903343,1
5722,2189.615471,24.49424907,0.563743149,0.553784639,0.79211711,0.306729378,37.29872917,751.46677,27.41289423,10.40155516,0
5092,1337.317416,16.0207752,0.599152278,0.559423931,0.857361006,0.312981848,58.32531099,473.0853838,21.75052606,10.82943704,0
4931,638.5037551,7.561782625,0.695495169,0.622020573,0.919821867,0.386932447,69.93028642,361.0282598,19.00074366,10.78938692,0
5690,981.7932626,12.7567248,0.652702677,0.621192743,0.891513564,0.385897388,31.31750603,463.8180815,21.53643614,10.078477,0
2265,663.2210676,8.32189446,0.702827059,0.649897978,0.908404235,0.422383015,58.3603103,339.3521815,18.42151409,10.78819489,1
6283,2260.60482,26.73006761,0.454840793,0.437876172,0.800147251,0.191770227,30.89170116,740.2772982,27.20803738,9.203579697,1
4363,211.4710238,5.134932577,0.563057787,0.423875812,0.95166784,0.17968051,22.94690316,329.8500951,18.16177566,8.892745835,1
2474,3225.399254,32.4001136,0.507208815,0.4982841,0.70088832,0.248319195,16.80303527,569.2289458,23.85851935,7.407025161,0
8558,2750.705286,26.70664986,0.457102226,0.42960424,0.805311661,0.184656691,77.83645417,1128.345627,33.5908563,10.58469849,1
2381,3064.398263,28.35180172,0.440270013,0.406127937,0.783862717,0.165026911,89.03664264,1078.972609,32.84771847,10.4101583,0
749,1348.365233,16.91708858,0.447546634,0.38501557,0.880507407,0.148282239,55.93278562,958.8433122,30.96519517,10.42541842,0
1027,1988.000693,22.67014059,0.548891372,0.530697157,0.819908984,0.281675975,45.42137106,716.7894823,26.77292443,10.3340293,0
5477,407.4201279,6.220003062,0.685505176,0.579915089,0.92847317,0.336316377,46.56549428,288.4927032,16.98507295,10.69694541,0
2105,435.7118,6.715016635,0.625171275,0.564314116,0.965095271,0.318459404,53.69534483,878.6490818,29.64201548,10.28191415,0
5659,1347.794644,13.19628046,0.571090921,0.485413518,0.871649018,0.235680734,85.9201278,557.681332,23.61527751,10.72493468,0
3897,4671.138293,40.87790116,0.383602554,0.370093671,0.695994283,0.137119018,74.17572433,1636.90066,40.45862899,10.41347874,0
6720,95.82652708,2.660753548,0.773344256,0.682703735,0.951566729,0.466096492,29.06125448,110.1321977,10.49438887,10.93182359,1
9489,2059.148847,21.84868482,0.450500958,0.41152343,0.864031386,0.169404967,73.32329697,974.580085,31.21826525,10.65733321,0
3162,9.22965992,0.191391695,0.975873027,0.853402239,0.720044376,0.728301057,4.025889779,0.0813822,0.285275657,4.035984478,0
8886,1964.47723,20.56929187,0.526311715,0.500838795,0.859411049,0.250889591,87.0694277,737.6200291,27.15916105,10.54793037,0
729,3246.822953,23.43166473,0.569946367,0.516644939,0.836231793,0.266995244,112.9626094,1349.07254,36.72972283,9.913429174,0
1318,2863.776372,30.51418383,0.501879403,0.491694487,0.70102986,0.241803106,46.69992869,656.8122629,25.62834881,10.58925414,0
703,3511.754882,31.04761742,0.508933827,0.494842333,0.7531425,0.244972133,79.75512146,1145.279275,33.84197504,10.5297263,1
9190,1868.782573,18.30447546,0.66243638,0.649726175,0.828073275,0.422189351,71.08934084,644.6909105,25.39076428,10.71082331,0
1237,4111.444668,34.77078234,0.446361167,0.429415792,0.748681791,0.184529303,91.11722318,1402.055679,37.44403396,10.27108955,0
9318,117.704284,2.028692268,0.896655793,0.848481009,0.922313102,0.719923021,37.646872,78.56934764,8.863935223,11.30278958,0
172,1544.672101,15.17252121,0.614643556,0.568409342,0.864364123,0.32313105,79.33378859,571.7311065,23.91089932,10.70592336,0
4127,3911.012171,37.84820525,0.415551498,0.404266569,0.696790125,0.163552955,63.15419586,1506.829141,38.81789718,10.4238465,1
2340,3600.865408,32.21296467,0.441425613,0.4207414,0.755306741,0.177114585,81.87051005,1263.721457,35.54886014,10.49804887,0
5860,1541.237874,19.94329064,0.582768357,0.572191179,0.870906255,0.327417789,34.3837945,753.713213,27.45383786,9.909411263,0
5435,1772.78609,19.75241323,0.642108076,0.633036996,0.790750332,0.400754568,22.44250513,418.46808,20.45649237,9.375501609,0
784,181.6357566,3.318715216,0.757237483,0.65812645,0.917943738,0.433136636,14.03839116,135.9251796,11.65869545,8.144455214,1
3067,2623.271917,26.02703325,0.484409152,0.464571308,0.82017968,0.215909644,82.107883,985.3880967,31.39089194,10.49368323,0
3626,1748.103251,17.97406246,0.615450888,0.592087978,0.849571596,0.350615116,73.23190081,617.8824762,24.85724193,10.76661085,0
5711,5546.524671,44.97145391,0.370455425,0.357811097,0.667850494,0.12818766,88.97645837,1935.21634,43.99109388,10.33742365,0
4035,1185.051449,14.76623611,0.633582288,0.613565079,0.896954889,0.376485426,58.99502371,767.9359887,27.71165799,10.58226102,0
6641,1667.333213,15.05296766,0.55462356,0.498946148,0.885262316,0.248988106,103.9205629,597.1577537,24.43681145,9.614373571,0
1890,471.7280223,6.734398311,0.731321671,0.680606862,0.929667247,0.463243031,59.161715,374.6800215,19.35665316,10.86681186,0
23,89.80723962,1.685885426,0.896786661,0.854645,0.948537842,0.730419391,30.13478021,57.32007771,7.571002424,10.6339524,0
3441,2101.185114,20.84234218,0.512127109,0.480032738,0.858856689,0.230487283,78.47668344,1034.081711,32.15714091,10.59539754,1
8141,3492.867036,32.82084436,0.443101034,0.426719487,0.745302672,0.182166712,59.80269152,1050.612481,32.41315289,10.44820056,0
2812,3314.946933,33.35168212,0.429991127,0.41681918,0.757105343,0.173812484,51.49053143,1164.311631,34.12201095,10.26725422,0
550,2133.632841,19.165435,0.639515632,0.615191388,0.835112074,0.378498533,83.1060507,970.6583305,31.15539007,10.47763432,1
5525,3867.13659,31.71343637,0.490620406,0.47152826,0.740952321,0.222458657,93.11042887,1372.743746,37.05055663,10.09456808,0
5746,3021.052743,27.74597643,0.515902691,0.49993059,0.783596119,0.250023551,75.33853107,1058.588583,32.53595831,10.61316739,1
71,531.881313,8.253566545,0.57303027,0.464104934,0.906794,0.215439238,55.87142425,263.6382326,16.23694037,10.73587983,0
6213,1439.412401,16.67216563,0.557388161,0.519517111,0.86697463,0.269941783,66.16286101,638.1459943,25.2615517,10.74170614,0
7559,2322.292066,22.42553114,0.535866889,0.5020972,0.826388391,0.25214671,81.16067301,744.3636637,27.28302886,10.59432904,1
5179,490.8552996,6.703237576,0.773096593,0.743059635,0.88964457,0.552162181,54.43880043,204.6974285,14.30725091,10.60275822,0
9575,3045.016868,27.40439294,0.534058148,0.519277302,0.800554837,0.26971319,80.24458836,950.2386151,30.82594062,10.72577403,1
423,2905.201199,29.0160186,0.497639906,0.48329922,0.801017737,0.23362836,66.09622992,923.7580054,30.39338753,10.58756421,0
5430,53.21455269,1.091450311,0.943290401,0.927316823,0.917313111,0.859918171,8.235248364,52.77222499,7.264449394,6.958501526,1
5104,103.3211649,1.31136215,0.971800283,0.970785886,0.850707334,0.942425973,5.667316573,32.13226684,5.668533041,5.497697638,1
4657,2272.133336,19.71513241,0.494638208,0.440417745,0.842927008,0.194035006,98.03505516,955.4322179,30.91006661,9.721522027,0
9398,1605.457266,15.71505284,0.563743924,0.521423999,0.887555849,0.271920149,85.02127851,713.7844678,26.71674508,10.42166463,0
2737,2887.395411,28.61808692,0.524678816,0.510690781,0.776868597,0.260866185,63.7091081,810.5182814,28.46960276,10.6980887,0
8974,3163.362143,30.74222182,0.395204006,0.373212322,0.797923369,0.139375228,87.91238263,1219.066443,34.915132,10.21841004,1
4271,1521.14125,16.27837062,0.532884082,0.482327615,0.851487288,0.232698809,83.62785148,504.4545187,22.46006498,10.83486907,0
5781,1283.047298,19.2991028,0.311499945,0.249441849,0.861555335,0.062247102,39.15167354,1008.496757,31.75683795,9.187361492,0
4882,653.5816789,6.316185197,0.838568466,0.819165492,0.899365593,0.671039684,69.47168457,392.5148517,19.81198758,10.802286,0
3455,935.2349229,11.70329736,0.61466378,0.568970357,0.89012885,0.323777436,62.66586269,410.6316882,20.26404916,10.85010165,0
953,289.1689504,4.690411764,0.791227693,0.753538659,0.925748334,0.567833874,42.54902722,180.3897089,13.43092361,10.8012345,0
6833,821.2107802,8.088588419,0.766584657,0.727100907,0.900052138,0.528692599,77.46624908,387.7768811,19.69205122,10.79856391,1
3321,2252.787277,22.06328761,0.511914218,0.485618181,0.850242452,0.235886604,81.7695846,1026.8616,32.0446813,10.48724974,0
5547,462.4222782,7.878201529,0.623409267,0.563017529,0.925911696,0.317018929,50.94474108,345.7806569,18.59517832,10.66058258,0
6051,1048.300863,11.97169314,0.691341176,0.665052888,0.872093925,0.442327686,65.60731348,464.5648605,21.55376674,10.82356403,0
583,2692.533267,32.13821059,0.371485724,0.356568062,0.800436542,0.127203606,53.3815756,1416.710182,37.63921069,10.21842146,0
1401,2947.946507,30.46117857,0.429058468,0.411823125,0.806406551,0.169663189,68.38149466,1199.362702,34.63181632,10.59258711,0
1169,1539.575486,17.32244315,0.508815457,0.459008071,0.876080808,0.210738902,76.5840587,743.0815981,27.25952307,10.72371327,0
716,4727.80572,41.55046476,0.40885116,0.396477456,0.66627155,0.15732747,89.87750928,1297.393424,36.01934791,10.38422815,0
8632,1295.14696,13.45463842,0.501216898,0.428100943,0.912298281,0.183296402,102.7025289,668.7044191,25.85931977,9.524560999,0
9802,535.4207765,6.520469243,0.774075952,0.736017802,0.916837562,0.541732164,55.20244502,270.1986679,16.43772088,10.69123185,0
5724,27.93101803,0.62258693,0.961947458,0.951866336,0.893862062,0.906050561,5.160497057,11.61387444,3.407913503,5.306471486,0
1339,382.5839532,6.040330074,0.809458184,0.796414065,0.852332583,0.634291033,12.8257084,119.3634938,10.92536012,8.705684497,0
4144,260.346466,4.205418203,0.706178836,0.582944721,0.946976852,0.339840016,60.29970906,201.2741396,14.18711174,10.56475303,0
6528,190.5923439,4.087549999,0.684943096,0.618284511,0.964178556,0.382279274,48.45071094,250.2710832,15.81995838,10.68134036,0
999,4361.400105,39.35767089,0.398673807,0.384594473,0.679683565,0.14803343,71.36373289,1685.593711,41.05598265,10.30863211,0
538,3759.637991,33.30335222,0.437984562,0.42099359,0.761811938,0.17736338,80.38942904,1399.059557,37.40400456,10.46153583,0
2863,86.80128671,1.274421542,0.96603908,0.963746167,0.780583897,0.928807523,8.310667321,36.35009754,6.029104207,7.655814226,1
6532,3689.802405,31.31745426,0.445016288,0.422142561,0.782825109,0.178304909,91.92327793,1383.140764,37.19060047,10.08920182,0
3749,2758.44142,26.95441618,0.387661258,0.350493229,0.803275914,0.122934318,80.84560942,1083.746989,32.92031271,10.51448956,0
5454,1776.695295,17.57083271,0.613254989,0.588789048,0.852092854,0.346707268,81.44914235,604.5611358,24.58782495,10.67873156,1
9528,2333.316677,22.69065453,0.604492204,0.592983252,0.819129548,0.351701168,75.19674388,809.5572256,28.45271913,10.61612508,0
4070,1001.814017,12.73151294,0.688411991,0.667057292,0.836320436,0.444988183,25.36150558,369.6793775,19.22704807,9.725770037,1
6156,2260.160704,19.95951169,0.60084143,0.571967642,0.834803014,0.327196552,81.24447536,796.236516,28.21766319,10.62577932,0
3829,84.00169898,1.495639472,0.91620139,0.892680219,0.897644818,0.79688038,8.919202314,50.18758087,7.084319366,7.416605389,0
8307,2969.349623,26.08652859,0.462631602,0.433335494,0.821471794,0.187877562,100.4205126,1025.195468,32.01867375,9.862910684,0
5238,1385.859091,13.26522667,0.808624463,0.805151387,0.767511489,0.648287853,11.47133508,422.1537593,20.54638069,6.706722453,0
2124,1339.186167,14.68360098,0.639365478,0.608100583,0.838020625,0.369822548,58.08933089,507.594877,22.52986633,10.69801798,0
969,2493.420325,22.88762897,0.611363956,0.598225988,0.798055646,0.357927105,76.85855442,666.4904576,25.81647648,10.58363747,0
8541,171.3263919,3.476945311,0.833314255,0.809488701,0.953838459,0.655275456,22.43169048,270.2786794,16.44015448,9.233532511,1
6848,2021.819773,18.1061049,0.548976792,0.493638114,0.828458531,0.243749444,90.53726306,724.673022,26.91975152,10.63833428,0
602,3407.084502,35.24471046,0.371645013,0.35366758,0.73937475,0.125137891,54.17469728,1224.494582,34.99277899,10.25004615,0
8659,1865.658777,20.76944986,0.417855707,0.364916795,0.83598847,0.133228781,71.67948327,1113.838406,33.37421768,10.33837363,0
8198,222.5669372,3.651053193,0.817226539,0.759956087,0.903908792,0.577545716,34.58540202,155.9192814,12.48676425,10.96631987,0
137,1848.510003,18.1015819,0.728529925,0.722399373,0.726264751,0.52188488,12.34799293,271.390296,16.47392777,7.829417375,0
7038,125.3264828,2.15766057,0.911675786,0.874454808,0.720590421,0.764674915,11.1191926,30.22688469,5.497898206,9.367045565,1
9694,362.0225418,5.288881689,0.762764496,0.72044883,0.944358454,0.519054344,57.88475026,309.0154533,17.57883538,10.85125426,1
742,1883.766154,20.95450169,0.461319281,0.416250974,0.856833449,0.173313321,82.48566676,824.1136149,28.7073791,10.64335516,1
5938,5451.108049,43.18803944,0.381981485,0.365823964,0.669811096,0.134004365,95.08319702,1841.819408,42.91642352,10.16506001,0
968,887.8623738,11.70355354,0.550770059,0.491103257,0.887659664,0.241222826,60.96103588,461.0117391,21.47118392,10.72000725,1
5424,294.1333806,6.389398532,0.592149707,0.497830324,0.910037879,0.24784976,19.18306526,167.5518612,12.94418252,9.565014076,0
9084,2826.921553,25.84921009,0.523604649,0.49715166,0.771721297,0.247237875,74.75671485,918.0503933,30.29934642,10.60552575,0
2659,4906.207963,40.45217864,0.407861271,0.393877524,0.699652197,0.155295917,87.71552003,1696.208627,41.18505344,10.32970356,0
8724,3548.995808,35.50081169,0.409125591,0.396552486,0.753202161,0.157338714,74.21792726,1392.066575,37.3104084,10.48598489,1
2637,1154.963389,11.17777553,0.633282231,0.566705064,0.89231589,0.321195378,83.02047553,474.6344059,21.7861058,10.91390516,0
4723,972.0155655,11.14850168,0.681354634,0.641604975,0.876656944,0.411745349,64.73215872,355.8702954,18.86452479,10.7568525,0
4732,152.0561199,3.691724325,0.737840861,0.635918072,0.931366931,0.404409591,35.88695056,80.4570149,8.969783437,11.02990457,1
8994,598.1570835,8.714664087,0.621380926,0.557263942,0.911835517,0.310569852,58.19827254,331.5973665,18.20981511,10.77618584,0
8024,1657.136274,15.82962327,0.56223693,0.510370244,0.863721647,0.260531805,93.1916075,551.2155167,23.4779794,10.54024476,0
3643,893.007787,10.71549289,0.70685556,0.680171714,0.901702525,0.462644552,41.18230879,454.9416384,21.32936095,10.72173712,1
4037,1423.044329,13.9372222,0.790882223,0.785801217,0.744663384,0.61750315,12.14109309,244.6242188,15.64046734,7.864453092,1
4744,1686.817739,16.43792104,0.606990979,0.572803381,0.840555224,0.328163402,84.5203219,694.8884262,26.36073645,10.64482536,0
2314,1898.446484,18.37263046,0.52793083,0.480744963,0.864695133,0.231179394,87.72167759,881.4201216,29.68872044,10.36078177,0
3327,970.3528501,12.29628592,0.572566874,0.505512502,0.875179443,0.255602932,58.98854857,508.8762026,22.55828457,10.85341364,0
6540,1360.354167,13.41499255,0.62320672,0.574857634,0.865318074,0.330515397,81.01694777,580.9304551,24.10249894,10.73893368,0
2857,310.7428913,5.772334663,0.746154787,0.71050047,0.932818815,0.504824808,27.5424787,239.5848863,15.47852985,10.40403137,0
7748,3115.700256,27.6767325,0.447333247,0.414879518,0.769676741,0.172228726,85.12838196,1147.757948,33.87857653,10.52450973,0
9246,811.431872,8.345924756,0.734781799,0.692095733,0.902944293,0.479013119,77.09913627,445.9102685,21.11658752,10.82248918,0
2492,120.0925596,2.163643816,0.86162705,0.820199073,0.95206552,0.672729948,45.66735986,116.9380244,10.81378863,10.95216048,0
6432,2335.819691,26.40146341,0.520607744,0.510260991,0.80626885,0.260410125,31.35319168,913.3095903,30.2210124,9.292449619,1
8317,2643.618748,25.57951078,0.626538248,0.619952849,0.716156641,0.384383954,14.93247159,540.8524902,23.25623551,7.293053517,0
170,544.3200043,6.848777966,0.800494109,0.775466118,0.890353878,0.601368769,56.49189257,243.1350529,15.59278849,10.65988125,0
4092,2704.62569,25.32908541,0.563484441,0.546171902,0.791027908,0.298383488,79.66718214,1041.79398,32.27683349,10.51753848,0
4355,2521.358884,24.7898751,0.531912,0.513648688,0.800204888,0.26389667,81.35248579,623.4406618,24.96879376,10.6476749,0
1775,1759.81602,19.06679456,0.548952565,0.51554437,0.82143502,0.26583682,63.63995506,625.1491542,25.00298291,10.75963535,0
2668,3718.012922,33.44575434,0.499229798,0.488925615,0.720551483,0.239161625,69.08184827,1433.194543,37.85755596,10.28561865,0
3252,596.8430567,10.14721601,0.600326937,0.540574312,0.879711215,0.292256068,35.89037865,276.1330677,16.61725211,10.56793586,0
6182,500.1424025,7.917697722,0.684984769,0.653276764,0.899998352,0.42677863,10.98571214,176.8222289,13.29745197,7.401704677,1
2862,1543.497423,15.54594859,0.556096405,0.514370621,0.892504194,0.264607441,96.40312672,572.0485195,23.91753582,10.2019472,0
8926,63.76558174,1.694500707,0.827876143,0.753714853,0.946868168,0.568090239,12.69693991,71.50804974,8.45624324,8.920478101,0
9593,1333.868929,14.48099133,0.691099111,0.67327097,0.856859305,0.453314285,54.74415027,517.9284944,22.75804241,10.81676133,0
1971,28.52210923,0.666999697,0.922262835,0.829030654,0.919434551,0.687294228,7.640222561,19.35247709,4.399145041,7.669277857,0
4763,1387.563678,16.19625426,0.650094009,0.63637238,0.846700096,0.404999728,42.61193301,582.9217606,24.14377271,10.44500431,0
5450,309.0519782,4.412100799,0.862517951,0.852514139,0.941060695,0.726783862,29.76906343,489.6895114,22.12892929,9.723687874,1
2776,654.0133065,8.760962002,0.630479223,0.549161471,0.906876661,0.301595363,45.74713699,346.4046764,18.61194983,10.70745423,0
3484,3247.720493,28.96758065,0.508302444,0.491620791,0.791575766,0.241785245,85.31137258,1107.602113,33.28065674,10.41550258,1
144,2313.488858,22.02388791,0.574406953,0.551206399,0.830018939,0.303889576,82.57858913,793.7579618,28.17371047,10.60440797,0
3119,1952.690137,26.62153257,0.383276035,0.36472638,0.786128734,0.133054077,24.84930723,629.7285946,25.09439369,8.717867146,1
6727,2800.108908,24.51249972,0.584962708,0.568979729,0.806044975,0.323802775,82.12162823,881.9458047,29.69757237,10.51239029,0
3047,1399.025394,15.55268876,0.519499351,0.456255299,0.858775169,0.208215454,74.10831604,538.0248116,23.19536186,10.71530852,0
549,113.1649473,2.250988296,0.830901717,0.671060334,0.940513268,0.450327888,39.97360801,52.03749854,7.213702139,11.03502194,0
545,1071.608468,11.75665744,0.752855463,0.733391651,0.777560844,0.537875266,35.29468117,229.533793,15.1503727,10.82136863,0
8172,86.37280545,1.649310213,0.820197031,0.67065583,0.896745592,0.449786244,8.341435653,25.56453056,5.05613791,8.061633793,0
3430,109.4607473,3.158313521,0.651008063,0.44060188,0.932908576,0.194147198,25.61886566,90.77181724,9.527424481,10.70688428,0
6180,2465.520205,22.40125745,0.462636887,0.418933391,0.834116484,0.175583008,88.14957768,1220.222575,34.93168439,10.01557111,1
5102,637.1904566,10.63544661,0.624318619,0.599904118,0.875307377,0.359897286,12.43531844,183.2119654,13.53558146,7.721329165,1
987,868.7068078,9.622655299,0.759941464,0.734100406,0.886616921,0.538911696,37.39768378,408.5030343,20.211458,10.80676097,0
229,1626.098206,18.32729107,0.677855059,0.670677264,0.795586863,0.4498266,18.66175834,383.5503825,19.58444236,8.630113028,0
5761,133.8131942,3.044293326,0.759308972,0.633613015,0.953707846,0.401475088,41.0943913,92.19595836,9.601872649,11.20032795,0
8978,34.65282613,1.354390672,0.81091326,0.605561441,0.959988254,0.366710832,16.23722213,55.37906559,7.441711201,10.15792865,1
109,829.8695475,9.499689781,0.596106624,0.508040811,0.915148946,0.258135572,67.40004679,518.2684605,22.76551033,10.94219508,0
3674,3399.622437,30.41828417,0.484689645,0.465528137,0.749785028,0.216807205,72.09969745,1205.71594,34.72342063,10.39783482,0
815,74.41293272,1.108103804,0.93991989,0.891567669,0.777185763,0.794896056,6.75670562,15.82233261,3.97772958,6.937871198,0
1293,1953.250223,21.04947435,0.578979434,0.563406619,0.826704299,0.317484107,57.78810133,845.8714287,29.08386887,10.61548424,0
1420,2063.994831,18.96687738,0.506351981,0.45304019,0.844827234,0.205303404,90.69831531,858.157968,29.29433338,10.30422818,0
4430,2175.446704,22.47168834,0.536553035,0.509840648,0.832758468,0.26000291,68.08766763,724.2896594,26.91263011,10.72127643,0
2571,1989.15982,18.30463713,0.74504829,0.739778074,0.718754284,0.547289147,11.26132153,327.2921636,18.09121786,6.610236662,1
1562,1117.250782,14.85973643,0.526998852,0.481234985,0.877876484,0.231631497,51.11326877,530.3984535,23.0303811,10.72203271,0
7899,1823.645677,21.75478255,0.544200216,0.527117079,0.814756871,0.277904078,45.32926668,794.3175689,28.18364009,10.15440149,1
8162,4242.519911,37.1326964,0.496217555,0.48823392,0.683397706,0.238504907,82.38333106,1728.44839,41.57461232,10.4282401,0
7666,553.4452728,8.893339373,0.5803451,0.502880955,0.909311418,0.252911085,52.90329013,256.2078527,16.00649408,10.66903133,0
2434,4781.271837,41.04104363,0.411901528,0.400621405,0.70349565,0.160633573,73.37141639,1792.742046,42.34078466,10.37611971,0
5140,3514.384,31.74726876,0.485219383,0.470019542,0.766798565,0.221002004,66.59014509,1316.40641,36.28231538,10.26535824,0
4012,2551.326858,22.02582716,0.58413099,0.555400034,0.821099497,0.308530737,107.6199616,707.7911462,26.6043445,9.450954313,0
9586,68.32061293,1.78928474,0.764336077,0.521755445,0.943348839,0.272242781,26.08431034,52.58539959,7.25157911,10.39582128,0
4352,2389.995581,24.9878891,0.479926055,0.459569217,0.837258734,0.211272859,80.81546371,1005.225755,31.70529537,10.54221111,1
542,1702.397217,16.6651357,0.627484412,0.603371997,0.856979218,0.364088545,95.3746652,494.9269019,22.24695264,10.42042782,0
6309,79.32752329,1.665241219,0.918942709,0.896869237,0.943102028,0.804376051,20.70739737,108.5935637,10.42082356,10.40565007,0
3189,1503.746148,17.12039819,0.56888646,0.538495212,0.877700517,0.290007873,73.84841389,473.8122695,21.76722926,10.7648293,1
7744,859.4311377,10.16078704,0.741272222,0.72249646,0.900269002,0.522017667,59.90531333,522.5377065,22.85908368,10.63794835,0
9771,60.6565428,1.423426586,0.851705934,0.659725476,0.927483358,0.4352444,22.79225758,39.47208597,6.282681432,10.87981481,0
9666,2047.619945,24.26756565,0.401400671,0.369082087,0.809483321,0.136280268,56.76863628,957.8536089,30.94921015,10.45994234,0
4811,454.7820311,6.77764059,0.696530198,0.604434782,0.897118028,0.365361884,50.03481749,171.4230958,13.09286431,10.66564375,0
8704,2943.366323,26.30808322,0.534312297,0.518682333,0.788489019,0.269120183,76.06085476,1102.098362,33.19786682,10.49321937,1
5243,1472.182134,19.25213451,0.53835877,0.514214497,0.855312569,0.264436673,23.41773743,528.252637,22.98374724,8.696723949,0
6789,578.4131302,9.357324847,0.664725765,0.629074524,0.878195089,0.395776136,29.0652921,298.8582799,17.28751804,10.27914826,0
9420,2931.300227,33.61231857,0.397669591,0.385548038,0.79225111,0.148684078,25.04910901,914.9794108,30.24862659,8.663948787,1
5539,1849.7178,19.03360581,0.52081829,0.472568383,0.834890599,0.22337916,77.55477015,719.9047782,26.83104132,10.73490524,1
1257,3841.028772,32.58403295,0.429078599,0.408114371,0.763024182,0.166671489,93.96385157,1264.898779,35.56541548,10.14182327,0
2203,1164.676527,13.02821112,0.641754437,0.609015735,0.897159369,0.370916907,71.30115143,561.5375672,23.6967839,10.81689708,0
9062,4376.552489,37.46929497,0.439787958,0.425725668,0.708078245,0.181373065,78.06864989,1624.671819,40.30721795,10.33093892,0
3553,3897.962628,36.17991234,0.404895237,0.390447237,0.760191403,0.152608246,74.56525842,1383.898881,37.2007914,10.47248313,1
7541,5466.330791,46.95537726,0.388241912,0.379281105,0.632379779,0.143963192,83.15480487,1804.899282,42.48410622,10.40500897,0
8722,241.9721085,4.808742519,0.597520712,0.454863561,0.958081632,0.206911329,51.80570306,332.6496425,18.23868533,10.67881133,0
9037,172.6555259,2.962124662,0.820402261,0.772494324,0.957513996,0.596751204,43.59844129,219.3570207,14.81070629,10.84940823,0
9189,4142.933159,38.16792373,0.378883514,0.363587648,0.721553893,0.132330342,68.58836597,1580.121642,39.75074392,10.31030396,0
1019,1722.481121,17.77737226,0.721271786,0.716426403,0.782272382,0.513274705,8.755359093,239.6681342,15.48121876,5.90504059,0
3109,1963.441526,21.99626117,0.55534628,0.540938694,0.832700929,0.292644829,43.01787817,802.7672206,28.33314703,10.2411447,0
5861,833.8312347,8.848564493,0.818728711,0.80758557,0.88159632,0.652212928,40.15389272,355.5679746,18.85651014,10.8560767,0
6321,783.8737497,9.838446567,0.726462054,0.682290842,0.808916785,0.465545053,27.54726439,265.2138154,16.28538656,10.39505655,1
535,2520.474544,23.06310494,0.577833454,0.560977349,0.805649097,0.314746644,89.43460948,789.7426754,28.10236067,10.58028684,0
3750,1984.141667,19.47240682,0.542358387,0.502466812,0.848430894,0.252519301,75.36904431,913.6444521,30.2265521,10.47340004,0
3129,1035.833598,12.78609521,0.599018731,0.558491586,0.888420933,0.311951536,59.06171482,423.1876383,20.57152494,10.83753767,0
7092,883.1190234,11.18199424,0.620172097,0.561692096,0.891484281,0.315521297,62.45998726,394.4498,19.86076031,10.79117897,0
7512,918.6884131,11.47849975,0.688497173,0.662290819,0.887352595,0.438651648,54.32123392,402.1811268,20.05445404,10.88175775,0
7390,1139.870172,14.03953833,0.570232068,0.513802058,0.874816579,0.264020655,54.9437416,695.5249874,26.37280773,10.75861348,0
2380,1329.292384,13.23528033,0.798534051,0.795132437,0.78754592,0.632244812,10.70384971,283.0413988,16.82383425,6.778414626,0
4042,298.4301054,2.913767582,0.954071859,0.948031593,0.421243296,0.898764963,4.607649987,11.4639813,3.385850159,4.604226282,0
4686,1336.577856,13.81948047,0.591892456,0.535556124,0.884656027,0.286853317,73.16654883,652.3517135,25.54117682,10.81115568,0
7035,1139.8955,11.72119467,0.656842132,0.603102384,0.878697873,0.363768074,80.37148468,419.9907501,20.49367586,10.78003668,0
7469,1336.083593,15.46937268,0.581743791,0.544143416,0.881599336,0.296116711,59.75120056,562.9662574,23.72690998,10.80129176,1
2472,2505.007845,22.12100544,0.581637378,0.561961118,0.830819547,0.315848792,86.75108063,849.1331763,29.13988978,10.55174677,0
7519,1823.177142,18.23281959,0.595262719,0.568296325,0.85638533,0.323011558,75.24941399,806.0422052,28.39088243,10.66652359,0
9509,629.8913265,10.1584251,0.642214919,0.604932888,0.874156478,0.365970266,26.99730959,326.5392608,18.07039736,9.806957703,1
8917,1824.900891,21.81194386,0.532801826,0.513670377,0.844941677,0.263891302,38.60869165,785.7640541,28.03148327,9.452318895,0
6463,172.8607076,4.019321356,0.635603666,0.52007759,0.971216864,0.270487695,37.03494004,410.1008718,20.25094743,10.07660291,0
7104,3070.737368,24.77646392,0.510635504,0.461655528,0.79615642,0.21321762,107.0146351,940.9146981,30.67433289,9.458489482,1
9381,715.7269789,8.975468549,0.765316562,0.748038199,0.879770753,0.559567412,35.6056712,353.3348506,18.79720327,10.52393561,1
8113,2519.069527,24.19582779,0.520013254,0.494989785,0.818617239,0.245079885,81.2848991,870.1914839,29.49900818,10.65800797,0
1724,3025.840475,26.76759005,0.548597404,0.532414605,0.785017935,0.283566416,76.05748345,899.6992665,29.99498736,10.63212708,0
1403,3199.866626,31.12978536,0.467315094,0.452303049,0.75780073,0.204689464,71.9338354,1344.775171,36.6711763,10.36563923,1
5481,894.9371404,11.70256322,0.544043192,0.465508139,0.891209776,0.216726244,44.37919531,617.7962635,24.85550771,9.95744585,0
2426,2728.9136,28.65309724,0.442062804,0.422040514,0.775087578,0.178214419,57.28971029,1203.974641,34.69833773,10.22910436,0
7424,944.6145614,10.5715302,0.763248148,0.744565248,0.830144132,0.554402696,48.22018557,336.4910005,18.34369103,10.6799052,0
4808,2553.736347,23.32028279,0.602342783,0.588611836,0.799081015,0.346546411,81.62286049,906.4933656,30.10802826,10.52717691,0
9044,933.1460529,11.71747374,0.771479264,0.766456255,0.874885325,0.587458982,6.726827697,134.7056023,11.60627427,4.956480493,0
6165,4808.150969,40.12215184,0.437698408,0.425341056,0.676613023,0.181059372,79.65125163,1675.528018,40.93321411,10.38690064,0
4117,959.0427661,10.92212062,0.677601803,0.641634101,0.904166725,0.411717458,74.49408762,542.9558474,23.30141299,10.76496075,0
4321,47.52713612,0.468599909,0.988322951,0.986977086,0.873234967,0.974123866,14.01244404,67.510329,8.216466941,9.886236061,0
819,1325.530961,13.56240272,0.642567954,0.60667449,0.883874096,0.36809943,77.91340158,632.6395572,25.15232707,10.78033549,0
3833,35.02541129,0.316740928,0.994521148,0.994187575,0.406783052,0.988408998,4.027620148,0.715653539,0.845963084,4.020699217,0
3957,1888.070459,18.00729685,0.501201418,0.449442699,0.856332783,0.202066147,83.86898233,775.4651622,27.84717512,10.63015059,1
5047,3828.637218,36.67369208,0.467194238,0.45884841,0.710841795,0.21059171,65.88857827,1079.619374,32.8575619,10.58500507,1
4036,2775.735723,24.10499277,0.457041223,0.421784272,0.825937279,0.17799045,98.88330957,966.2712981,31.08490467,9.927039929,0
2828,2116.794332,17.51349704,0.579702408,0.532882212,0.854420191,0.284015312,96.44998913,827.8787095,28.77288149,9.947989064,0
4965,409.6873057,5.923224729,0.711598644,0.635681138,0.930210502,0.40409813,52.7488911,211.3322105,14.5372697,10.83556248,0
6144,1113.985102,13.07636509,0.552916117,0.49480899,0.885722389,0.244877926,69.60614948,462.3334343,21.50194024,10.83305848,0
2104,563.930975,6.548688101,0.797557339,0.768622929,0.913941072,0.59079139,53.43243588,412.6643454,20.31414151,10.6694808,0
177,2192.053515,20.12786186,0.587836247,0.568626807,0.850686369,0.323391669,104.1199207,683.9413508,26.15227238,9.886271026,0
380,268.6589965,3.311185166,0.937309881,0.935794018,0.878771441,0.875710641,5.287243675,54.85256431,7.406251704,4.712331897,0
5290,2327.873553,22.1271043,0.418903013,0.370995068,0.846702284,0.137689494,100.7668142,850.0771666,29.15608284,9.859397255,1
5532,833.5859844,10.55671729,0.648106095,0.603446066,0.914848785,0.364167225,60.73822323,691.4268737,26.29499712,10.63038555,0
6831,1038.490317,12.74392156,0.683533117,0.663102624,0.882830774,0.439718467,41.19129157,566.294328,23.79693947,10.28073869,0
1750,3409.925951,31.05320065,0.530578079,0.518992703,0.749740225,0.269456321,70.23195384,932.3740562,30.53480074,10.63575756,0
2473,3179.530419,28.8911435,0.382963231,0.332342543,0.776553703,0.110544258,96.80418448,1162.450644,34.09473045,9.744690723,0
1535,2067.107763,23.67882891,0.50689243,0.488142829,0.845971179,0.238325779,49.17706343,987.5406298,31.42515919,10.3139785,0
6578,593.1948744,7.770896442,0.753062986,0.717568077,0.90402594,0.514925076,57.15954685,247.8261244,15.74249423,10.68559315,0
8358,634.1074474,11.03028083,0.502082723,0.434787033,0.927309471,0.189070967,34.30923085,778.2191359,27.89657929,9.066915375,0
2890,3505.768881,31.1468937,0.485199352,0.469155197,0.756987036,0.220221346,82.5540871,1190.279809,34.50043201,10.41188486,0
127,1202.976962,12.20824635,0.660523348,0.610820796,0.865580402,0.373153142,82.67774266,402.1458611,20.05357477,10.84234269,1
7956,39.21999343,0.230024557,0.997691479,0.997468367,0.519692596,0.99494318,5.692267228,11.59691648,3.405424567,6.111898373,0
1037,2217.070757,23.22557824,0.629674712,0.622941676,0.78052385,0.388080438,15.92667461,544.5168939,23.33488577,7.796945557,0
2851,326.1036327,4.229593887,0.887580454,0.87030346,0.753749316,0.757429336,7.774280832,61.05372189,7.813688111,6.594701532,0
9834,2363.950058,27.91774081,0.40450644,0.384163397,0.795854006,0.147636102,47.4370445,1038.601906,32.22734717,9.901742192,0
5296,1795.045587,17.33022727,0.570947475,0.535830505,0.864146542,0.287159694,101.8928805,494.0918036,22.22817589,9.978841818,0
1628,4649.570238,40.62339426,0.385797911,0.372484717,0.700555137,0.138872724,75.07090297,1709.938216,41.3513992,10.30324536,0
1960,3597.001322,31.02728375,0.519763862,0.507180856,0.767468764,0.257355477,84.17818584,1276.264754,35.72484785,10.3709708,0
8086,2079.511337,23.32673095,0.540327605,0.523923036,0.815394356,0.274521588,46.82023691,879.3239561,29.65339704,9.901349008,0
1778,883.7391603,10.78677669,0.708623942,0.684812324,0.904616173,0.468988869,49.39684162,506.2385124,22.49974472,10.86632832,0
601,221.3650442,5.575398001,0.575995014,0.483856479,0.951561735,0.234130137,17.9715929,284.0251995,16.85304719,8.48504561,1
307,2147.37884,21.99353119,0.597468811,0.582510014,0.795331169,0.339372113,61.89890961,703.6488853,26.52638093,10.69782518,1
6295,2237.782465,19.65992623,0.528451459,0.482512958,0.843880399,0.232885976,97.03188447,835.471436,28.90452276,10.01246721,0
9762,401.8423067,7.454536218,0.606852439,0.541033488,0.929999423,0.29274239,39.41925247,419.8750913,20.49085384,10.08053344,0
5224,668.2790921,8.845279507,0.673781267,0.629089708,0.925282981,0.395765927,61.90287035,634.7101574,25.19345465,10.74314931,0
2692,588.7808578,6.408621594,0.892547787,0.889570426,0.763612165,0.79134042,8.682702178,108.521905,10.41738475,6.899649282,1
1921,549.5714816,6.872224849,0.859622474,0.85522543,0.820469534,0.731429463,9.979688171,127.9838529,11.31299487,7.500311346,0
5632,1805.183395,21.29126152,0.550337161,0.534432374,0.85888482,0.285644121,52.79017105,752.1027856,27.42449244,10.5976361,0
2255,3648.736259,32.76279302,0.452189407,0.435653325,0.771963379,0.189903557,79.92202719,1261.947705,35.52390329,10.47434491,0
8007,2044.461556,19.18753406,0.637763762,0.61503574,0.824950533,0.378325594,79.20070973,722.2549039,26.87480054,10.80541937,0
2763,172.3966418,3.325311103,0.814521131,0.71729468,0.867063423,0.51452048,20.69313019,71.12979156,8.433847969,10.21503838,1
4199,1061.39886,10.62177691,0.840483804,0.833675819,0.620733059,0.695024118,9.151502676,119.8123113,10.94588102,7.492151199,0
3993,62.71268311,1.807517771,0.750523178,0.463531454,0.941128136,0.214878702,21.51423339,67.10306795,8.19164623,10.34064747,0
9041,5614.266801,46.35060415,0.365656749,0.354002165,0.661215549,0.125473105,79.91801264,2161.457171,46.49147417,10.28295549,0
7161,3189.060597,28.51160138,0.45549106,0.425738418,0.764185203,0.181369034,86.14934167,1304.275509,36.11475473,10.27468681,0
2783,1584.774346,21.22868722,0.506966392,0.487615687,0.783869195,0.237838518,39.47793702,527.9657116,22.97750447,10.42190773,1
9114,3196.79284,28.52244407,0.554587276,0.543552722,0.76005712,0.295524369,74.02260577,1071.843606,32.73902268,10.51739396,0
8719,1436.459606,19.39733163,0.558303618,0.544894622,0.861763031,0.296921491,15.69603524,381.1109606,19.52206343,7.469718158,0
1547,3367.971911,30.76981509,0.495265802,0.480783384,0.772269161,0.231247857,81.40048521,1175.805647,34.29002256,10.50328643,0
1551,142.7375173,3.369270252,0.708171456,0.552898379,0.946520454,0.305712295,38.1456417,134.2761604,11.58775907,11.15559725,0
181,3582.627303,37.25176523,0.397093175,0.386350223,0.705070636,0.14932314,25.64814491,873.9313555,29.56233001,8.525400338,0
5512,169.2240329,4.14787316,0.640278063,0.511394937,0.942265883,0.261537548,26.91259203,261.4685728,16.16998988,9.836251352,1
9492,654.7568743,6.503866127,0.900456305,0.893423239,0.543602212,0.798210255,6.884397046,69.80616307,8.355008263,6.25910492,1
6912,2059.093447,21.152096,0.62091758,0.60998631,0.836671186,0.372112809,62.77430583,763.3347094,27.62851262,10.63241368,0
5007,2083.606754,25.39806952,0.431047292,0.406626059,0.755326364,0.165405243,48.8316722,747.6591519,27.34335663,10.34873642,0
7658,542.9026255,8.782056293,0.629291763,0.571980365,0.905743287,0.327192935,45.98649323,320.4819471,17.90200958,10.67028972,1
9354,1356.962972,16.15689815,0.453117163,0.407437629,0.896857531,0.166051412,85.86592147,833.2404773,28.8659051,10.54579265,1
8843,747.1373785,11.87937675,0.657711831,0.641519127,0.913074409,0.411552946,19.08496183,466.1717128,21.59101,7.84460723,0
2443,1943.909589,20.74480938,0.477013816,0.444879912,0.864796792,0.197965721,88.15290631,829.313783,28.79780865,10.43354416,0
3712,766.4013025,8.009420532,0.702367446,0.616567421,0.904551218,0.380173004,74.09814945,397.5169537,19.93782721,10.87970596,0
6550,1414.197947,16.45675302,0.53596105,0.491146073,0.870157414,0.241260922,55.35076232,669.6344098,25.87729526,10.75839476,0
9686,929.6832977,10.67859527,0.71508462,0.688601241,0.883649648,0.474194408,66.74335264,574.1529541,23.96148898,10.51859796,0
8742,842.934629,12.32214177,0.614424028,0.590090583,0.901506024,0.348214948,14.45081527,306.146198,17.49703398,7.484757128,1
9091,3248.128558,28.71568976,0.4626383,0.440230765,0.805426545,0.193891761,92.22194071,1177.971619,34.32159115,10.31230101,0
8210,1007.439251,13.42563142,0.635772577,0.61231686,0.816160213,0.374949993,21.5389892,298.0674501,17.26463003,9.49178093,0
1906,2943.566725,26.50852538,0.53808637,0.52004175,0.791721924,0.27050832,86.62370108,1031.942856,32.12386739,10.56440613,0
5917,477.9903961,6.133267121,0.790287488,0.755971568,0.9093568,0.571503389,50.0147506,278.3880208,16.68496391,10.86193773,0
7605,1808.898161,18.30797003,0.520184567,0.465840498,0.841748434,0.217076425,78.67232389,616.436066,24.82813054,10.73554463,0
7931,34.95530179,1.459781792,0.784599217,0.544653489,0.93955956,0.296658371,10.06360821,28.75705289,5.362560292,8.769023146,0
8372,2138.323632,23.33431226,0.566379668,0.554840995,0.814075429,0.307887941,49.51470339,850.4490211,29.16245911,10.51225072,0
2405,97.4051981,1.059787695,0.982027111,0.981378946,0.677702488,0.963104845,4.584647819,11.00282357,3.317050432,4.662750595,1
592,1483.220353,15.65163847,0.558336346,0.509858029,0.862626634,0.260005701,72.73856954,640.9504352,25.31699894,10.83264597,0
4322,2292.614429,25.18472393,0.56135694,0.552636382,0.806972806,0.305427201,14.9293008,477.05748,21.84164554,7.084785448,0
8787,2958.882579,26.68778727,0.562054024,0.548594211,0.7752471,0.301027667,75.81434599,1146.232985,33.85606275,10.55111673,0
9298,1671.886352,16.58548392,0.563845602,0.512956764,0.869857598,0.263166725,81.81185684,685.4578177,26.18124935,10.73883407,0
3543,8.964511913,0.434785075,0.925147926,0.82565785,0.967852767,0.681711234,6.082023116,10.73401518,3.276280694,6.487921742,0
3079,577.524479,7.028921902,0.807351667,0.789767832,0.916753907,0.623740422,43.15192044,332.7660148,18.24187531,10.9175066,0
2844,329.2330757,5.283696245,0.728488562,0.676213318,0.948708367,0.457274209,47.48716838,437.4210319,20.91461288,10.58404884,0
3827,2193.804206,20.56337138,0.591206205,0.564339431,0.804622215,0.318556143,78.42543432,699.0940909,26.44038749,10.77993007,0
7212,661.4515549,8.312698038,0.601242792,0.520518001,0.935960227,0.270959647,64.29893206,501.7542228,22.39987104,10.78478729,1
2402,1846.800125,20.76612655,0.598014215,0.585360434,0.81105278,0.342671719,30.47085714,616.1258854,24.8218832,9.788598115,0
1718,2770.461415,30.14224527,0.45087056,0.436725331,0.770110769,0.190768888,44.30697008,856.724091,29.26984952,10.19906627,0
4448,3723.140738,32.97709231,0.482365176,0.469997187,0.761657256,0.220997115,82.94389875,1456.438107,38.16330839,10.28266906,1
995,1675.08513,19.91525369,0.556356144,0.535528117,0.855399657,0.286825921,40.02446361,833.0849578,28.86321115,9.983616307,0
9369,636.826668,7.576974066,0.857254912,0.853839591,0.816551396,0.729051773,7.827473097,109.5279257,10.46555902,6.077324914,0
2966,1575.207775,18.25031969,0.578905655,0.552755795,0.858522674,0.305583457,51.94629756,651.4166264,25.52286478,10.74926939,1
2069,4350.733563,36.52016357,0.445884572,0.430584195,0.715057762,0.185508572,87.62724673,1456.777415,38.16775361,10.41012049,0
5554,1548.511801,18.29807079,0.56958776,0.546376545,0.846384467,0.298562285,57.74143747,519.2333097,22.78669151,10.73837939,0
4683,557.70479,7.844635805,0.628033147,0.532643558,0.907179199,0.283735917,58.98521397,255.9989326,15.99996664,10.45286759,0
7279,656.2551763,11.81578874,0.463239401,0.409108193,0.924555044,0.167383748,55.97689345,807.3870259,28.41455658,10.19639105,0
9378,2556.032937,25.9219859,0.551740609,0.540905804,0.796558045,0.292620796,57.71138967,1005.362695,31.70745488,10.52930087,0
3157,1264.920133,18.57705399,0.493677406,0.468331829,0.887615555,0.219356272,25.43927321,655.1598787,25.59609108,8.475412339,0
9792,187.7371342,3.37068319,0.860318024,0.841154404,0.912618557,0.707543478,22.91250589,144.2627758,12.010944,10.41739878,0
8408,17.2442772,0.683665154,0.9105336,0.814226466,0.928163427,0.662968701,6.853898769,12.57807683,3.546558449,7.373667217,0
1128,983.2131276,12.01900081,0.581934561,0.519525966,0.890476448,0.269978728,60.02248659,581.9241936,24.12310497,10.65936461,0
6373,103.9187296,2.075948713,0.864912291,0.799898649,0.941058214,0.639843261,36.79647273,85.95755917,9.271329957,11.09079366,1
9254,3044.663946,31.10294106,0.44874619,0.433729378,0.766102953,0.188184412,58.34595802,1090.83475,33.02778754,10.50242174,0
9427,9.886194036,0.071246812,0.999138253,0.999074242,0.650830024,0.998149343,5.515623827,7.169122437,2.677521697,5.86802688,0
9128,1120.923986,15.39730591,0.485364465,0.435541265,0.884688657,0.18971724,37.95078409,516.3292833,22.72288017,10.64514266,0
5292,563.8776116,7.310776969,0.719209021,0.675415294,0.937009185,0.456197335,50.38506742,375.2739237,19.37198812,10.88496242,0
6264,424.2172832,5.571234912,0.470365048,0.344554415,0.976647732,0.11872609,127.7373126,845.3787324,29.07539737,10.22314555,0
3958,1557.73366,21.28793657,0.395381038,0.352506099,0.847176646,0.12428792,30.27192982,675.3573189,25.98763781,9.252587163,0
2515,2998.802959,28.97512658,0.481320924,0.464372183,0.792358139,0.215712757,72.69376918,931.6176272,30.52241188,10.65159938,0
6827,1715.628946,22.43876654,0.434360794,0.396035029,0.844716367,0.156868195,23.32159512,641.20179,25.3219626,7.845478732,0
1078,1104.518274,12.85669229,0.548107517,0.484438845,0.900039242,0.234718461,77.09620143,498.8085302,22.33402181,10.75273486,1
3412,3114.670814,30.7693431,0.491453783,0.478248836,0.768087299,0.228792402,62.05649153,1020.682084,31.9481155,10.57059297,1
5948,423.9011581,6.733434099,0.662878719,0.582277587,0.922945092,0.339068415,35.59952028,319.2704088,17.86813949,10.45214142,0
6385,1312.9622,15.26371784,0.6801551,0.664635855,0.852341176,0.441762911,37.71565924,589.8783333,24.287411,10.38201287,0
3896,1312.784496,14.44084064,0.588560044,0.535178066,0.884479094,0.286455246,69.21848739,550.2758369,23.45795892,10.72269168,0
8584,2650.176082,27.00290226,0.504287093,0.487931559,0.78781171,0.238153904,63.69706749,849.2259907,29.1414823,10.67028857,0
5905,1114.786492,14.98611935,0.570645709,0.535653397,0.835496733,0.286961817,48.17583381,406.0660277,20.15108006,10.62693153,1
5691,817.2407815,12.63534778,0.538781651,0.489788146,0.88802077,0.239938988,36.31876435,532.4054666,23.07391312,9.854633948,1
9548,806.4153269,15.85750515,0.470184316,0.447441767,0.923669066,0.200206686,11.04163909,287.3758859,16.95216464,6.233918203,0
7045,2946.345185,28.13765448,0.42811066,0.404784892,0.78549237,0.163956218,106.0573273,798.7519473,28.26219997,9.878766697,0
9004,710.5658038,8.214996844,0.746082626,0.713722534,0.92429016,0.509406417,61.53431288,319.3026178,17.86904076,10.67981895,0
6976,3282.796998,31.49344502,0.471690527,0.456175347,0.772194471,0.208181685,71.79529608,1061.135794,32.57507935,10.60671745,0
1148,3664.697444,33.39609571,0.492175246,0.48068083,0.740041308,0.231158884,75.24547349,1294.334881,35.97686591,10.40853836,0
3251,3574.083343,32.32772957,0.456054945,0.439772935,0.764479926,0.193493724,77.5180814,1196.38807,34.58884315,10.53621384,1
1467,2048.043707,20.34228507,0.520592208,0.47937686,0.821639181,0.229862854,74.33258631,785.1630369,28.02076082,10.63848352,1
4207,232.1830797,4.615339827,0.75435355,0.704024591,0.932436195,0.495656721,20.10660676,128.6434255,11.34210851,10.52655592,0
8518,2313.233009,21.03214534,0.50849707,0.468358622,0.809007537,0.219445072,79.87988639,944.0199941,30.72490837,10.58732361,0
7887,2885.276801,29.12160236,0.350506715,0.312927536,0.799451481,0.097981886,88.33532178,1276.366189,35.7262675,10.20813644,0
9413,1482.050669,19.50372743,0.434868847,0.390988873,0.849215053,0.152935507,46.45039498,716.8826462,26.77466426,10.64925343,0
5080,2257.270607,19.2697633,0.66010666,0.641276506,0.804962981,0.411283813,75.85076484,900.3543665,30.00590553,10.5637825,0
1744,1924.123757,18.03645909,0.590987748,0.55539944,0.839664677,0.30851261,88.70447398,626.6308496,25.03259574,10.66900294,0
9797,2064.556699,21.42090086,0.512146117,0.483514266,0.825064683,0.233870914,73.59422798,819.8499896,28.63302271,10.67788211,0
2658,3264.506773,31.93212182,0.469205367,0.455949773,0.755523806,0.207984722,60.48366205,1151.118539,33.92813786,10.55634707,0
851,2494.795625,25.46770467,0.5688208,0.55778209,0.782227294,0.311188821,61.65725823,1037.175536,32.20520976,10.62611184,1
2096,1612.307965,19.21692609,0.591141314,0.576335465,0.819844117,0.3321949,34.98751796,561.8959641,23.70434484,10.13605454,0
4436,2170.192271,24.2203325,0.446009838,0.414435468,0.806718982,0.17182817,61.35862594,897.4822147,29.95800752,10.51825346,1
6083,2367.146919,24.82031205,0.508041137,0.48486327,0.796632199,0.235133926,49.84293319,866.8354806,29.44206991,10.11166137,0
2323,2117.94581,20.44950405,0.492388206,0.449802596,0.845342475,0.202376158,88.53438044,729.8304204,27.01537378,10.59201012,0
3769,2722.908986,23.71328663,0.488125385,0.449800008,0.821969208,0.202395573,96.36782823,982.6650745,31.34748913,9.977031499,0
643,4658.111178,39.62073322,0.379586121,0.362304633,0.697391857,0.131398585,88.85838742,1670.340818,40.86980326,10.2662019,0
4366,4732.78454,39.10409188,0.434025646,0.420381668,0.699215922,0.17688675,87.85752811,1468.392056,38.31960407,10.31459557,0
3023,3363.277724,28.92650902,0.503031818,0.478985379,0.762176262,0.229519701,86.69000938,1182.30217,34.38462113,10.50432994,0
1445,1659.147652,15.83690131,0.582788342,0.535013583,0.86593847,0.286299104,91.91263066,594.6921924,24.38631158,10.59107671,0
3698,2917.666997,30.55511029,0.478423557,0.466219527,0.774196702,0.217431999,54.76131887,881.1410083,29.68401941,10.52407082,0
4462,638.3642232,7.860201668,0.727180154,0.678115083,0.898356553,0.45985474,52.29792774,290.1347651,17.03334275,10.82280508,0
4603,119.2505536,2.245790573,0.854154283,0.806143575,0.943310833,0.649870611,26.48641937,162.1395764,12.73340396,10.42543669,1
1079,3542.869758,30.32615739,0.429578424,0.399730381,0.771045905,0.159894937,91.82547325,1244.601885,35.27891559,10.12493896,0
1391,2363.673821,24.64924614,0.500991134,0.476446191,0.820772815,0.227042304,61.82880196,676.8355812,26.01606391,10.7570708,0
2528,17.85154005,0.995407565,0.75241936,0.555983806,0.985524266,0.309121047,7.647618201,40.03802046,6.327560387,6.726917717,0
812,1197.979239,10.3176333,0.771594359,0.746104001,0.881779064,0.55668407,86.06334856,409.3723251,20.23295147,10.8319573,0
904,414.4816654,7.65621127,0.60691547,0.543169846,0.910268038,0.295059864,45.38081459,218.6345848,14.7862972,10.73894184,0
6387,3493.421631,32.11282985,0.455159732,0.440544259,0.789022488,0.194160965,79.10783667,1430.993799,37.82847867,10.41364865,0
3361,5305.002173,43.6055248,0.392847447,0.380898989,0.663409775,0.145248411,80.39760426,2042.355126,45.19242332,10.23047232,0
4395,855.9650297,11.13045308,0.573980659,0.503737497,0.902744994,0.253790498,65.74236543,417.9506941,20.44384245,10.86562368,1
7582,90.50017001,0.778657925,0.989111358,0.988903751,0.691102243,0.977930752,4.374716124,23.42204051,4.83963227,4.193659225,0
7317,638.9766545,7.161332447,0.658772806,0.572832259,0.933484671,0.328155484,83.36518671,330.5647527,18.18143979,10.83537461,0
3396,229.1958653,4.537764861,0.817109517,0.791574245,0.892554739,0.626602306,25.04147139,140.8068334,11.86620552,10.52881644,0
5221,1069.056175,12.97300415,0.491781364,0.413568154,0.902824877,0.171080727,80.47497475,619.022351,24.88015979,10.66130356,0
1074,2894.506194,30.39783323,0.432253151,0.413016913,0.79568393,0.170634422,60.38218359,961.0610556,31.00098475,10.52875957,0
9677,1678.036176,17.65468754,0.521491376,0.475177673,0.867195488,0.225835323,71.71634287,843.7040256,29.04658372,10.80660132,0
474,955.9783687,11.64566034,0.685547283,0.657085153,0.882554721,0.431786405,51.59535497,569.4183563,23.86248848,10.42990482,0
1585,1354.806452,13.00470222,0.689651243,0.653016514,0.877030652,0.426458423,94.23591059,450.2413781,21.21889201,10.50529539,0
5842,1095.72634,13.28481102,0.63970527,0.612517706,0.904486244,0.375192286,63.04345424,633.9192942,25.17775395,10.70087577,0
3148,1804.836714,18.09256556,0.624372384,0.604905865,0.856449181,0.365950329,70.22893407,794.8534536,28.19314551,10.87350027,0
9481,2097.209444,19.40502408,0.53178607,0.491461316,0.856127714,0.241643718,88.55736706,817.5156713,28.59223096,10.38478941,0
6627,117.5652556,2.723093577,0.741510234,0.567242257,0.938441146,0.321777297,25.54807363,142.6956341,11.94552779,10.2335589,1
1197,81.90264217,0.930727444,0.983425647,0.983078693,0.681240798,0.966444011,4.724268249,15.37395425,3.920963434,4.738478459,1
4817,3353.14334,31.26950001,0.498890174,0.486818154,0.774715833,0.237079126,71.10988756,1023.918368,31.99872447,10.53092719,0
128,357.0215539,5.581008276,0.846087977,0.838289956,0.943466191,0.702730823,10.74885086,239.1625995,15.46488278,6.288545326,0
6223,23.80005941,0.390361291,0.946116461,0.777794577,0.782583054,0.604969086,4.834145565,2.592240674,1.610043687,5.095213834,0
9619,675.7995339,7.647132617,0.774933161,0.748488208,0.906032315,0.560242136,56.36315651,288.9916174,16.99975345,10.93201342,0
5365,2014.626538,22.32099562,0.532548162,0.511815488,0.804624222,0.262009245,62.23032943,715.5861171,26.75044144,10.59171416,1
500,625.837495,8.263644321,0.638271556,0.574285724,0.918802884,0.329825063,71.55920668,314.3975593,17.73125938,10.78291969,1
5923,500.2328831,7.798595585,0.713257408,0.686809936,0.905809719,0.47171362,11.87440478,207.3784473,14.40064052,6.996063174,0
2297,1085.492848,14.03135997,0.484776112,0.411995925,0.894294199,0.169786145,55.27407952,694.9037843,26.36102776,10.6623341,0
7641,44.64129129,1.303218763,0.869211332,0.748634026,0.951576188,0.560456278,21.24546115,42.38590978,6.510446204,10.66627983,0
9068,3023.738237,26.46613346,0.487754448,0.458014772,0.790411032,0.209871799,93.01552324,975.3042495,31.2298615,10.29441721,0
1189,123.4544908,1.25575036,0.977905204,0.97537124,0.410205471,0.951349849,4.828403121,11.96002256,3.458326555,4.894227263,0
2469,694.0442027,9.48397127,0.580125277,0.488619849,0.891046664,0.238786722,59.11857252,336.2117656,18.33607825,10.58112867,1
839,502.7942216,7.671410034,0.736038891,0.709016517,0.87448959,0.502717563,15.281085,221.2665757,14.87503195,8.363209034,1
9905,2002.758505,25.97805526,0.437721074,0.422029011,0.82391116,0.178132162,16.50742768,529.5371111,23.01167337,7.185523192,1
3757,2769.321037,28.55851393,0.490349158,0.476817907,0.78610089,0.227433368,66.6303358,1271.752079,35.66163315,10.40264604,0
246,3803.951001,38.0994116,0.355125784,0.341304109,0.747093063,0.116577749,78.40781767,1510.784156,38.86880698,10.40504496,0
4388,2766.590266,30.55455891,0.34367195,0.318201818,0.799281678,0.101334034,58.08026388,1451.645152,38.10046131,9.82928079,1
9433,420.2854612,7.502872055,0.682249818,0.623757917,0.88368812,0.389097179,30.64125247,227.5702875,15.08543296,10.74472672,0
2831,21.32133055,0.634085029,0.940785081,0.878457623,0.948163535,0.771689026,13.6862906,36.26078636,6.021692982,9.900667968,1
1,85.38588388,0.901034444,0.98405456,0.983620651,0.907278382,0.967509642,5.316691203,73.3758476,8.565970325,4.77277218,0
6533,1227.608243,14.08523304,0.677175767,0.658519789,0.858312663,0.433673042,63.27795993,614.3453248,24.78599049,10.74595192,0
3043,1697.292936,22.21674181,0.485798188,0.466977809,0.830562442,0.218088562,17.29603955,377.5138693,19.42971614,8.063989838,0
4715,2191.839405,20.51847826,0.485860246,0.447760984,0.851884836,0.200554815,109.4705162,674.7474984,25.97590226,9.356782443,0
9604,70.36136818,1.544055422,0.895594406,0.863420029,0.951192624,0.745495866,13.32202903,114.7197202,10.71072921,8.515409563,1
1005,2043.760342,24.90087687,0.340766203,0.294705825,0.822763177,0.086884069,33.01904031,863.5879676,29.38686726,9.295750582,0
5181,3279.552515,28.53613343,0.468429652,0.441516953,0.794284074,0.195024185,90.44417011,1270.513133,35.64425807,10.18113438,1
5912,146.856307,3.188543219,0.716775035,0.540896368,0.949318201,0.292585554,48.04026125,83.96822783,9.163417912,10.98333793,0
9334,156.0259923,3.882951062,0.688260364,0.566564559,0.942903307,0.321007108,31.47751845,168.1811919,12.96846914,10.81779214,0
6243,15.03980891,0.120440014,0.998344348,0.998299586,0.555551096,0.996602076,4.102182838,0.833956385,0.913212125,4.137288037,1
5891,849.7502062,12.65042145,0.494082563,0.423137468,0.903862074,0.179063803,38.4620239,658.998474,25.67096558,10.10052512,1
9980,1066.154631,13.4892653,0.651842498,0.632562122,0.888128226,0.400162414,56.5969906,478.39599,21.87226532,10.7424699,0
996,1648.889275,17.90037963,0.558863112,0.520794326,0.84588656,0.271273696,66.0508429,554.7018626,23.55210952,10.77211116,0
4905,4202.841073,36.6356401,0.443705388,0.431376531,0.732219695,0.186184509,86.91482425,1350.074661,36.74336213,10.43649012,0
8001,207.6471641,3.65934222,0.810823748,0.748069223,0.919471585,0.559621089,41.89318293,110.8489792,10.52848418,11.11971652,0
9837,1801.639398,19.52605221,0.471703567,0.416857609,0.823221644,0.173814636,52.90500466,570.4626637,23.88436023,10.82428562,0
831,898.7009737,8.908830585,0.864665607,0.859350651,0.659819963,0.738487961,6.449356014,65.67194969,8.103823153,5.840436351,0
3063,1214.581124,13.46361279,0.619549962,0.575781126,0.888995299,0.331554189,80.26730104,526.6638855,22.94915871,10.74282381,0
6799,3348.322002,33.49242813,0.401861217,0.38409186,0.782213064,0.147603395,67.17133491,1328.30716,36.44594847,10.47686818,0
6756,720.3240341,8.198546375,0.852036303,0.847876842,0.795063257,0.71890355,30.33214472,379.6200388,19.48384045,10.3334881,0
8225,1191.326184,16.08861658,0.643944587,0.633704796,0.873593793,0.40158849,11.85935868,264.2088202,16.25450154,6.819435435,0
4106,858.0044268,11.64485237,0.709794091,0.694926761,0.897224431,0.482927483,10.03496231,237.2705848,15.40359,5.876887864,1
8055,910.1503087,8.456859581,0.79846685,0.777061691,0.892182602,0.603843033,82.94774317,467.26605,21.61633757,10.74222546,0
9340,3828.258381,34.9252148,0.455301809,0.443177197,0.756167705,0.196525307,67.01157706,1606.141524,40.07669552,10.36669184,0
8745,2250.409801,23.12389441,0.63696319,0.63018353,0.771060729,0.397164608,16.40923344,548.7560234,23.42554212,7.71281735,0
8857,761.2094516,8.398587125,0.724554107,0.680404196,0.916766268,0.462962677,70.65266998,389.695557,19.74070812,10.77553545,0
3891,3260.541244,28.97775675,0.487064434,0.466112739,0.7779814,0.217354849,77.74170149,1072.884572,32.75491676,10.5972372,0
7861,1011.744743,11.15884504,0.635164746,0.591741893,0.919658435,0.350178781,90.83313018,591.0959559,24.31246503,10.50604254,0
6779,1308.334066,15.97009059,0.515774008,0.462887768,0.833983093,0.214316839,61.51519399,406.2023098,20.15446129,10.68099736,0
8565,491.6613132,7.452101525,0.721441075,0.689850316,0.91873915,0.475903989,28.36845082,333.7174576,18.26793523,9.951299073,0
6706,3035.717434,26.99606478,0.493861595,0.469180896,0.798316482,0.22019544,88.26907026,1049.081959,32.38953471,10.33363517,0
7060,582.0005856,5.508961358,0.837546399,0.798811167,0.910413529,0.63811009,91.25933521,223.8232019,14.96072197,10.97246771,0
1684,1389.043096,14.95386303,0.513746993,0.441902308,0.880677153,0.195313063,80.12085545,636.6650219,25.2322219,10.76642102,0
6390,330.2388171,4.574893058,0.785751789,0.72651435,0.926657816,0.527839793,61.16600538,125.9654819,11.2234345,10.45326326,0
1812,2655.42682,25.57756417,0.499700558,0.475713026,0.785219142,0.226389101,77.25459019,1052.019889,32.43485609,10.67752588,0
3813,4415.994125,37.57827943,0.404015844,0.387582351,0.735922434,0.150359423,86.8466799,1545.487964,39.3126947,10.32674334,0
3660,1545.875817,15.00874009,0.655745003,0.62820742,0.86479149,0.394684057,87.04121844,507.8438451,22.53539095,10.7507719,1
5439,3703.718059,35.22305857,0.449313765,0.436084401,0.731183149,0.190264535,65.08633679,1114.867419,33.38963041,10.45786944,0
62,999.8104219,13.15264709,0.697850838,0.682964235,0.766098258,0.466466748,19.60063717,208.2305978,14.43019743,10.07440637,1
9475,2284.982894,20.09205118,0.451245094,0.379087246,0.812724445,0.143799172,91.29735889,971.2843135,31.16543459,10.42863358,0
3322,243.7549441,5.378736175,0.635048012,0.525783993,0.93629488,0.276473391,32.00313295,256.1358874,16.00424592,10.604095,0
6692,518.7568641,8.036685469,0.609856314,0.524255749,0.926489049,0.274870121,41.28588294,628.4148427,25.06820382,9.699538733,0
3779,567.1875439,9.201714351,0.513694795,0.413573705,0.924733755,0.17106425,50.86186015,615.6587053,24.81247076,10.37429102,0
1767,3930.52416,32.56747128,0.498308072,0.484652073,0.772472756,0.235003672,99.56674052,1353.722145,36.79296325,10.10312149,0
3996,2555.806128,25.27436387,0.488433828,0.469244122,0.831651453,0.220258056,94.48895745,955.5188659,30.91146819,10.24503903,0
2829,3754.982988,32.19229966,0.478534238,0.460534035,0.744265278,0.212209124,89.14597388,1135.718561,33.70042374,10.43996968,0
420,1128.830106,16.26931968,0.47014313,0.431195856,0.904016186,0.185972411,52.26673919,912.414681,30.20620269,10.08915384,0
2575,1072.096215,13.43606468,0.695121524,0.681151887,0.844494284,0.463981078,26.63055417,448.194014,21.17059314,9.595837334,0
9930,1146.009424,12.82411363,0.773593553,0.768463515,0.826959816,0.590549501,14.83835686,284.6984677,16.87301004,8.399373323,0
5887,1174.718306,14.13205348,0.568618174,0.507890393,0.880574756,0.257984484,64.76356805,545.393817,23.35366817,10.79799807,0
2647,299.7588973,4.587553345,0.770653352,0.699732417,0.91284995,0.489642402,42.17735429,169.584556,13.02246352,10.87022743,0
5144,1501.143363,16.67277111,0.608847286,0.568876348,0.831441425,0.323647169,71.65227928,358.4836113,18.93366344,10.76625927,1
7988,2388.352181,25.60993024,0.572445169,0.564020336,0.784612297,0.318132345,13.77786354,334.3168804,18.28433429,7.465235982,0
2224,1668.869176,24.70635562,0.342941527,0.314073134,0.847798431,0.098665677,30.02570981,895.702223,29.92828466,8.137378645,0
240,2414.240389,27.06887298,0.473872444,0.458567506,0.795454513,0.21033547,42.5952824,882.7366211,29.71088388,10.12925072,0
3636,2348.678115,22.62727633,0.607398318,0.595015711,0.801424779,0.354092059,61.27589054,913.9200706,30.23111097,10.46670431,0
9359,1824.144596,18.48146272,0.669130737,0.658581742,0.804817599,0.433773461,63.09699586,604.2476164,24.58144862,10.72325172,1
7194,1300.276258,17.43897733,0.530717825,0.498933603,0.879410136,0.248958745,31.06658762,647.6130193,25.44824197,9.573684884,0
6851,919.5171511,11.1978862,0.723787715,0.704120002,0.890584403,0.495808598,52.44586358,414.6216755,20.36226106,10.8044227,0
173,5002.299781,44.64394419,0.390580132,0.380723547,0.651171435,0.145054882,81.87211277,1558.231777,39.4744446,10.47491774,0
4937,2597.341244,25.72479101,0.481466326,0.456414286,0.817583195,0.208383698,79.56098655,928.6772722,30.47420667,10.6720955,0
6868,1713.20907,18.79923004,0.53802161,0.504503121,0.857844625,0.25457137,66.73962632,600.522219,24.50555486,10.80156,0
6359,776.6107276,9.746962987,0.699299378,0.667757553,0.917026635,0.445917293,65.28579207,491.5073675,22.16996544,10.65082136,1
1836,2920.958168,26.56176539,0.484818406,0.464488381,0.818265422,0.215828187,98.99741224,938.1270867,30.62886036,10.17946476,0
1312,116.8944513,2.715007891,0.792876046,0.712721014,0.963803429,0.507978496,35.33878706,138.5431571,11.77043572,10.96897385,1
6681,4032.940461,36.40198887,0.445057143,0.433159964,0.739667731,0.187729519,79.52669384,1291.743022,35.94082667,10.55377757,1
5811,1565.253695,17.65508636,0.553865211,0.519948467,0.860559895,0.27039506,64.4173246,696.1671734,26.38498007,10.73590656,0
2806,3368.065606,29.2181318,0.517994209,0.50441187,0.801037988,0.254541633,102.4489283,1272.440917,35.67128981,10.0474348,0
8114,4934.333381,40.55185911,0.435795611,0.425026111,0.689498775,0.180778039,85.08643793,1778.460552,42.17179807,10.36316742,0
7000,3021.547018,29.15087239,0.426365585,0.401958922,0.785896197,0.161646701,71.82280594,1091.233892,33.03382952,10.62885001,0
6879,32.11890502,0.176879245,0.998473773,0.99832488,0.682142019,0.996652569,4.902465891,7.417749583,2.723554586,5.20395153,1
8155,2436.122259,25.1463548,0.434690794,0.395885392,0.822445323,0.156788209,68.48499228,1020.210097,31.94072788,10.60000065,0
6919,602.8839402,9.850964811,0.627591326,0.589112341,0.900468587,0.347084907,39.79955538,383.4694824,19.58237683,10.4403549,0
7698,153.3909205,2.873585831,0.834059281,0.753658847,0.909599482,0.5680089,37.18816977,74.99143166,8.65975933,11.07439362,0
4607,3960.702984,32.8058061,0.46450835,0.442788695,0.754297815,0.196172456,93.06800657,1396.70524,37.37251985,10.10369598,0
7708,3796.158722,36.59653317,0.469994157,0.461472779,0.686507637,0.212987183,19.48061069,796.4220414,28.2209504,8.033523907,1
5106,1974.340688,19.09924778,0.536655329,0.49566736,0.848808139,0.245734706,88.42924727,576.059599,24.00124161,10.72476401,0
3743,4253.261994,37.71110701,0.441974418,0.430351365,0.724575085,0.185317902,83.88494361,1522.115127,39.01429389,10.31142375,0
7904,2165.703566,19.48664396,0.644580027,0.625739318,0.832237497,0.391590979,88.99425982,701.9880335,26.49505678,10.58101389,0
3264,15.54208233,0.129330762,0.99796247,0.997808411,0.478337991,0.995621651,4.019257738,0.502509035,0.708878717,4.013977507,0
7839,4127.056952,34.2610655,0.438023523,0.418296174,0.756019655,0.175088642,87.26455137,1446.962626,38.03896195,10.35331876,0
3798,478.7686898,7.273455058,0.765491789,0.733719902,0.881226844,0.538364124,33.54424735,279.0020474,16.70335438,10.50597369,0
791,1240.203743,13.8538934,0.67773098,0.651718889,0.855229488,0.424769999,57.22674291,410.7458899,20.2668668,10.84901478,0
4908,1368.936859,17.73743649,0.535733528,0.510220235,0.835673296,0.260396573,61.2218427,550.7792802,23.46868723,10.74532979,1
9976,872.8155068,10.71816346,0.678561972,0.611793045,0.861248995,0.374301154,47.79481667,239.31711,15.4698775,11.02165189,0
2408,762.760203,10.22711926,0.672190087,0.638094912,0.887461429,0.4071703,33.66334723,315.8882088,17.77324418,10.49987318,0
7335,367.3720554,6.094709067,0.648744531,0.575768066,0.929705369,0.331527526,46.44301347,198.566702,14.09136977,10.71741401,0
8115,3528.135501,31.31620672,0.463302832,0.44703153,0.787589056,0.199944138,85.69395953,1395.536026,37.35687388,10.37847797,0
6865,1089.061864,13.87686059,0.654531474,0.633033764,0.888922356,0.400743168,19.8025094,489.3166494,22.12050292,8.045824078,0
3117,507.5759083,7.894705973,0.597597654,0.469778947,0.905323165,0.220727629,52.12054151,335.1499717,18.30710167,10.50710192,0
29,95.86998078,2.399617276,0.794000957,0.686197566,0.954351578,0.470874531,34.54337199,119.6921867,10.94039244,10.98939883,0
6034,3684.793159,31.7699268,0.451974407,0.432109263,0.764061007,0.186816847,94.7287272,1375.062761,37.08183869,10.07853599,0
3051,1212.374218,11.59448966,0.782607469,0.774422006,0.861351559,0.599748889,64.92010414,613.7213057,24.77339916,10.6100769,0
6613,1047.67462,12.17742816,0.674300109,0.632584527,0.870735344,0.400194458,63.6975808,411.2097202,20.27830664,10.74634255,0
8346,215.1495295,3.14046394,0.903915925,0.895511724,0.922227157,0.801942923,30.26886309,195.4815102,13.98147024,10.83973594,0
1688,4176.158323,34.27166959,0.484810117,0.470766803,0.737863568,0.221728533,90.92966607,1384.353155,37.20689661,10.21616473,0
5783,210.5999764,4.492893014,0.683863583,0.563889553,0.925048376,0.317991909,44.07559156,107.3406513,10.36053335,11.14046859,1
3341,3920.017755,38.5857134,0.427490754,0.417839438,0.690002551,0.174615539,17.71263146,768.7161998,27.72573173,7.044987776,0
3468,675.7098683,9.141125129,0.745886082,0.726500838,0.91030955,0.527813414,44.06205829,276.9565042,16.64201022,10.86538879,0
2521,2023.868384,20.50296467,0.563109049,0.530159823,0.814996297,0.281120103,62.86133146,723.2938271,26.89412254,10.71052286,0
6116,2641.918299,26.63059105,0.475692127,0.450205881,0.794797071,0.202746398,74.84701284,801.0367442,28.30259253,10.78207468,0
772,351.1163581,6.059379056,0.670548686,0.570360182,0.935408013,0.325328402,40.95677136,313.6712991,17.71076789,10.56823968,0
7191,152.142643,3.112014722,0.823073114,0.783650589,0.911214999,0.614114473,12.36700876,83.32354768,9.128173293,8.796031979,0
373,3047.646797,27.30766796,0.531088197,0.508818619,0.777446963,0.258974104,81.88133924,874.8453709,29.57778509,10.57294061,0
9773,4620.870082,39.47777629,0.423969053,0.411750588,0.711636448,0.169724486,75.52738337,1802.902914,42.46060426,10.29578927,0
3818,2583.740621,28.96896158,0.476933175,0.465333018,0.783971517,0.216575731,25.37094682,673.0109568,25.94245472,9.095121832,0
5376,35.29905741,1.225835206,0.860789862,0.746351306,0.959203195,0.557045109,19.99070706,40.01026485,6.325366776,11.05439503,1
5164,126.6272373,2.383453795,0.840170391,0.742924364,0.952861516,0.55194099,32.08104697,171.8361206,13.10862771,10.82749145,0
3980,1552.854483,16.78418793,0.519655712,0.472925526,0.859864304,0.223758061,79.23982994,562.1534199,23.70977477,10.78247936,0
1929,1383.50793,17.26620606,0.564612559,0.531854973,0.829542467,0.282914296,48.86254069,645.5966147,25.40859332,10.37687597,1
6477,573.1182768,8.984358255,0.667666892,0.631643326,0.902696482,0.39899282,42.87667571,309.7641518,17.60011795,10.70764711,0
2114,2848.085146,29.66961434,0.47554213,0.462116532,0.78604111,0.213606223,53.34637868,1041.369173,32.27025213,10.54689509,0
4503,83.43926817,1.669345376,0.904082587,0.857010337,0.88364313,0.734469907,9.167139631,40.50180315,6.364102698,8.00903671,1
7360,3775.900263,31.54390505,0.443461919,0.41168621,0.755717385,0.169596454,96.67051656,1256.239785,35.44347309,10.0110138,0
3095,1415.451564,15.85388115,0.70088005,0.692039467,0.821019087,0.478938064,26.88345983,548.1079951,23.41170637,8.964269055,0
392,2414.88235,21.94231973,0.563547948,0.537590605,0.824373806,0.289071875,90.62283589,812.6235746,28.50655319,10.34526022,0
737,1274.075317,17.46020789,0.576541388,0.560250668,0.864511544,0.313895987,19.80154118,426.7950882,20.65901954,8.366301826,0
9452,1719.963432,18.12641698,0.543899438,0.507576454,0.859891496,0.257679029,79.79797099,650.4543642,25.50400683,10.68189896,0
3926,1467.259695,15.52978829,0.633519107,0.601866104,0.841228423,0.362298745,73.23056561,558.3009599,23.62839309,10.76515631,0
3511,1370.75884,18.42256348,0.436630592,0.393465108,0.870926512,0.154848799,56.16663734,806.2193433,28.39400189,10.63284365,0
5021,126.7380066,3.54493324,0.633856759,0.4528344,0.951562607,0.20507551,36.53614169,122.4795326,11.06704715,11.12972379,0
9113,1277.547482,12.35769299,0.676803149,0.638846141,0.887727275,0.408146746,87.41229752,477.9762881,21.86266882,10.7415736,1
6082,98.70131966,1.152833767,0.973875135,0.972191554,0.59520375,0.945157494,4.536341751,6.169644293,2.483876867,4.663913301,0
6013,1144.677384,13.99333079,0.637186995,0.609734582,0.866814924,0.37178191,43.0435183,345.3082591,18.58247182,10.85588818,1
341,5499.373921,43.78886622,0.398593842,0.38555917,0.675040832,0.148821898,93.26398222,1845.463968,42.95886368,10.32732501,0
2785,1808.351045,16.85154112,0.762133221,0.756451006,0.691932349,0.572242858,9.291582943,296.9867748,17.23330423,5.828279224,1
8543,2184.270438,21.80114129,0.610680536,0.593983268,0.821183793,0.352841542,56.860795,586.7167976,24.22223767,10.78134397,0
9979,2404.991656,27.53788462,0.514462066,0.505567498,0.804437575,0.255616749,15.90017016,519.0457156,22.78257482,7.326611763,0
789,1160.364844,12.74869451,0.654555954,0.625280713,0.889062664,0.391004211,83.20940564,364.2125831,19.08435441,10.82427034,0
7879,2041.694728,23.95482478,0.416578847,0.385474408,0.81673227,0.148664907,65.73116725,968.0329495,31.11322789,10.59877025,0
6524,2010.812683,19.67578445,0.616899534,0.598710698,0.845821819,0.358493354,72.0209666,735.977962,27.12891376,10.68669089,0
877,3355.881867,33.53919797,0.413546337,0.395257963,0.739956687,0.156287581,43.15349527,945.0474849,30.74162463,10.30215759,0
1940,3005.556268,27.27746903,0.537196147,0.521442458,0.761117026,0.271995521,76.07491206,1100.298509,33.1707478,10.50185325,0
8683,2937.783155,29.21543162,0.55470002,0.547084509,0.743015749,0.299337188,18.4133402,627.9440954,25.05881273,8.201173679,0
8769,1259.936638,12.74098946,0.611985513,0.562264263,0.891565859,0.316166531,77.40942213,611.4850595,24.72822395,10.78922165,0
1840,3142.345293,33.69233432,0.419195955,0.40716306,0.749968866,0.16585563,41.08573,959.034553,30.96828302,10.2972911,0
1288,1434.469374,16.95070989,0.496832489,0.445388835,0.855263201,0.198446215,69.79956551,566.1317083,23.7935224,10.73173683,1
7476,1713.928142,20.19121563,0.486487516,0.438561502,0.844677404,0.192346794,11.90959085,304.0776159,17.43782142,6.255978223,0
1916,111.1707545,3.499658089,0.643928332,0.524884482,0.960016811,0.275516226,18.65502465,187.6278012,13.69772978,9.2927377,0
6469,310.5752227,4.353159264,0.887673909,0.877534771,0.889951376,0.770077083,31.87250762,231.4705043,15.21415473,10.76030642,1
3661,474.8326788,6.79858501,0.825643846,0.81645716,0.81459387,0.666608032,11.29783644,112.8980951,10.62535153,7.858090939,0
3659,754.7106427,11.05220152,0.660034963,0.630357542,0.90269676,0.397370562,26.41421971,542.9245311,23.300741,8.6260003,1
5626,5037.977285,43.05010076,0.393794308,0.382520768,0.690014257,0.146484874,80.96393297,1891.125544,43.4870733,10.43606447,0
2848,1634.104821,17.01864631,0.654121167,0.638176588,0.858027932,0.407310893,67.23777365,741.0285843,27.22184021,10.70642136,0
7041,93.78109202,2.461176296,0.798539019,0.704044493,0.94177583,0.495687256,24.12733027,109.6202297,10.46996799,10.3413011,1
208,891.879626,15.4400957,0.431919856,0.393668462,0.895445764,0.155025626,43.96362356,653.443056,25.56253227,10.39937648,0
4293,671.18014,9.946650779,0.704862126,0.68518706,0.900670456,0.469499651,24.57907379,453.1013545,21.28617754,9.154783471,0
8112,1121.17104,17.41961683,0.29624335,0.206870264,0.867434568,0.04280689,30.28568218,786.784423,28.04967777,8.873109637,0
5228,302.5333751,5.26610739,0.727510753,0.64448639,0.907967041,0.415380802,46.50089975,125.1313818,11.18621392,10.91877864,0
3268,596.6173372,7.722012039,0.692822633,0.630893311,0.919247384,0.39804543,58.23325081,507.6425661,22.53092466,10.61022887,1
4649,2156.054218,24.6946234,0.523244531,0.510631343,0.809837069,0.260761383,15.3914024,398.791554,19.969766,7.190530928,1
7577,4788.278577,40.22063407,0.396235327,0.38147616,0.700570506,0.14568364,87.31599868,1605.5073,40.06878211,10.30340757,0
3034,1714.120925,19.01602349,0.539684958,0.506216225,0.865572103,0.256281854,81.61338811,519.5435571,22.79349813,10.66522335,0
1659,2319.140254,24.00788825,0.505784833,0.488068111,0.841943586,0.238262859,71.12850114,918.7562922,30.31099293,10.66638032,1
9697,2995.571643,27.59998804,0.539172912,0.523189642,0.775894617,0.273795873,77.75658759,895.3759688,29.92283357,10.63223532,1
9098,3612.840583,34.45706422,0.420622174,0.405385719,0.760231113,0.164431186,65.22221619,1410.543649,37.55720502,10.33293956,1
7428,356.9240678,3.636504634,0.945059318,0.943796719,0.748154304,0.890754039,7.841749869,94.28018548,9.709798426,6.885767496,0
6442,242.6931022,4.625401379,0.733869791,0.668450027,0.93933605,0.446839946,39.2174483,294.7498325,17.16827983,10.50480173,0
2691,119.8649947,2.503988536,0.873094712,0.850147816,0.923313357,0.72275781,11.28666278,91.07606557,9.5433781,8.260412853,0
308,604.7899574,7.949305257,0.611936551,0.539659236,0.932798564,0.291248979,75.49468987,346.5504627,18.61586589,10.74990531,0
3355,78.3786894,2.075774381,0.839602266,0.766201937,0.955675296,0.587068954,20.33530171,56.26785673,7.501190354,11.00110734,1
6975,3801.345998,35.38582034,0.438773854,0.425832456,0.739690798,0.181429606,71.16326214,1403.055468,37.45738202,10.49820154,1
7720,463.3352694,6.810116443,0.780186559,0.761258809,0.906126453,0.579522811,41.43588918,331.4043305,18.20451402,10.65054691,0
5201,2358.387866,29.72398595,0.386471489,0.370196599,0.804778348,0.137089435,20.83981125,632.7318212,25.15416111,7.894663839,0
3935,36.34444875,1.2533383,0.858763082,0.774928598,0.964883044,0.600522198,14.98392191,64.18355494,8.01146397,9.729851811,1
3964,1521.944857,16.74329285,0.717905395,0.712597104,0.804561154,0.507822371,12.5630303,381.8883167,19.54196297,7.119627161,0
9678,3337.683289,31.7152492,0.433062824,0.411587922,0.781819472,0.169495897,72.5234459,1287.461431,35.88121279,10.41684441,0
7837,43.99430254,0.458129277,0.992898836,0.992581464,0.856859352,0.985218018,4.69882276,27.82016916,5.274482834,4.557009763,0
3845,942.0786693,10.67939137,0.759223493,0.744125295,0.808022444,0.553725188,10.89486634,134.6920324,11.60568966,7.60363081,0
331,204.8393153,2.58767045,0.897653401,0.875082833,0.939025609,0.765775534,54.60413656,206.86236,14.38271045,10.64139014,0
6328,4139.43015,33.5264195,0.478045534,0.458946653,0.74184763,0.210746475,90.25258252,1357.129639,36.83924048,10.16679,1
1808,573.8454471,9.692318565,0.557021427,0.498045004,0.929640647,0.248080494,36.34070078,571.0480914,23.89661255,9.96511722,0
8838,4668.627095,38.59283898,0.446813243,0.433561801,0.692406049,0.188102165,84.43061723,1470.157366,38.34263118,10.38782897,0
8204,2661.417395,28.79733438,0.437187199,0.417151433,0.791714843,0.174092889,51.3782464,1071.675185,32.7364504,10.35802273,1
8101,1925.900939,19.10047647,0.532629319,0.492519344,0.863275284,0.242637296,84.19472645,737.3816624,27.15477237,10.61582594,0
7685,2581.896125,20.89118046,0.504697809,0.448212841,0.828405067,0.200984381,102.1776601,1071.825976,32.73875343,9.412095629,0
304,427.0796102,5.796643961,0.733852469,0.657980332,0.918273296,0.432951095,60.90204232,210.1755745,14.49743338,10.67334677,0
7273,1781.266941,16.51168518,0.608924696,0.568721271,0.860781625,0.323477508,89.66863807,594.5303492,24.38299303,10.64564211,0
534,3551.636772,36.50364943,0.378498292,0.364082676,0.732576555,0.132619231,49.61084978,1231.795535,35.09694481,10.10076908,1
7247,2411.017331,18.96857639,0.714470176,0.700114783,0.811655002,0.49019977,95.94282995,837.6598294,28.94235356,10.31439763,0
5671,1009.215223,9.286229988,0.712545775,0.635380079,0.887209047,0.403733961,91.20480205,336.9183903,18.35533683,10.79973503,0
6624,4407.459085,37.74811952,0.397538599,0.37892355,0.720775635,0.143714572,83.99528699,1406.765169,37.50686829,10.35683817,1
2331,1239.795525,17.35102864,0.570428224,0.554173746,0.879748088,0.307125276,16.74665217,414.6391627,20.36269046,7.575116587,1
7483,68.17762569,1.873090263,0.851211672,0.70006402,0.931325522,0.490101422,25.78619894,37.37038452,6.113132136,10.64919355,0
2936,1820.003596,20.95168954,0.625247353,0.617631658,0.815651439,0.381486457,11.07826733,277.0809378,16.64574834,6.508896197,0
8361,320.4986622,8.187272323,0.440204555,0.348542109,0.945177637,0.12149314,22.49989739,340.534698,18.45358225,9.186062659,1
6977,3990.027544,35.07992702,0.435239159,0.420389755,0.741252565,0.176817628,76.39622542,1483.788279,38.51997247,10.4414973,0
2192,3417.610278,35.52960837,0.404209499,0.392028512,0.74184088,0.153763511,54.67006029,1063.012116,32.60386658,10.49328509,1
3627,100.6086471,2.588705715,0.812880484,0.759212136,0.950165333,0.57640873,24.92515242,127.7177083,11.30122596,10.7315381,0
5545,803.9177956,10.50767885,0.594270738,0.526138157,0.903713937,0.276848573,67.89815108,383.6200685,19.58622139,10.85682577,1
5058,1983.932543,18.84591996,0.588860241,0.555901509,0.841772273,0.309088191,80.35734906,696.4100616,26.38958244,10.73548402,0
8428,1390.68981,15.25908367,0.665216538,0.643062851,0.861754378,0.413562286,63.51539063,558.5857887,23.63441958,10.68135124,0
2930,1456.546681,15.14590197,0.636677309,0.607054292,0.868483317,0.368539971,77.08030172,651.1617767,25.51787171,10.78750736,1
2679,805.9404879,8.589864713,0.857243148,0.85416169,0.812349114,0.72959689,7.625599538,127.9270303,11.3104832,5.829727838,1
2440,1456.479741,14.79157171,0.607803103,0.56752572,0.883377298,0.322122618,86.68707426,611.1581266,24.72161254,10.72600296,0
1613,1395.310194,14.38096317,0.68912763,0.671803561,0.862186835,0.451352404,74.74638119,587.4609113,24.23759294,10.74088336,0
2444,2781.939409,27.80882576,0.518203288,0.505299055,0.791760658,0.255378821,62.594644,914.9927106,30.24884643,10.56689469,0
4731,4821.220015,41.68733185,0.41033185,0.399247436,0.686606205,0.1595288,79.09957059,1920.094595,43.81888399,10.44110081,0
5410,2908.112452,24.32619852,0.474630115,0.430398544,0.79691035,0.185342344,95.59679992,1026.474205,32.03863613,10.00913047,0
1172,2078.108282,20.15855345,0.546320264,0.51655707,0.854567854,0.266891185,78.87076196,885.6825748,29.7604196,10.58279658,0
1660,162.2105131,3.397179932,0.727585213,0.565562969,0.944892984,0.31988137,44.57745816,158.4849146,12.58907918,11.15375036,0
3292,2614.889261,23.30541533,0.473850786,0.438966892,0.836511866,0.192767176,94.09510856,1036.275664,32.19123583,9.960572584,1
5429,3930.983197,41.02602463,0.339377099,0.327896213,0.693904356,0.107558533,25.65937844,905.5183279,30.09183158,8.711304505,0
2190,861.5988862,11.68309175,0.615721613,0.558868278,0.834427329,0.312350833,35.19981057,256.514732,16.0160773,10.80222961,1
7348,4684.524262,39.66754858,0.418144329,0.405543948,0.714671484,0.164614462,89.74717559,1801.021974,42.43844924,10.28877984,0
7750,296.469319,2.602256256,0.965570631,0.964778958,0.721354286,0.930798975,4.59811009,34.98141541,5.91450889,4.272947598,1
5379,275.1655925,5.393044431,0.683873602,0.602645685,0.924670887,0.363202393,38.72992759,173.1176438,13.15741782,11.10402071,0
5405,2512.620857,23.19043812,0.523409424,0.496339086,0.79954258,0.246452019,83.63770937,853.5760791,29.21602436,10.59005872,0
4634,145.2867264,3.537951946,0.701895437,0.5961588,0.949608293,0.35541764,25.11346649,179.0960581,13.38267754,10.24034777,0
7177,5406.151663,43.54376313,0.391628145,0.378818406,0.673465355,0.143661051,86.44769552,1922.071376,43.84143447,10.38568204,0
8350,2461.140421,22.69502506,0.528352078,0.500309436,0.82522938,0.250378696,91.6761574,841.5934944,29.01023086,10.30051182,0
2300,2225.933444,25.00560942,0.457800075,0.432195022,0.845125328,0.186831039,48.97950621,1046.973331,32.35696727,10.09365535,0
490,1887.392402,20.29644917,0.555125872,0.527171684,0.820682608,0.277968316,63.60309777,708.7218139,26.62182965,10.67944356,0
2235,4576.189166,40.42669235,0.401590323,0.389272497,0.71634158,0.151679176,81.33344305,1541.302575,39.25942657,10.48947454,1
2730,1015.994633,12.73982987,0.533106916,0.470542958,0.887052402,0.221455231,65.96626268,448.6917136,21.18234438,10.83494772,1
1348,226.3991845,3.656656113,0.820815926,0.774360544,0.946112744,0.599640412,34.20476296,225.5115998,15.01704365,10.69326884,1
7712,500.6005042,8.625026704,0.557131618,0.464902084,0.911559887,0.216156249,34.13794333,415.2771906,20.37835103,10.00397648,0
8499,231.7640351,4.156611165,0.76360447,0.698678997,0.941959259,0.488158743,28.27931276,226.6999647,15.05655886,10.67885801,1
6707,5999.855618,48.1080622,0.391498833,0.381749831,0.64452493,0.145919352,96.13817446,2479.57711,49.79535229,10.34498767,0
3112,1693.44281,18.20542805,0.501608344,0.454523079,0.8458551,0.206639906,70.65116752,724.6300583,26.91895351,10.77974394,0
6741,4868.387134,44.51626023,0.354337665,0.343545732,0.659018649,0.118125265,50.38852948,1591.595624,39.89480698,9.965747509,0
8396,2412.85818,24.23933209,0.491590213,0.46713673,0.811426392,0.218279568,64.00857157,825.8389174,28.7374132,10.78541307,0
4795,2211.879005,21.09206614,0.536562168,0.507340993,0.848260657,0.257434914,91.08743395,728.7678664,26.99570089,10.4119204,0
4968,376.1786585,4.4869229,0.788699254,0.702241387,0.943286254,0.493151877,77.30651288,165.1992164,12.85298473,10.94410621,0
7338,2570.355891,24.56218369,0.48586677,0.454796877,0.797215584,0.206920822,80.55542914,899.142896,29.98571153,10.60779211,0
8716,1655.736,20.6685442,0.478586437,0.439606163,0.827312111,0.193279697,31.76376858,641.85383,25.33483432,9.42319475,0
2378,428.7460358,5.32195235,0.872607482,0.863956673,0.885732576,0.746425613,41.71369058,425.1902406,20.62014162,10.57745231,0
8686,55.58930778,1.714592624,0.770887753,0.497071184,0.930285453,0.247093562,13.56856204,48.38786904,6.956138946,9.465300567,0
8526,332.015935,2.708801419,0.963912078,0.961879731,0.642932759,0.925215826,4.983787691,35.66134394,5.971711977,4.705505314,0
2053,947.2203361,20.35819998,0.239895065,0.203102006,0.910365621,0.041260019,29.66148593,1018.140089,31.90830752,8.320475185,0
1218,459.3183035,7.7297989,0.682836568,0.628322041,0.887699912,0.394819152,37.89993177,235.4923743,15.34576079,10.76379571,1
6856,152.3446378,3.777826002,0.648807466,0.504668443,0.953658856,0.254706775,41.61862623,139.177093,11.79733415,11.27082615,0
2481,1640.341276,16.93262336,0.622705658,0.601875201,0.858846561,0.362279042,69.63957681,620.8305896,24.91647226,10.82416642,0
5263,1385.322746,13.8763362,0.607200579,0.556009924,0.86154495,0.309187862,75.69157218,506.8892182,22.51420037,10.78272391,0
5031,1432.023666,13.04896928,0.511024708,0.433559679,0.911221231,0.188005478,112.0643802,632.6803812,25.1531386,9.608647874,0
6019,1432.253756,15.46357949,0.550572,0.504788637,0.887741705,0.25484398,81.71221542,574.6641297,23.97215321,10.84923735,0
7812,42.92625862,0.978212482,0.90606654,0.874459586,0.899197367,0.764682091,5.886472058,15.87789968,3.984708231,5.980930054,0
6312,2835.730255,29.06990641,0.435528754,0.411121798,0.756362758,0.16910497,65.42632909,940.4581941,30.66689084,10.718804,0
1003,162.8613141,3.525187053,0.759075293,0.658456776,0.929412934,0.433577279,33.29348107,133.7159003,11.56355915,10.81844634,1
3439,335.7989261,5.475652351,0.802463957,0.774888416,0.90919351,0.600460091,22.72493891,271.6671777,16.48232926,9.451764988,0
8681,380.3877541,5.966011307,0.743389953,0.692809199,0.919660656,0.479996529,44.87371533,231.7580209,15.22360079,10.80209581,1
9131,1198.589378,13.45537729,0.527093648,0.447174913,0.868441788,0.200021351,79.87399712,450.6134177,21.2276569,10.88758931,0
2263,479.5188263,7.613803092,0.663084186,0.580715026,0.854256602,0.337261104,37.98795724,191.2178945,13.82815586,11.0069185,0
4223,3544.313652,35.21266262,0.466020958,0.457440662,0.717319561,0.20928637,21.26121655,795.8787655,28.21132336,8.33168927,0
2610,4019.594026,34.39709736,0.425628165,0.406157369,0.743246142,0.16506987,89.19091886,1244.094394,35.27172229,10.33150417,0
6593,1926.765369,20.7813588,0.551344677,0.530122046,0.84313538,0.281070694,79.71984642,823.0211212,28.68834469,10.63207823,0
7952,2298.628007,23.03653235,0.583038612,0.569409227,0.825489322,0.324267392,67.84571052,731.3380423,27.04326242,10.60327893,0
5760,662.7130684,6.521449332,0.900694085,0.897802129,0.74020902,0.806054867,7.009665815,101.7833044,10.08877121,5.868292461,1
1069,2929.667905,23.43330841,0.554809179,0.524549201,0.803812658,0.275231809,101.4090139,964.2788888,31.05284027,9.856754859,0
7609,841.5022056,12.70229218,0.534474248,0.475054856,0.916262848,0.225704829,47.8998292,783.9950899,27.99991232,10.6905497,0
4876,1391.865425,15.94222772,0.481356897,0.426330804,0.872850581,0.181808414,76.26454457,643.7318228,25.3718707,10.77454732,0
7523,160.5043488,3.182176618,0.789011851,0.716525863,0.95935048,0.513413984,38.90242643,206.4758003,14.36926582,10.82601887,0
2354,3206.227954,29.7330254,0.433118963,0.404928959,0.779241353,0.1640831,85.03483262,1006.864068,31.73112144,10.4661495,0
9918,200.9936677,2.986391032,0.863867693,0.794815311,0.930030594,0.631739432,50.41034291,109.0751505,10.44390495,10.76384654,1
9711,2092.332095,22.43489148,0.486236237,0.451889935,0.83640905,0.204259935,73.38073534,1037.947414,32.21719128,10.52556418,0
6933,1204.92147,12.93722286,0.595393636,0.553698764,0.900663953,0.306620396,73.89546427,651.5007967,25.52451364,10.80683669,0
7105,786.9332908,5.027160236,0.952594354,0.926663855,0.864539071,0.858709684,27.43498009,480.9747114,21.93113566,10.36778065,0
986,1532.778583,18.04303906,0.658378561,0.650792424,0.867443143,0.423542554,26.4840781,695.6054788,26.37433371,8.477897893,0
1352,1253.527361,14.89996667,0.522156704,0.479629254,0.890128115,0.230087246,91.12460953,463.9404955,21.53927797,10.7180894,0
2062,679.1773813,8.258541135,0.788001613,0.76863038,0.875771067,0.590799109,61.7583946,184.5785344,13.58596829,10.41959846,0
3577,592.6165933,7.909341557,0.71078378,0.669081951,0.925569488,0.447676072,19.65718475,360.2498531,18.98024903,8.583636311,0
4069,187.2543326,3.351529349,0.823485869,0.778134443,0.937529657,0.605495891,17.19156857,208.4454841,14.43764122,8.721291708,0
6332,4612.238022,39.21146253,0.378473423,0.36242332,0.720922146,0.131493566,82.49139335,1617.794239,40.22181297,10.33477205,0
3987,667.8878503,10.67447864,0.549980851,0.481672162,0.898908078,0.232032379,56.02434217,250.0877094,15.81416167,10.66573757,0
1603,552.8843864,7.419889712,0.739075329,0.708805367,0.910434048,0.502413295,32.00500086,385.3964571,19.63151693,10.24239926,0
642,4115.845737,36.55302795,0.431721096,0.417386578,0.709409269,0.174312015,68.61404985,1416.034237,37.63023037,10.38207419,0
5814,3086.326502,27.03021051,0.514219184,0.491537368,0.783831327,0.241698694,86.32383574,1033.040072,32.14094074,10.47452694,0
6753,2803.206692,31.74556362,0.436497597,0.42529726,0.75415653,0.1809125,22.64514539,686.9822322,26.2103459,8.756991621,0
1195,2469.564057,21.75926994,0.497462579,0.459920947,0.845508244,0.21159327,94.36714928,996.0897406,31.56088941,10.03558426,0
6278,1579.141213,14.96086178,0.635794038,0.604732985,0.869701463,0.365726137,93.34926645,607.9562587,24.65676902,10.61770243,0
5190,96.74771925,1.755993977,0.867636853,0.785555482,0.820747185,0.61710266,7.288506253,20.09705698,4.482974123,7.139355822,0
2566,2859.264347,27.12895987,0.457214732,0.428121328,0.795431419,0.183371143,82.49660858,910.9536304,30.18200839,10.63733401,0
8149,2469.110222,25.51973059,0.496603158,0.480240954,0.840478848,0.230686428,71.02695598,1119.773111,33.46301108,10.49766522,0
7758,1176.804726,9.955611727,0.762931953,0.734868959,0.890813724,0.54004587,91.69746149,575.3496353,23.98644691,10.57760219,0
8143,2088.958923,20.90156805,0.528331109,0.498050454,0.803189069,0.248149921,74.20929284,781.8134495,27.96092719,10.72095372,0
6819,655.243024,10.50926609,0.525286609,0.459033632,0.901033709,0.21075631,51.539771,440.013744,20.97650457,10.49374841,0
8452,2729.909241,29.03224631,0.48008176,0.46682678,0.776004539,0.218000691,48.10469085,981.3215442,31.32605216,10.43440834,0
9614,39.22724429,1.682845414,0.736883656,0.541735094,0.97490884,0.293484161,20.77399395,117.4520151,10.83752809,9.783273171,0
7901,713.373798,9.663985095,0.675315206,0.626238582,0.863068101,0.392208115,51.02730414,290.2980811,17.03813608,10.63901775,1
2200,1553.406161,16.95386701,0.622519218,0.601317615,0.868196735,0.361606246,58.42105054,670.9234327,25.90218973,10.72358079,0
4105,559.6658338,6.873329335,0.822842687,0.805822204,0.897065254,0.649354734,32.43253968,337.902592,18.38212697,10.90051863,0
435,4215.750134,34.17803067,0.484910356,0.468639994,0.740022616,0.219750997,85.26732256,1350.434512,36.74825862,10.39837771,0
407,1572.423537,17.88758945,0.550455665,0.523522728,0.848537524,0.274140043,66.9123991,645.58114,25.4082888,10.78165778,0
2149,806.8751957,8.624687319,0.601883408,0.513311609,0.930840939,0.263503661,97.31684373,360.6138891,18.98983647,10.56998021,0
4524,415.4633107,6.424314222,0.732635574,0.696215301,0.935257925,0.484728014,56.05036803,336.7821459,18.35162516,10.58062531,0
8181,486.4209922,7.527968202,0.721156873,0.684053915,0.912132172,0.467952527,41.75186857,314.9730521,17.74748016,10.58852389,0
3081,2659.96013,26.8885935,0.590715779,0.584095379,0.729567226,0.34118076,16.04481561,369.9165462,19.23321466,8.527676515,0
2561,322.5243444,4.434412389,0.83137496,0.796107706,0.928795397,0.633793517,43.07708938,222.5110132,14.91680305,10.98963736,0
9716,4565.317143,39.5031496,0.407264829,0.391366068,0.688024344,0.15330002,85.58641096,1729.954972,41.59272739,10.29223407,0
7062,74.48888333,2.388957129,0.69149003,0.425311817,0.929784569,0.180904396,17.10854306,61.1322006,7.818708372,9.961040927,0
6594,932.0237776,10.43290334,0.812017995,0.807606736,0.839345269,0.652236071,21.37879111,265.9093874,16.30672829,10.31837217,0
5479,3828.667436,34.9884638,0.41451225,0.398399742,0.760747868,0.158891855,81.05951993,1333.630649,36.5189081,10.35593865,0
7848,928.6144088,14.99544604,0.460702821,0.418629032,0.862152709,0.175284063,39.57838652,354.5852972,18.8304354,10.65271354,1
4298,1943.352381,18.45279845,0.657775024,0.641922278,0.840581267,0.412112418,82.38553242,737.0777979,27.14917674,10.6190811,0
7493,1301.739586,16.83909472,0.576891602,0.553581639,0.862930092,0.306471996,25.4859335,535.8665172,23.14879084,8.716278692,1
5873,2282.016844,22.49862595,0.544240298,0.52376751,0.814565456,0.274386372,64.32113299,889.2161035,29.81972675,10.64040989,0
9191,2055.548225,19.53689913,0.584912172,0.56216997,0.84592606,0.316098863,99.46902068,717.5719298,26.7875331,10.04437087,0
1998,384.3638575,6.547091488,0.673123028,0.607322204,0.930914447,0.368853207,55.3956,220.4225406,14.84663398,10.78057512,0
1103,3427.2527,28.81142995,0.512873184,0.48906616,0.744647527,0.239281211,87.91886215,1087.2745,32.97384569,10.44773433,1
2240,110.4254115,1.718658336,0.918700055,0.898053182,0.948871635,0.806501415,50.24545455,219.2079753,14.80567375,10.65000094,0
9965,1134.774273,12.89148636,0.754130925,0.746817879,0.80453006,0.557748299,16.67717688,323.5303355,17.98694903,8.637965094,0
4053,3584.051742,30.62840512,0.482745239,0.465047203,0.784382813,0.216388578,83.34695536,1227.286705,35.03265199,10.37556627,0
2257,55.22307641,0.669193865,0.986282184,0.985503637,0.910713895,0.971217471,9.597989059,99.60226624,9.980093499,7.94933971,1
5650,1391.78196,13.63779305,0.514759333,0.441635345,0.899228365,0.19508672,94.66955063,604.1143888,24.57873855,10.22084028,1
2889,44.15793698,0.475053913,0.991452746,0.990956936,0.90799394,0.981995684,28.06709684,92.26832153,9.605640089,10.64037231,0
7610,2042.243523,19.9998625,0.526260336,0.493829378,0.849429576,0.243931568,88.93759017,737.3545543,27.15427322,10.49378455,0
9221,322.1397396,4.40258532,0.780426098,0.687829917,0.931611143,0.473123044,62.6223056,147.7604015,12.15567363,10.41562907,0
15,2335.364836,22.06192344,0.561074565,0.535125703,0.818306046,0.286449138,77.87100086,867.5822472,29.45474914,10.72731856,0
4602,1002.974637,12.41899523,0.51156469,0.441087768,0.906971452,0.194588888,68.20207171,855.7813184,29.25374025,10.60451682,1
4471,844.6784809,9.337962394,0.837395682,0.833136205,0.760809473,0.694122283,12.41914553,183.1353801,13.53275212,7.598954142,1
8564,555.9032523,9.189185816,0.533452615,0.467814925,0.933730223,0.218871651,57.53305362,469.7455305,21.67361369,10.68673494,0
1270,634.8023701,7.79436946,0.658963378,0.563683039,0.914591711,0.317769518,78.28131756,254.8998761,15.96558411,10.90068236,0
5750,810.7244448,8.913832353,0.729922873,0.677037889,0.897449751,0.458398149,67.08614647,409.3081631,20.23136582,10.5908535,0
3122,1696.469933,18.39580689,0.551963087,0.498447452,0.858685029,0.248482541,74.53738097,517.6437191,22.75178497,10.71042081,0
1337,1814.935588,19.45880811,0.588519647,0.572218243,0.824415088,0.327506653,88.53739095,588.3790949,24.25652685,10.59482298,0
2063,1042.668642,11.36708918,0.713566755,0.677366786,0.881845464,0.458849503,63.27421992,360.7343848,18.99300884,10.90533644,0
1007,1498.971532,17.74581901,0.586719174,0.559724707,0.853070418,0.313330039,55.82424217,697.1225754,26.4030789,10.62814988,1
8353,1038.315492,13.4586548,0.733791577,0.72714453,0.798961621,0.528760244,20.24711708,287.6240882,16.95948372,9.435381278,0
2580,60.2138475,1.850627699,0.768220356,0.574715548,0.929874003,0.330310176,13.61229254,46.15224246,6.793544175,9.642460079,0
5993,1097.811248,11.70857428,0.81176275,0.808809863,0.828377451,0.6541776,8.790133244,240.8613741,15.51970922,5.977399477,0
8579,1613.518564,16.00904115,0.600391789,0.557849833,0.842301841,0.311262145,80.54536387,476.5262348,21.82948086,10.75967779,0
7719,1193.292715,13.17078028,0.611368452,0.56956391,0.867523164,0.324437812,63.8408014,454.253482,21.31322317,10.7526703,0
8285,1724.145322,16.99985846,0.595744154,0.568100356,0.866252507,0.322783281,77.08733769,621.123296,24.92234531,10.72183074,0
2841,3429.795526,38.47225676,0.333697705,0.321466335,0.729777089,0.103364935,15.85784278,598.4486291,24.46320971,6.805931262,0
2784,2407.161928,24.66751954,0.463582477,0.436212063,0.83500453,0.190356397,86.18604169,853.9110486,29.22175642,10.4189638,0
6837,179.6521594,3.572772941,0.759705589,0.616578501,0.935419337,0.380187993,43.80898213,87.57450958,9.358125324,11.19884084,1
8603,3479.608965,29.79474811,0.500258473,0.480035284,0.748791003,0.230563994,80.72429646,1273.890598,35.69160403,10.5302022,0
2416,1454.329629,15.9738875,0.538562283,0.486071112,0.856896716,0.236311841,63.39806011,534.7169364,23.12394725,10.734135,0
3519,2536.497844,25.54464688,0.534715665,0.521085861,0.81477495,0.271609255,59.01066126,1038.832522,32.23092493,10.46087409,0
1406,2396.109213,27.94833988,0.441408739,0.425776217,0.803586553,0.181307659,22.24596952,705.2862857,26.55722662,7.657868104,0
6031,1969.621219,19.14067887,0.640712264,0.626015898,0.837904281,0.391924512,72.35818852,588.8667959,24.26657775,10.62771853,0
4729,1094.139947,12.75931514,0.771971876,0.767034367,0.827479906,0.588353331,11.36197726,229.7383549,15.15712225,7.277718582,0
891,3612.162994,37.27626676,0.353176265,0.337987032,0.739778657,0.114307091,59.88208705,1571.021096,39.63610849,9.765876116,0
6171,1575.543709,17.38135732,0.567325031,0.537747597,0.86418176,0.289210978,63.54857068,674.3978839,25.9691718,10.77724128,0
2926,2656.590372,27.04528831,0.452512918,0.432914257,0.821577614,0.187485217,83.1813204,1135.833153,33.70212387,10.4258837,0
2782,1498.919057,14.78630012,0.626995482,0.581723187,0.850799445,0.3384539,89.19225973,462.4206538,21.50396833,10.81977571,0
9735,89.84040087,2.649566804,0.728260564,0.578053593,0.965017606,0.334152899,27.07832423,111.7938823,10.57326261,10.77855443,1
7889,361.6556536,5.442798888,0.741225187,0.668117511,0.918340163,0.446397284,50.5340468,225.438683,15.01461565,10.49229546,0
6130,88.75613245,2.09402796,0.825054718,0.726195481,0.933515531,0.527369644,21.35515499,92.02652666,9.593045745,10.19350019,0
3134,3587.136895,35.11669491,0.436730065,0.425147341,0.736686447,0.180835802,44.82078534,1304.861861,36.12287172,10.13775536,0
9446,302.749798,6.499605376,0.644594015,0.589767859,0.940941943,0.347836585,22.61325625,326.1506977,18.05964279,9.359981328,0
5607,53.895865,1.304133292,0.871422547,0.788506848,0.933687965,0.621746511,14.43307309,53.46666649,7.312090433,9.838934291,1
3052,1888.459014,21.95888462,0.492040437,0.465407634,0.84724334,0.216665007,50.76510267,703.3945802,26.52158706,10.74219265,1
7433,961.2732268,11.66381083,0.636253961,0.588452959,0.911748943,0.346296438,45.21951519,676.7772229,26.0149423,10.58101002,0
6112,2345.929752,23.28403446,0.577148061,0.55994305,0.802919891,0.313593656,61.44769979,817.032038,28.58377228,10.74985612,1
2366,2148.894877,21.15648765,0.432831845,0.394274672,0.864980766,0.155518283,98.08533303,937.9465583,30.62591318,9.860814777,0
2962,1905.899405,18.53747222,0.551597832,0.512227487,0.843761146,0.262429263,79.90327099,777.6029594,27.88553316,10.59411388,0
7264,1373.224244,14.09644703,0.78121988,0.775541091,0.710138394,0.601482611,9.960670293,193.144267,13.8976353,6.882734759,1
0,4005.09282,31.85643387,0.504725868,0.489293275,0.77563337,0.239538685,101.4604624,1332.133435,36.49840318,10.06252651,0
8931,2302.945863,24.92117077,0.560733575,0.551270838,0.790875202,0.303926102,12.44133741,316.6377862,17.79431893,7.062034693,0
3604,1778.019468,19.50893721,0.583973652,0.5670864,0.857615569,0.321626915,62.47349823,881.7539329,29.69434177,10.58188174,0
2802,451.9018815,7.912039153,0.718188465,0.69676161,0.891585503,0.485488078,11.0357569,159.5931842,12.6330196,6.939253477,1
7095,949.744552,14.09806084,0.522379772,0.474208559,0.895107957,0.224892343,27.49161558,553.2758175,23.52181578,9.104236761,0
7877,157.03842,0.980784702,0.989664813,0.988715771,0.58409058,0.977559166,4.178409206,8.78420932,2.963816681,4.109637308,0
2724,3378.629862,31.3281318,0.448973236,0.431274483,0.777022679,0.186119807,74.1372769,1325.503236,36.40746126,10.44340763,0
369,370.7992889,3.879126222,0.938212448,0.937026172,0.803885271,0.878019912,6.36542328,94.57532826,9.724984743,5.433014403,0
8116,5866.120068,46.24146196,0.399784288,0.389402189,0.64760797,0.151830179,85.95016788,2294.188584,47.89768872,10.26285408,0
8968,1653.938148,17.23930737,0.624277158,0.60221042,0.85785797,0.362681822,60.91036292,635.7535822,25.2141544,10.67590918,0
1413,4027.404665,45.61662325,0.206876909,0.191573024,0.641868559,0.036730612,60.29681777,1848.876528,42.99856426,10.30862467,0
350,523.1844327,6.841889725,0.824630567,0.812232408,0.766507377,0.659734649,14.83152781,129.3107342,11.37148777,9.281125582,1
6957,284.3506306,5.089157376,0.771709574,0.731813034,0.917999232,0.535582958,38.86570385,183.811015,13.5576921,10.84747111,0
8763,34.53185254,1.507636297,0.764681382,0.473477589,0.94721104,0.224201538,14.87878164,39.84299288,6.312130613,9.997504319,0
9167,1753.049895,16.98864584,0.53837582,0.496748675,0.879801246,0.246804373,101.1671045,708.8790005,26.6247817,9.718181284,1
1396,3362.590205,29.39425204,0.502598746,0.482604025,0.780412993,0.233027744,86.99625537,1101.31814,33.18611367,10.35258856,0
3451,718.313042,12.42147821,0.485241664,0.430810997,0.909396762,0.185621287,33.63410077,604.8771074,24.59424948,9.465392701,1
9877,2812.39366,30.45382232,0.411805592,0.393107762,0.796591342,0.154601508,63.01697929,1085.365283,32.9448825,10.63988151,0
8709,1280.758314,15.8835441,0.600194252,0.574249655,0.872026283,0.329776846,36.7536372,585.3041611,24.19306019,10.47422159,0
4516,905.4898968,11.23341904,0.584005713,0.521628334,0.895217412,0.272133618,60.73747017,477.5248098,21.85234106,10.73478884,0
8884,1481.543934,17.39672511,0.597058231,0.565221701,0.826384827,0.31951709,55.02752753,524.575652,22.90361657,10.79136786,0
9884,3577.463535,38.02276754,0.352324686,0.339515249,0.743503286,0.115363313,45.97069925,1516.615609,38.94374929,9.431068079,0
9956,1632.779786,16.23891319,0.538884738,0.473042424,0.843136715,0.22382721,77.2388358,648.6620975,25.46884563,10.7681861,0
7863,1790.478875,18.21913358,0.614592013,0.591194308,0.851366738,0.349534839,58.98573213,560.4299282,23.67340128,10.66275618,0
103,2134.906743,22.55204632,0.394631477,0.344116621,0.829656028,0.118487868,76.58691613,1143.396287,33.8141433,10.57184108,0
3510,484.7546457,8.535279317,0.60146802,0.53285009,0.901120334,0.28397429,38.47132434,354.2820762,18.82238232,10.34277227,0
4374,501.1068173,6.605300782,0.674544342,0.581267614,0.937195811,0.337889565,72.42784296,353.6025314,18.80432215,10.66637948,1
1792,4866.837155,38.08015464,0.433444715,0.415896713,0.718002675,0.173133005,86.48389578,1816.597263,42.62155867,10.24027425,0
2478,985.4201944,10.33024759,0.744517243,0.722852009,0.892060174,0.522524498,57.77591084,348.9708966,18.68076274,10.75110545,0
9356,1654.729201,16.61457299,0.613788534,0.583379958,0.853414856,0.340385837,81.18649453,598.3765374,24.46173619,10.70497102,0
3174,309.122734,5.894789526,0.50430089,0.320401734,0.935353842,0.102685321,55.49577259,458.7703903,21.41892598,10.23226618,0
8694,2348.931844,20.7401637,0.557698401,0.527071704,0.825306444,0.277865085,89.20634016,779.0900585,27.91218477,10.63513141,0
8022,3617.706006,36.4971388,0.428098585,0.417927528,0.704857025,0.17472707,22.87521589,823.24015,28.69216182,8.473117349,0
3607,103.4526455,2.951178285,0.737570318,0.566249121,0.936698288,0.320651093,23.3326494,100.7528136,10.03757011,10.38212783,0
5755,1853.551084,18.96249432,0.541338673,0.507048377,0.852419882,0.257161003,85.01429609,687.132545,26.21321318,10.72750564,0
8776,658.5064715,10.16631155,0.671438132,0.636960716,0.854625846,0.405766409,29.86546515,249.1569677,15.78470677,10.72634686,0
5909,44.73135142,0.541145931,0.983103578,0.980100443,0.895523777,0.960597097,25.84240403,103.2812169,10.16273668,10.7411991,0
6467,2477.159983,19.86037338,0.60880087,0.573799718,0.840376672,0.329305501,104.777119,833.358276,28.86794548,9.722751723,0
5402,168.9450657,4.149529684,0.678004703,0.505361909,0.909136764,0.255419117,26.99819477,108.2872176,10.40611444,10.80131073,1
8597,3522.375587,32.1123834,0.410184716,0.39088475,0.790331953,0.152897991,96.20976371,1426.435491,37.76818093,10.0241683,1
3499,107.379758,1.111133778,0.982107883,0.981699376,0.71735479,0.963734045,5.05011037,23.88724614,4.887458045,4.929446657,1
9521,656.6307523,6.45579534,0.776023228,0.743082459,0.934726136,0.552182449,88.59651258,460.5542895,21.46052864,10.79031174,1
8817,3079.166837,30.03369249,0.505588309,0.491617923,0.737719444,0.241772487,64.29961753,1056.984558,32.51129892,10.55985461,0
4281,526.5427384,7.27335989,0.600559056,0.472617555,0.930950947,0.223389823,70.07251273,317.9599479,17.83143146,10.77712566,0
8378,4442.428457,37.3224495,0.40635339,0.38909366,0.734579717,0.151514954,87.05351988,1657.951832,40.71795467,10.33138463,0
6163,4755.403231,39.48841639,0.39271946,0.373826263,0.687976917,0.139879041,81.06836879,1890.50239,43.47990788,10.29149618,0
9332,1057.634323,12.79360587,0.655179947,0.61831673,0.845677469,0.38239273,57.40297146,342.6474707,18.51073934,10.71033031,0
4005,1181.011708,13.37568707,0.641401083,0.606867067,0.877185581,0.36830891,62.59650162,438.7705777,20.94685126,10.91759279,0
5675,1858.837928,21.73184014,0.483808715,0.453685894,0.838271082,0.205871071,42.10046107,662.4872949,25.73882855,10.44698021,0
2995,647.6983474,6.417353034,0.902827236,0.899783956,0.641544555,0.809619892,6.538908912,88.30975739,9.397327141,5.699193358,1
1608,1618.271655,16.60994571,0.548271968,0.504139708,0.859878455,0.254207411,71.74286505,657.4558974,25.64090282,10.80062763,0
3387,4086.551216,36.52097078,0.469563138,0.459634669,0.732076184,0.211354298,72.93253468,1068.994042,32.69547433,10.49176194,0
4138,856.5075838,11.3765147,0.599732741,0.544804782,0.887259841,0.296843789,52.54139188,585.1891926,24.19068401,10.40619826,0
8032,2079.374808,22.05769447,0.564028335,0.54751506,0.831651283,0.299810203,53.55630274,768.4902017,27.72165583,10.62698234,0
2894,965.9763329,11.19848091,0.605405462,0.531204022,0.882755929,0.282213397,67.61963788,456.6630629,21.36967625,10.9257816,0
1077,2100.97225,21.06168932,0.515237543,0.469267216,0.828599983,0.22026636,82.412781,705.9595814,26.56989991,10.73793414,0
3269,1271.053781,14.85640517,0.696151903,0.68165217,0.794589743,0.464663105,18.18800625,315.0165934,17.74870681,8.773178764,0
4074,3532.864219,30.42683591,0.488101508,0.469940829,0.756794267,0.220925011,72.29076113,1263.125511,35.54047707,10.55266035,0
3216,1771.340447,18.13811195,0.607956179,0.582974553,0.856291111,0.339897773,64.32714852,857.1644186,29.27737042,10.69059525,0
4272,1291.762585,16.38672704,0.601154672,0.571735322,0.822187213,0.326929552,49.25451256,418.0982101,20.44744997,10.70497072,0
889,468.3019867,5.700033143,0.871013214,0.861281794,0.863811051,0.741808685,32.88987607,274.9849687,16.58267073,10.74460487,1
6877,983.4314545,11.42646827,0.649879698,0.611085522,0.906494224,0.373449906,71.32795847,533.0687126,23.08828085,10.89793621,1
4856,3662.210368,33.43077132,0.465284137,0.451649741,0.744863615,0.204084867,72.31495831,1102.881478,33.20965941,10.48403817,0
3284,2284.032485,27.48751764,0.411868881,0.391211992,0.80300569,0.153118213,56.89621125,1032.168562,32.12738025,10.45693152,1
4995,721.9132156,7.72775577,0.876953198,0.874149175,0.760903017,0.76414576,8.806539433,157.6205859,12.55470374,6.813202666,1
2769,1481.729898,17.09495098,0.624665615,0.603989196,0.859503842,0.364830626,51.39659338,532.0494873,23.06619794,10.93330761,0
8733,828.1142091,10.97525318,0.584095169,0.528015778,0.899161404,0.278828662,68.61450707,407.2259741,20.17984079,10.89117308,1
6900,3865.895863,32.99418253,0.449283264,0.432812422,0.771169135,0.187424798,93.76222245,1335.62522,36.54620664,10.25594989,1
1311,793.8530234,8.042084922,0.877222051,0.875100893,0.776809923,0.76580335,7.583936016,113.6901881,10.66256011,6.172984033,1
8343,3122.303143,27.41954341,0.480460247,0.457224534,0.786132985,0.209156017,95.46895242,919.0976213,30.31662285,10.15833833,0
8427,2300.519298,23.81086141,0.484258774,0.459978763,0.825127187,0.211640757,75.55175656,1053.72174,32.46108039,10.54386704,0
937,3018.651818,26.33331084,0.563556888,0.547931388,0.768118508,0.300310114,84.64463256,1022.246095,31.97258348,10.50049052,0
2772,508.1939914,6.654098381,0.750687146,0.681342086,0.842576301,0.464236496,17.33326131,195.7991933,13.99282649,8.89370308,0
9313,1482.890023,16.49868103,0.584337062,0.548950903,0.863930256,0.301385227,68.38178852,596.2314753,24.41785157,10.75394834,0
2243,1652.974474,16.78102235,0.728557036,0.721499628,0.735434818,0.520597703,12.30667022,290.7349187,17.05095067,7.238525422,0
9563,4047.440121,41.87048581,0.3419923,0.3307137,0.685532115,0.109397018,17.45615256,726.6614961,26.95665959,6.785459119,0
2570,3044.201897,29.46179929,0.531879393,0.521163532,0.761489664,0.271698789,69.19726648,1129.642291,33.6101516,10.54795002,0
8476,845.9030301,9.805475461,0.564033197,0.481820787,0.930630672,0.232175795,90.70947952,481.3243649,21.93910584,10.6849482,0
5603,1389.948202,18.20396332,0.439406924,0.385803858,0.884050652,0.148882163,48.85029254,906.3212755,30.10517024,10.13264758,0
4291,112.3189839,1.840108836,0.903296463,0.866097961,0.836410318,0.750129518,8.7568363,35.41956959,5.951434246,7.895930303,1
4134,408.9683405,5.687447129,0.74169061,0.653337479,0.901738088,0.426868529,51.85751276,159.9538041,12.64728445,10.43608589,0
7267,239.183669,4.57897692,0.773017183,0.725624006,0.929997765,0.52653938,26.56731775,207.0154983,14.38803316,10.5705103,1
5213,5146.357879,47.06732753,0.342282606,0.332058938,0.649425398,0.110352269,76.13838678,1369.585125,37.00790625,10.56271627,1
6788,2015.972994,16.74975976,0.611049148,0.574746219,0.860859762,0.330375031,100.0156359,803.4852453,28.3458153,9.947218571,0
4104,217.1879907,3.404574979,0.805050648,0.721434225,0.945468139,0.520475138,59.01025258,204.27977,14.29264741,10.45898069,0
9228,1538.706785,17.15890836,0.52528879,0.471339796,0.855263827,0.222211675,82.48500665,567.1954643,23.81586581,10.74199779,1
9920,421.6308123,7.155481838,0.768791151,0.754343089,0.91779,0.569046836,20.94580199,276.104006,16.61637764,9.685886214,0
3977,2469.207614,22.04795876,0.522583069,0.490556386,0.827945903,0.240724694,88.5266165,905.5985112,30.09316386,10.42062021,0
8534,877.2789954,8.465995303,0.876227428,0.87397296,0.782611602,0.763832497,7.695967901,168.1147923,12.96590885,5.886434301,0
8676,217.3516498,4.496563123,0.68391539,0.581145945,0.947561263,0.33773904,33.85155496,262.8614576,16.21300273,10.66373476,0
7464,387.4893567,6.882361841,0.761507805,0.746524674,0.91387354,0.557305515,17.94245339,176.9629905,13.30274372,9.762451275,1
3020,1064.177981,15.18440443,0.478666416,0.421620369,0.871084472,0.177788956,39.91836735,610.8103336,24.71457735,10.18954279,1
7274,2488.515712,25.56343804,0.472850427,0.44942954,0.82189447,0.202081858,80.57062431,991.4539194,31.48736126,10.56322313,0
1569,36.15581308,1.16255325,0.821722573,0.609172329,0.937238054,0.371098609,8.859851541,24.55337761,4.955136488,8.208464717,0
3494,518.7297681,7.518477343,0.651371649,0.583588237,0.915530458,0.340598671,58.02399047,247.8480052,15.74318917,10.69454679,1
9860,3517.866909,33.21470761,0.441228233,0.423454203,0.752643728,0.179405415,74.904341,1224.315065,34.99021384,10.63614909,0
4417,2629.154986,25.70499839,0.502313437,0.483182739,0.812880755,0.233570757,78.11172349,1004.918485,31.70044928,10.58582063,1
6823,1465.907467,14.48378658,0.595653148,0.546477896,0.872088724,0.298688581,74.2496788,566.426911,23.79972502,10.55341466,0
2526,2845.1508,28.5157627,0.436405052,0.406698072,0.777178546,0.165476565,79.55398415,763.4987916,27.63148189,10.72628611,0
4182,2042.563178,19.47756013,0.569297723,0.541732726,0.836649155,0.293524213,85.9733626,695.3741506,26.36994787,10.71716399,0
3641,1669.20152,19.16534257,0.475619642,0.413140294,0.808644985,0.170734779,59.48669456,545.4643278,23.35517775,10.89929815,1
1713,3288.750443,32.0807686,0.42103901,0.402906754,0.750793903,0.162436479,80.93379393,987.0945723,31.41806124,10.55574908,0
9839,798.1908692,9.492117118,0.570631178,0.47700323,0.914480509,0.227554468,74.76547507,401.3730794,20.03429758,10.79230387,0
2264,1368.506069,18.10247412,0.505034685,0.475377965,0.872829629,0.226024102,51.77340169,739.0791801,27.18601074,10.77300437,0
939,659.7050174,9.964833211,0.62217999,0.552309141,0.857970987,0.305087251,47.96317606,235.7830705,15.35522942,10.59440827,0
3196,2546.125134,23.66282651,0.429231239,0.386105394,0.810516029,0.149173165,94.7038992,901.6526615,30.02753172,10.13116768,0
4279,1274.403929,14.04003987,0.527415375,0.465811008,0.904997461,0.217015767,72.62087166,861.3939885,29.34951428,10.66466279,0
34,1651.283155,19.81139381,0.610496576,0.600049663,0.81486081,0.360082444,21.89019577,520.4061879,22.81241302,8.848682988,1
7742,321.4236312,4.6512024,0.750055535,0.664221576,0.937962128,0.441200645,51.03143339,391.7701754,19.79318507,10.44259508,1
9818,1843.501317,22.3118592,0.442567769,0.409043544,0.826851029,0.1673461,51.55643463,795.9509531,28.21260274,10.57058218,0
9661,1038.453071,12.04499309,0.6769655,0.653574839,0.90761337,0.427185444,50.74736571,615.0586798,24.80037661,10.61577505,0
9692,206.4346603,3.739116152,0.712842519,0.621404173,0.956831334,0.386153194,46.58512143,190.2497495,13.79310515,10.75545225,0
8436,1317.433754,12.17360171,0.732321822,0.709925743,0.867732993,0.504025598,79.31253808,628.5736692,25.07137151,10.7019698,0
768,579.8424782,7.091319979,0.711036921,0.636911636,0.913295509,0.405679799,66.46934061,294.5348609,17.16201797,10.77860441,0
4570,777.9583991,9.069834253,0.650636924,0.561892662,0.889339653,0.315760237,67.04458947,370.1003697,19.23799287,11.01193037,0
7978,734.980291,10.16467895,0.634040551,0.585402273,0.897930854,0.342733272,67.27019396,280.3726536,16.74433199,10.78468716,0
4309,3397.059436,30.4662132,0.463267672,0.444924882,0.775622202,0.198068695,83.75362895,1267.432839,35.601023,10.38722352,0
4463,428.5490499,7.11925731,0.70992936,0.670490996,0.907900201,0.449581333,41.41417561,267.4796147,16.35480402,10.62105183,0
634,344.957185,5.632539488,0.599018052,0.456691098,0.942611309,0.208580628,62.7718096,207.8736579,14.41782431,10.79981102,0
6775,3681.134577,31.41099212,0.371944198,0.33654606,0.767123837,0.113383381,96.28095418,1296.256039,36.00355592,10.04132569,0
6288,695.2529049,8.935864972,0.583421559,0.489530951,0.926855475,0.239670018,71.65076373,377.735681,19.43542335,10.77337878,0
4179,2657.59363,23.37918941,0.469422713,0.435355689,0.836996467,0.189608289,92.3891774,1087.144656,32.97187675,10.08603929,1
7671,5584.390803,46.24268292,0.359554603,0.347682691,0.661965216,0.121036225,92.06625321,2061.739722,45.40638415,10.3107973,0
2005,838.053016,12.64230212,0.579260025,0.544709904,0.891116153,0.296731833,37.50619835,603.3463217,24.56310896,9.498949531,1
367,4453.09249,39.27537616,0.479250438,0.470514203,0.623661777,0.221465742,24.62752302,1215.947056,34.8704324,8.114061968,0
409,1133.261831,14.32654302,0.585920172,0.558642114,0.873591693,0.312131262,73.01466325,494.4245991,22.23566053,10.80447165,0
6425,122.4822564,2.438922912,0.819187994,0.672084928,0.949912417,0.451703815,42.71301645,55.12455086,7.424590956,11.31989399,0
5338,2350.91732,23.7951975,0.529664189,0.511329911,0.834158671,0.26151481,68.96377731,1027.727539,32.05818989,10.60946079,0
432,1336.444492,13.78693022,0.547715411,0.487477464,0.887829234,0.237679814,83.43299612,568.3691141,23.84049316,10.8113667,0
9055,2052.386509,23.4180004,0.532710124,0.517370894,0.811637948,0.267715653,42.95584052,850.8283204,29.16896159,9.886795458,0
7448,83.48032742,2.236263636,0.775266483,0.628775344,0.929996614,0.395374916,20.21462036,91.5596608,9.568681246,9.91884247,1
888,3108.047515,34.03810447,0.318680975,0.297482943,0.756753161,0.088575556,53.59850122,1331.751034,36.49316421,9.895716516,0
6805,5381.700712,43.79039668,0.419562696,0.40808898,0.686995362,0.166790835,82.64085164,2268.407326,47.62779993,10.30386597,0
4102,815.8391259,9.32181318,0.70636598,0.669078125,0.903121765,0.44767987,52.06853684,338.8712768,18.40845666,10.93666135,0
7131,1073.904467,15.19980988,0.479160479,0.418396379,0.861233724,0.175070434,17.83400879,414.6712311,20.36347787,7.571249557,0
4620,3729.725723,33.8196097,0.428493449,0.409517594,0.734303794,0.167852325,71.80270957,1279.566601,35.7710302,10.51615124,0
1588,1878.542808,20.28730001,0.491523667,0.447772132,0.839435966,0.200558582,72.64438969,693.057198,26.32597953,10.69729364,0
2448,4423.75945,40.94404447,0.402867163,0.39207866,0.701635259,0.153832858,73.80536913,2141.582231,46.27723232,10.2146821,0
6118,3129.416101,26.81530107,0.526586596,0.505397889,0.791048588,0.255505476,96.05337357,954.4492277,30.89416171,10.19098985,0
4654,3291.661645,29.6155634,0.535718704,0.523750371,0.766113083,0.274395984,74.08700927,1117.659298,33.43141185,10.49354062,0
2947,155.7816928,2.844084177,0.75976499,0.550640219,0.849060117,0.303221183,13.70187101,52.05005813,7.214572623,9.381141249,0
5840,472.558526,6.570527165,0.744408145,0.697928403,0.924682265,0.487111466,68.49247252,210.8243429,14.51979142,10.67853409,0
5816,969.6210642,11.16840749,0.766214656,0.749363635,0.817845342,0.561570035,46.85410462,365.3267982,19.11352396,10.72582605,0
8744,3716.525236,31.44172294,0.498832107,0.482791856,0.769630204,0.233180788,92.34693783,1176.612141,34.30178043,10.29050117,0
6767,4262.379545,35.11429061,0.389509392,0.365765255,0.751656064,0.133926049,100.3517302,1399.980386,37.41631176,9.899776918,0
5764,2701.631992,28.91786031,0.415599151,0.394030485,0.792290792,0.155350698,66.66005075,1227.076935,35.02965794,10.63997812,0
8927,4676.111255,38.79150978,0.398103865,0.381666333,0.716382244,0.145812982,93.17142383,1439.492851,37.94064906,10.25170284,0
3099,3360.563623,29.25834831,0.495970819,0.476120076,0.781535823,0.226769948,83.40457907,1155.118312,33.98703153,10.43986836,0
7090,424.7395979,6.44985477,0.725515348,0.657197532,0.914177214,0.431926988,48.2520053,244.2353012,15.62802934,10.67814822,0
7458,3845.304164,33.24458158,0.442341361,0.424509096,0.762454082,0.180346991,79.09210254,1601.162801,40.01453237,10.1742062,0
3240,2861.728641,27.97681845,0.509312008,0.494991285,0.76564203,0.245125022,71.10137999,962.2695092,31.0204692,10.66289798,1
5892,304.754033,5.684710487,0.676806364,0.560915665,0.888231022,0.314665618,43.6447374,133.3258796,11.54668262,11.15900894,1
6494,2338.186737,21.06108911,0.537965594,0.506186043,0.832066144,0.256278613,90.72702357,923.6501321,30.39161286,10.30049163,0
337,1296.237217,16.2944426,0.595857708,0.573333295,0.843684007,0.32872645,17.62348076,361.945843,19.02487432,7.866769141,0
1653,3240.884328,28.30462533,0.492540556,0.469976058,0.781261413,0.220974863,87.6293986,1067.963935,32.67971749,10.39670027,0
6871,3800.809005,32.58231512,0.47368795,0.456153386,0.746186779,0.20818625,93.36708922,1151.25523,33.93015222,10.27081834,0
621,4933.516772,45.27770574,0.331535434,0.319604131,0.66788778,0.102251624,64.0883724,1870.758391,43.25226457,10.31739745,0
1109,1755.522504,19.85673708,0.503915995,0.467423524,0.87174988,0.218523084,69.4564,914.682499,30.24371834,10.6436272,1
5082,2337.074192,20.91621941,0.537230008,0.497098794,0.821589417,0.247168759,95.00843746,789.3221198,28.09487711,10.37082734,0
736,111.9664868,2.69201125,0.7781617,0.683771192,0.958439427,0.467551259,34.45988174,133.2616856,11.54390253,11.06979535,0
973,447.417576,7.330717501,0.62098266,0.544679561,0.924593539,0.296688663,41.5396593,302.7448338,17.39956419,10.73914371,0
6227,1922.741644,19.93749309,0.605200719,0.589512009,0.82706599,0.347574805,55.75041843,757.4705456,27.52218279,10.38291546,0
7367,3033.743657,26.52528023,0.602026044,0.592615744,0.783499344,0.351270876,83.12597103,1029.011301,32.07820601,10.47890231,0
6967,1014.341917,11.16796435,0.606852037,0.536917346,0.893946262,0.288312031,65.45346482,471.5720398,21.71570952,10.76463805,0
2100,768.7739492,10.69264914,0.659806501,0.609799328,0.84311803,0.371876397,34.29209663,271.1966153,16.46804831,10.80416241,0
2051,1775.938373,16.45837166,0.590475743,0.554688865,0.87185046,0.307710617,95.56144753,533.7895989,23.1038871,10.41150062,0
9625,1818.292946,18.68255196,0.628364405,0.609901305,0.849924163,0.372017451,68.2416097,658.9016931,25.66908049,10.73601972,0
605,1438.250828,17.08596762,0.525255425,0.484802053,0.861882639,0.235121548,71.91280978,490.0457204,22.13697632,10.75978452,0
3558,956.576964,13.70253864,0.638415823,0.622384904,0.896690365,0.387374622,10.48220988,268.8629147,16.39703981,5.840937817,1
5101,2019.313411,18.1249887,0.58707636,0.536341071,0.834193518,0.287714392,90.68742147,749.7892048,27.38227903,10.6602093,0
6382,1968.513167,19.48336276,0.521773636,0.480361417,0.841567445,0.23079287,93.75229844,581.5397992,24.11513631,10.56100495,1
8920,170.3319571,3.213463454,0.834851012,0.797661368,0.919102153,0.636268334,28.11156362,159.6101625,12.63369156,10.71842389,0
2858,3610.102418,31.09497273,0.448480162,0.426680576,0.773204668,0.182181927,92.51348852,1222.598413,34.96567478,10.11654759,0
8777,2826.737994,32.62819124,0.398335121,0.385295717,0.774671935,0.148489437,22.7368547,762.6833417,27.61672214,7.874357331,0
8898,1155.066992,10.57075781,0.65325293,0.586411871,0.905774153,0.343900739,96.68756625,464.1351613,21.54379635,10.32570281,0
6774,744.065397,9.593558307,0.764249339,0.743658425,0.823716397,0.553045971,48.96465506,156.3419239,12.50367642,10.86318118,0
3301,1525.495064,14.61521631,0.606575508,0.556126085,0.857671686,0.309323458,80.62311663,599.1878788,24.47831446,10.72877448,1
3469,1782.902225,20.74976708,0.553842568,0.532548054,0.845362597,0.283632373,36.05449032,809.7864716,28.45674738,9.474185404,1
1342,46.94492232,0.850366878,0.924529577,0.846301096,0.865277016,0.716228096,6.368417965,13.84030153,3.720255573,6.730172895,1
2909,1036.043234,14.1577333,0.644630474,0.625183312,0.836461269,0.390872382,23.43202685,340.2461512,18.44576242,9.878981873,1
7663,1907.68189,20.66421107,0.599639587,0.586736393,0.81818993,0.344286989,48.22751494,717.6680819,26.78932776,10.50182025,0
5985,1643.558827,15.58084243,0.532175534,0.454495032,0.863301763,0.206614246,96.93453106,584.3933996,24.17423007,10.35731896,0
7336,4155.31113,34.34904857,0.441626442,0.423436402,0.747385748,0.17941814,90.44646714,1527.855383,39.08779071,10.2016892,0
7459,1463.068763,17.50382298,0.577956135,0.550918382,0.820588569,0.303576991,58.90392042,569.4238194,23.86260295,10.73740027,1
8760,3915.976171,34.47177161,0.429758986,0.410217924,0.739635583,0.168395076,85.74145152,1251.809153,35.3809151,10.43662445,0
2109,451.4989219,6.467617832,0.647896302,0.55362448,0.934622386,0.306523805,69.276346,242.9308664,15.58623965,10.83206787,0
536,1594.630886,17.85376174,0.572211311,0.542477086,0.845829683,0.294332854,76.27384021,540.9193844,23.25767367,10.72586598,1
3436,3210.283193,32.77993589,0.397408407,0.379689465,0.773255217,0.144264099,61.35713874,1290.183248,35.91912092,10.4488439,0
2431,142.5408831,3.068882257,0.725892983,0.5729559,0.948998639,0.328288556,44.00568954,106.1780417,10.30427298,11.27831958,1
5827,1438.29416,17.30747888,0.535391968,0.490613576,0.849836281,0.240739373,46.83244835,496.4313298,22.28073899,10.59472804,0
3226,4325.544986,36.60705459,0.454043449,0.440924843,0.710744094,0.194551961,82.82569349,1447.502669,38.04605983,10.45178074,0
8119,40.26438954,1.444379687,0.79841503,0.393628893,0.888658525,0.154984473,11.93212869,15.40621008,3.925074532,9.774186547,0
9998,196.071954,4.063025429,0.578567368,0.350362436,0.950343396,0.122770648,51.24870678,236.8721226,15.39065049,10.05875064,1
1822,1591.989635,15.6594716,0.652279269,0.626084386,0.85599822,0.392025921,79.95783519,607.9367475,24.65637336,10.72784369,0
692,223.1776347,4.456269412,0.716661437,0.637196103,0.943656114,0.406025899,29.40704538,256.1146345,16.00358193,10.45759057,0
3502,3325.208697,26.80837334,0.553807191,0.526502881,0.784383129,0.277296789,101.7895711,976.4373335,31.24799727,9.830384208,1
2978,3728.588744,36.3324143,0.467081084,0.458997858,0.711658169,0.210715946,21.5582138,907.7213945,30.12841507,8.654232331,1
4250,3047.133688,32.50672944,0.468103805,0.458776644,0.712871776,0.210493585,21.29753054,528.7163105,22.99383201,8.432604109,0
7998,219.5278768,4.606399144,0.649309902,0.535129181,0.946623528,0.28637549,48.06670885,160.9832567,12.68791774,10.65246906,0
8971,250.3323036,4.741272537,0.669290839,0.502348254,0.934248841,0.252372251,43.64760227,182.8413856,13.52188543,10.79644245,0
9813,210.1896004,4.220644523,0.749753709,0.675857869,0.917848583,0.456794955,30.86752245,139.3953513,11.80658085,10.83171443,0
5967,1794.431957,19.15398393,0.687944996,0.68126368,0.776509438,0.46412796,8.385154313,152.5391853,12.3506755,6.154993965,0
5042,3169.508013,36.73739315,0.334679567,0.320938331,0.737088631,0.103050948,32.83752956,1274.33332,35.69780553,8.399678405,0
7515,3208.817261,27.83658266,0.545729173,0.530460336,0.783176118,0.281475767,81.73380432,1055.893559,32.49451582,10.47485086,0
4642,27.6491849,0.226588312,0.995969356,0.995541493,0.354864271,0.991102929,4.097855262,0.875536602,0.935701128,4.126231578,0
4079,4344.523937,44.04223564,0.319678257,0.308482137,0.673771376,0.09520343,21.57413755,977.8769156,31.27102358,7.431897302,0
7797,104.9490019,2.554884062,0.73470726,0.577627411,0.93086015,0.333664275,17.23503625,92.91339731,9.639159575,9.646351597,1
8262,2608.569152,26.25735559,0.512867158,0.496035445,0.811858329,0.246134338,79.02260122,1018.960989,31.92116835,10.54505735,0
689,1172.165318,12.66075888,0.630955608,0.584159345,0.882701854,0.341282342,71.16225957,515.162617,22.69719403,10.79657846,0
6251,1720.951036,20.60401013,0.620263013,0.612192821,0.794474236,0.374814918,17.79527987,401.9898419,20.04968433,8.536304146,1
2986,4290.738291,37.84159444,0.4379657,0.4265331,0.716285764,0.182041955,72.72155088,1550.370813,39.37474842,10.50742721,0
6612,4406.577885,45.24854776,0.271487579,0.258329782,0.660199206,0.06679997,41.08456937,1511.744712,38.88116141,9.305362594,0
4798,548.1642236,6.580928733,0.731287521,0.653470226,0.918117535,0.427036055,67.00589129,242.0875195,15.55916191,10.59650387,0
1355,152.113551,3.058216364,0.763529176,0.668114867,0.945251338,0.446388902,29.8885638,204.5158707,14.30090454,10.43485091,0
5033,398.8069674,5.53361708,0.735132469,0.663905822,0.926387557,0.440792375,60.87913648,203.9513172,14.28115252,10.52960856,0
5172,985.1910758,11.86005852,0.634638853,0.595875861,0.89584841,0.355098515,73.18076431,423.4626073,20.5782071,10.83060325,0
2954,904.0122075,11.21652341,0.693222209,0.66802135,0.885127501,0.446271785,44.90054328,391.4369754,19.78476625,10.82160167,0
6760,1525.089085,18.11906312,0.555658733,0.528738729,0.854067538,0.27960616,57.91678477,686.4095943,26.19941973,10.77896329,1
7959,441.0043094,6.882219294,0.703114865,0.651897877,0.93130243,0.424984357,39.24545081,366.0668323,19.13287308,10.42892829,0
6113,2992.712278,31.31761076,0.502237846,0.493157674,0.711727487,0.243225752,34.66588065,614.5697406,24.79051715,10.33128117,0
3739,840.7897507,12.85130095,0.580100273,0.548234015,0.879613053,0.300577436,15.99019737,342.3056316,18.5015035,7.663986673,1
1141,1219.004548,13.85991869,0.659195302,0.633726158,0.875713526,0.401642191,53.62224815,530.0529909,23.02287973,10.8047714,0
828,358.862922,5.643645362,0.745803983,0.680118134,0.909636354,0.46257957,41.84175239,219.1835068,14.80484741,10.78212262,0
4933,873.0234771,11.27761341,0.708952854,0.689479364,0.877638829,0.475398926,48.90430168,450.0317148,21.21395095,10.53858381,0
925,33.51305008,0.982110206,0.836710575,0.503098692,0.910468014,0.253118479,7.932275028,14.58881776,3.819531092,8.578863205,0
1178,1038.290427,15.90593842,0.506031861,0.468477452,0.886625512,0.219492238,19.34308877,465.5451158,21.57649452,7.724359644,1
882,2667.129271,24.69993788,0.477097534,0.442350042,0.810631771,0.19575121,92.37951224,887.0368676,29.78316416,10.4035571,1
8272,1138.544867,14.05314399,0.540873486,0.476656865,0.899330775,0.227221489,55.49621914,682.8529203,26.13145461,10.78908368,0
5377,1474.462733,17.3982377,0.668423372,0.660354305,0.828058238,0.436108421,21.49119884,438.5080174,20.94058303,9.393876264,1
4644,3338.269095,32.55128482,0.478509631,0.466990808,0.749599484,0.218177934,39.1986318,968.8877202,31.12696131,9.938662499,0
3623,1183.068962,12.94478195,0.726071949,0.712900981,0.842731513,0.508254284,53.78758853,443.788878,21.06629721,10.70314133,0
9013,1659.34787,20.17748138,0.549744144,0.530132084,0.830045687,0.281063854,34.57428058,557.0764968,23.60246802,10.30567874,0
7043,2707.602941,24.47214543,0.537735538,0.50811562,0.800817905,0.258248098,79.6341684,876.2108358,29.6008587,10.69345193,0
6817,805.3534742,9.885586885,0.659231175,0.605241024,0.893913532,0.366341539,56.74135475,340.0079226,18.43930375,10.80728735,0
7827,577.9375214,8.571146625,0.729837581,0.708770191,0.930124088,0.502381671,41.58587381,573.2542034,23.94272757,10.23097974,0
5360,1514.02313,14.3528795,0.683578555,0.651379228,0.851857252,0.424333043,77.74807657,632.3956412,25.14747783,10.81305636,0
408,3475.978519,37.96631083,0.299551278,0.280699177,0.748192964,0.078867987,50.38716545,1345.717652,36.68402447,9.828215811,0
1881,2843.605699,28.23365335,0.504953056,0.486941531,0.761233524,0.237191251,66.99851474,945.881548,30.75518734,10.68401617,1
4582,380.5249658,5.623383974,0.668266248,0.534839331,0.929505938,0.286079395,58.10389669,195.1144305,13.96833671,10.59378859,0
2075,2495.286526,24.33856118,0.515082592,0.493549319,0.834600703,0.243641398,78.43449598,969.1963357,31.13191828,10.6405055,0
5387,892.9638203,9.383611367,0.646303882,0.580320526,0.91536149,0.336795114,81.16384787,451.4994306,21.24851596,10.79786682,0
3534,755.1469995,8.327434913,0.746934141,0.709249874,0.886478568,0.503053555,70.99012632,341.9783847,18.49265759,10.82121383,0
833,3040.752255,28.4798744,0.51767433,0.503850019,0.774432631,0.254023709,70.67638393,1089.516567,33.00782585,10.61343278,0
8171,2304.012267,24.93431656,0.503662095,0.483538181,0.81797177,0.233844231,56.44371949,794.3669814,28.1845167,10.75356306,1
6441,65.93230313,1.634064133,0.884830825,0.823998405,0.93368483,0.678979932,17.2923945,76.00934908,8.718334077,10.07979747,0
7280,2930.529999,26.54420507,0.555217732,0.542137646,0.793570028,0.294010512,78.29315482,1060.400105,32.56378518,10.50895411,0
9862,1793.09144,13.86822618,0.804468507,0.77160155,0.713534484,0.595396095,56.50063837,401.635233,20.04083913,10.63696329,0
5517,1018.510046,11.38939733,0.68282077,0.646779953,0.8922134,0.418350517,63.70699552,677.5551512,26.02988957,10.75366101,0
7826,3380.481341,34.41663339,0.441190279,0.430098715,0.76631404,0.185135071,37.56448685,1548.189626,39.34704088,9.132677474,0
938,2829.337902,26.76628614,0.485129272,0.461631606,0.799327573,0.213168001,76.1886475,1013.167461,31.83029156,10.69612947,0
8215,2909.255608,30.88031164,0.452457596,0.437997449,0.731894064,0.191930885,75.82678726,825.8283887,28.73723001,10.68278019,0
5767,3166.711318,32.80210156,0.484985618,0.476560099,0.747271511,0.227145495,18.75988258,698.5073143,26.42928895,7.685488397,1
465,1081.976106,13.5707907,0.617197516,0.586652374,0.893954534,0.344208177,48.82814911,653.1909659,25.55760094,10.79201346,0
3012,911.4592693,11.73370464,0.581948881,0.513381178,0.891851842,0.263605461,47.80065823,519.2773082,22.78765693,10.6456963,0
5467,246.7782273,4.789786401,0.658398751,0.525631126,0.941935789,0.276304497,42.35632552,195.8628252,13.99510004,10.81563187,0
6391,2725.044096,24.70420138,0.503905422,0.478858907,0.823604267,0.229377097,89.2335953,974.5435773,31.21768052,10.31984473,0
1014,1326.755109,14.58472879,0.682071314,0.668089898,0.87503272,0.446369683,56.55808935,589.74623,24.28469127,10.79388147,0
6142,2375.598219,23.50805646,0.505694623,0.477564553,0.818535007,0.228140872,73.05184162,798.3942248,28.25587063,10.77465326,0
2726,1347.891397,17.28357908,0.473665141,0.41639936,0.83547403,0.173418928,53.48169905,514.3473831,22.67922801,10.53707439,0
608,904.8923107,10.52967403,0.659018985,0.612872294,0.909834426,0.375630701,56.15989309,537.8898497,23.19245243,10.74619473,0
8863,3218.926564,27.17227826,0.49701549,0.471468711,0.792740976,0.222374033,90.9947619,1152.288925,33.9453815,10.19327509,0
6157,767.1407143,8.268620363,0.791345078,0.769420821,0.872491691,0.592020541,50.96514244,307.9386398,17.54818053,10.86747176,0
9789,1608.820966,19.72799538,0.605156647,0.595046976,0.819132601,0.354098225,13.95839909,275.1569436,16.58785531,7.886209674,0
3422,856.7957549,12.33320885,0.522514696,0.465398887,0.899594344,0.216624255,47.32659763,634.1745666,25.18282285,10.29500206,0
6459,55.69506575,1.407378381,0.801470687,0.593476657,0.926388442,0.352220652,9.645536011,34.51989129,5.875363077,8.54450872,0
32,2671.903016,26.48002279,0.559362627,0.548888735,0.783785615,0.301315129,58.6108731,632.9267655,25.1580358,10.71818091,0
7568,578.3609905,8.978984148,0.594069897,0.511877488,0.893235952,0.262045445,46.04193309,252.1229289,15.87837929,10.89728244,0
4739,2157.759256,23.0643515,0.478891783,0.449551199,0.847853062,0.202138891,51.37739839,999.9141518,31.62141919,10.30222834,0
264,127.8596274,1.165196302,0.982304713,0.981342,0.518455837,0.963032436,4.463473449,13.63621785,3.692724989,4.385995097,0
2791,1548.486211,14.78140855,0.784275003,0.780053159,0.757257321,0.608488586,7.79578509,149.3042596,12.21901222,5.92671431,0
5367,2202.055983,26.87702438,0.442792268,0.426676884,0.824947566,0.18206862,20.14426558,611.3886455,24.7262744,7.633773282,0
7754,2855.786623,30.48099082,0.429557202,0.411508297,0.795290296,0.169460722,48.84495238,1055.759634,32.49245503,10.34538775,0
1409,940.8856605,11.48952264,0.661445896,0.623590205,0.887356245,0.388887597,48.55207007,440.4848934,20.98773197,10.70669915,0
9996,547.4538263,6.114855275,0.844537779,0.820439313,0.881977761,0.673125921,52.37892902,341.7130749,18.48548281,10.66672458,0
6240,665.7686986,6.194327163,0.913651775,0.911749943,0.768497767,0.831290354,5.47706996,81.57898134,9.032108355,4.746595135,0
6522,1839.786625,20.77294573,0.641532703,0.634998619,0.806710534,0.403239918,17.05954193,380.1368824,19.49709933,8.756641934,0
6637,2370.735502,22.8953874,0.482080422,0.450858721,0.842824618,0.203328627,108.9003099,762.8100406,27.61901592,9.576344112,0
4307,986.1449293,11.47695011,0.73234938,0.714498846,0.886026517,0.510524673,53.38904938,773.1246831,27.80511973,9.978779783,0
6323,1336.269423,17.7299851,0.581385096,0.565885711,0.852377375,0.320251499,22.93434194,458.3795231,21.4097997,9.260569315,0
1017,1714.786414,22.500119,0.430128506,0.399546153,0.81283305,0.159646156,21.54324716,472.4196687,21.73521725,8.233581113,0
9701,32.43005789,0.594727027,0.936143047,0.84935984,0.870081849,0.721414169,5.042221833,5.966397541,2.442621039,5.57527696,0
4844,4245.805842,34.98351853,0.364215834,0.335514659,0.74263724,0.112687815,91.11662781,1559.603246,39.4918124,10.18708494,0
2292,2644.116191,32.03864524,0.398022329,0.385687346,0.777396911,0.148796684,21.98590796,699.4132275,26.44642183,8.475335491,0
1731,1918.956436,22.82526407,0.520459339,0.506127541,0.84399436,0.256212579,43.51450775,893.9029831,29.89821037,10.1969072,0
5951,513.3795657,8.073601614,0.616560311,0.541790345,0.905257412,0.293593718,59.03041543,256.9161198,16.02860318,10.47131791,0
5382,1304.428292,15.14433559,0.577217425,0.535473892,0.864780315,0.286778148,70.0858152,530.9930282,23.04328597,10.8492161,1
565,2301.046964,21.62602368,0.538871711,0.507909485,0.820487418,0.25802985,69.60391143,780.1903777,27.93188819,10.65014474,0
6306,540.7258782,8.795731232,0.622614113,0.572981238,0.934822995,0.328324468,35.65004205,646.4665118,25.42570573,9.517753762,1
3638,437.5837363,5.121221781,0.790534622,0.742393388,0.93426492,0.551152078,58.20633502,194.2674911,13.93798734,10.48797487,0
7040,2246.958712,20.13275725,0.440015742,0.384599391,0.847842369,0.148005629,106.4157323,744.8175809,27.29134626,9.575635244,0
1606,450.5834518,6.14775577,0.687455492,0.595718302,0.933274818,0.354895047,69.72266829,203.3897132,14.26147654,10.64537679,1
4482,557.0567375,10.08017373,0.618481887,0.590444591,0.917241101,0.348645854,20.22132248,368.3130509,19.19148381,8.658383761,1
9245,4135.516893,34.84471598,0.447164356,0.430619417,0.733148901,0.185550273,94.94652271,1366.19417,36.96206393,10.10479608,0
8617,1916.897945,21.37431151,0.526713268,0.501627526,0.835866479,0.251668254,58.57719693,835.6197199,28.90708771,10.54404025,0
2014,713.6013446,7.926086589,0.71114084,0.638805104,0.905900297,0.408092273,72.17238775,289.2794098,17.00821595,10.77095896,1
6857,1102.502434,12.90223915,0.607123186,0.565737205,0.900337483,0.320078004,69.71564021,422.1409385,20.54606869,10.63266406,0
2023,2740.044556,25.49389198,0.573844125,0.556974468,0.77301284,0.310275818,67.04425479,935.0637784,30.57881257,10.59286085,0
3735,1622.765623,16.06271881,0.684471333,0.668342547,0.839915638,0.446726251,76.73401879,490.2583446,22.14177826,10.75906712,0
3260,1820.685942,21.03821652,0.499722793,0.476343,0.832177583,0.226972094,75.08178029,797.1362718,28.23360182,10.69923484,0
3824,2384.241674,26.82126496,0.420555024,0.39506112,0.815902384,0.156131879,63.26941136,1120.738286,33.47742949,10.47215349,0
4240,2533.48734,28.48191614,0.426071976,0.407343202,0.818704354,0.165982542,60.85783549,1150.47104,33.91859431,10.57010912,0
7893,797.9639166,9.972396562,0.625671618,0.554371484,0.926158468,0.307347269,66.02593797,555.9256773,23.5780762,10.75987389,0
5027,2102.239289,23.47100461,0.565411984,0.554964399,0.787530252,0.308022899,30.8590064,627.9615278,25.05916056,9.712451276,0
9788,3497.590587,34.49985401,0.46232585,0.451543879,0.710212222,0.203975236,46.17930693,1268.81676,35.62045424,9.805969085,0
4247,1040.73976,11.13969461,0.698777452,0.6661481,0.896354293,0.443773965,71.78088342,537.5811697,23.18579672,10.89507259,0
8474,4320.665795,36.89407578,0.442319858,0.428911494,0.709302045,0.184106281,82.14876783,1643.712586,40.54272543,10.32964702,0
2586,43.36215386,1.628059645,0.733165686,0.507736637,0.956951833,0.25780772,10.22909038,51.19086892,7.154779446,8.005403239,1
9982,829.4282349,12.68149924,0.601475815,0.575255229,0.83608251,0.330935591,15.8036543,221.4119647,14.87991817,8.592788617,1
2700,920.3009674,9.897005978,0.689775565,0.649832964,0.918873783,0.422309992,77.58848867,564.1519358,23.75188278,10.76524644,0
2363,3081.779277,27.89516376,0.4583203,0.438296658,0.807302513,0.192199221,112.2530558,913.492348,30.22403593,9.798334787,0
698,417.888271,5.809029349,0.790005759,0.7648549,0.897907621,0.58500585,13.34597983,176.8453962,13.29832306,8.274434218,0
7440,5301.500128,43.38097857,0.37168755,0.356557808,0.660022728,0.127283746,85.26829268,2019.937238,44.94371189,10.22077451,0
4613,979.1521331,10.56920037,0.503006934,0.392938668,0.917172999,0.154431676,95.89114918,522.4039259,22.85615729,10.42811291,1
5935,125.676208,3.029541647,0.731257134,0.536951195,0.935247495,0.288331308,32.22772768,101.1108543,10.05538931,11.03563578,0
8071,86.43825418,2.36263797,0.825766073,0.75788614,0.949146252,0.574400278,32.89790567,73.29420887,8.561203704,10.97968243,0
6055,2149.470358,27.8979206,0.340661208,0.315188008,0.803876803,0.099371958,27.53942119,778.9087782,27.90893725,8.338438513,0
6331,2013.659535,21.50311722,0.557791903,0.538375885,0.807700361,0.289903889,65.18181034,749.1334967,27.37030319,10.7345639,0
4233,1703.483793,19.81354,0.618738528,0.608004685,0.803319844,0.369724492,33.15710925,641.2449168,25.32281416,10.16264517,0
430,3237.20728,29.86925444,0.475552464,0.458776695,0.78161276,0.210588284,76.67518142,1143.024827,33.80865018,10.51388374,1
5534,2059.841495,24.30084067,0.417060966,0.386781432,0.803656887,0.149683355,59.77317577,815.6127316,28.55893436,10.72511581,0
4532,430.6020246,6.107292682,0.737294973,0.671152067,0.916827261,0.450457612,48.2914829,240.4329685,15.50590108,10.85735293,1
5197,1657.583726,20.25672107,0.578769327,0.56561131,0.855043734,0.319942756,19.07908196,491.0134426,22.15882313,7.899897836,0
1973,1755.215174,17.38601992,0.734234076,0.729442768,0.777452995,0.532099907,9.797056468,317.4872147,17.81817091,6.123765231,0
5594,1624.953701,17.69605281,0.68836438,0.680602673,0.783394599,0.463237634,13.9691732,269.1739963,16.40652298,7.963953448,0
9968,4055.871605,36.92601756,0.418274914,0.404518048,0.720357906,0.16373848,74.32814027,1264.227738,35.55598034,10.50590613,0
2946,511.6375211,8.563224193,0.697178938,0.670773789,0.894961836,0.449957304,42.55561146,335.0965139,18.30564159,10.53007883,0
9216,170.0668934,4.863616544,0.573180609,0.416676793,0.93320417,0.173640312,26.50253634,123.7088707,11.12244895,10.8475143,1
8540,2985.28119,32.8744801,0.413207,0.399916584,0.743929441,0.159984115,34.51231835,1024.749735,32.01171246,9.236163154,0
4329,2069.956872,18.23750682,0.574426914,0.539088127,0.855060956,0.290660761,96.1487082,676.283511,26.00545156,10.23537476,0
7913,2269.211218,19.01373283,0.638749222,0.617681896,0.822170645,0.381575105,91.90544303,717.6114198,26.78827019,10.6544819,0
266,1565.883667,16.11383232,0.712210393,0.703007297,0.840919404,0.494241908,56.61812131,477.383639,21.84911071,10.75966444,0
6691,1819.627714,19.61903651,0.59446245,0.579242834,0.855428805,0.335575921,67.31675942,839.2797344,28.97032507,10.5647814,0
3488,676.7717746,8.141122699,0.793098831,0.775973985,0.905669507,0.602147911,34.06649472,459.6710314,21.4399401,10.51132648,1
1158,988.3727149,10.33587583,0.649347047,0.569036237,0.908037605,0.323829558,78.50776854,437.9801824,20.92797607,10.80910814,0
2723,3966.399353,37.97872813,0.433933302,0.424117456,0.731369918,0.180018693,36.41424982,1438.847924,37.93214895,9.62459147,0
2183,920.1320385,10.99156574,0.520109774,0.431058427,0.919078363,0.185845359,66.95715524,658.2327543,25.65604713,10.77254974,0
2130,2804.14931,25.59177423,0.476057756,0.434706829,0.803102265,0.189030336,83.21518855,890.2428404,29.83693752,10.64531741,0
2084,617.8416046,8.801245644,0.683324383,0.628999242,0.88651997,0.395648349,26.89637768,279.6397264,16.72243183,10.33399604,1
6687,1821.022063,20.30763087,0.650355942,0.643230771,0.791485937,0.413751551,12.06531651,244.789981,15.64576559,7.656761549,0
7908,1335.370661,16.35326251,0.563732057,0.529753424,0.86366269,0.280704579,55.32473306,570.7375643,23.89011436,10.79626094,0
5332,2171.568387,22.23876951,0.548885149,0.528445279,0.789126268,0.279327091,61.10673085,863.5254721,29.38580392,10.54128142,0
3919,1861.09182,21.17480203,0.563053092,0.546517309,0.855498418,0.298715698,54.86348535,745.9780846,27.31259938,10.78834767,0
6909,1128.701244,14.67575778,0.664819129,0.652309238,0.83159429,0.425534922,30.59971279,406.3164253,20.15729211,10.38320381,0
290,1588.606642,16.30212207,0.536466074,0.484172057,0.882340652,0.234461784,85.37296669,833.842112,28.87632442,10.61223261,1
3719,291.2200401,5.130758314,0.715619946,0.628992299,0.935724106,0.395643443,40.99602577,162.7413123,12.75701032,10.86736872,0
4501,3871.499736,32.9732271,0.45553508,0.435556677,0.754950671,0.189834926,93.9669747,1153.25478,33.95960512,10.19380446,0
1505,1221.72888,11.85782326,0.561257087,0.485666235,0.914351532,0.235896506,96.37464061,594.2959779,24.37818652,9.882729367,0
9609,1025.160602,12.47633977,0.500927989,0.41474208,0.897844138,0.172050299,78.3725074,444.0518767,21.07253845,10.79913905,1
1085,3368.909578,33.74065147,0.444081208,0.432534907,0.747237673,0.187140062,52.04790009,1179.471226,34.34343061,10.26824961,0
8244,2179.623002,18.96713022,0.577055781,0.53810367,0.837065409,0.289603781,103.1547974,661.5432103,25.72048231,9.830348438,0
1304,252.8761467,4.943560453,0.759079226,0.70572547,0.87914427,0.498062512,25.68992382,143.9985475,11.99993948,10.33820016,0
795,4151.978004,40.0412375,0.389118435,0.378230642,0.697308575,0.14317362,57.08754997,1530.005756,39.11528801,10.26468387,1
6483,2334.136261,21.37000593,0.484359534,0.443516028,0.844852167,0.196766893,101.0374312,734.6167284,27.10381391,9.783183491,0
8894,1440.555855,18.86261086,0.433606827,0.391301452,0.876370514,0.153154582,55.41696302,926.3193258,30.43549451,10.21194029,0
1793,4082.795557,34.60124419,0.403607396,0.377442671,0.725698373,0.142578464,89.99374822,1444.42565,38.00560025,10.24042327,0
5241,697.4604832,11.94204815,0.521534727,0.468889563,0.923488968,0.219873637,19.2655243,436.1741516,20.88478278,8.026449244,1
9445,2101.654129,23.7206746,0.515813781,0.496708581,0.810029563,0.246795681,41.7766017,636.5677841,25.23029497,10.53570908,0
8239,3177.313331,34.1967051,0.432627499,0.421980873,0.734883971,0.178124107,32.07231126,922.4126654,30.37124735,9.939121799,0
8368,466.6207624,6.650440298,0.708158853,0.637970138,0.92093578,0.407023942,50.30855822,245.2788443,15.66138066,10.83676397,0
8875,1143.060165,11.89595724,0.812776069,0.808924109,0.767020357,0.65436574,8.701577497,162.5698594,12.7502886,6.498873202,1
4048,1169.078407,13.18705292,0.696470151,0.676360792,0.844389088,0.457511107,63.49915825,402.7141547,20.06773915,10.77229958,0
4023,3303.880497,34.31666669,0.45430213,0.444696819,0.70056031,0.197793656,31.61573256,832.5114318,28.8532742,9.776553707,0
1397,242.4357952,2.05419598,0.97241206,0.967514324,0.857853519,0.936086516,35.3777475,292.3503786,17.0982566,10.76381024,1
6422,1186.018077,15.07372592,0.655604665,0.642874396,0.861073603,0.413306156,29.04664438,490.0469474,22.13700403,9.652623091,0
1646,2461.303539,27.43329698,0.438185976,0.413229165,0.804936156,0.17078748,42.77049458,949.6032103,30.81563256,9.87467482,0
7427,2442.79186,26.8670253,0.435646569,0.410648573,0.808141848,0.168675408,51.28628376,978.0143304,31.27322066,10.28626804,0
2236,3275.804063,30.26000524,0.517679474,0.505457559,0.746146439,0.255596847,71.35962887,1153.664283,33.96563386,10.5182899,0
4537,3158.69037,30.16329818,0.466049457,0.450029941,0.801321022,0.202607943,79.41825647,1132.896064,33.65852142,10.53018913,0
251,665.5911536,9.952233372,0.508241318,0.423768887,0.924853601,0.179608821,60.16811207,592.6480781,24.3443644,10.66590398,0
3233,101.2124924,1.088572826,0.981900482,0.98137208,0.835055659,0.963091406,5.41819937,38.19092577,6.179880724,5.096866784,1
2512,2293.829209,21.37197448,0.376754145,0.314959326,0.83208232,0.099272077,102.4942409,973.6780823,31.20381519,9.574332679,0
9946,4716.744049,40.70064209,0.427707541,0.417234622,0.698157056,0.174229293,82.65836244,1896.811628,43.55240094,10.41099873,0
2162,2028.105764,18.1304825,0.599047689,0.561736287,0.814908957,0.315610024,92.49695097,633.2737237,25.16493043,10.70209981,1
2031,200.8025144,4.308966346,0.61262565,0.426101723,0.948794046,0.181580005,49.50025334,207.0030259,14.38759973,10.16802762,1
6954,403.3957224,6.863866222,0.730393522,0.692243039,0.897736086,0.479229193,40.66740831,223.3485519,14.94485035,10.80444829,0
8757,880.1666748,9.98129842,0.67591919,0.637648091,0.921629611,0.406611899,66.39692949,504.4180725,22.4592536,10.8304407,1
4934,4916.692175,42.12661568,0.380424189,0.367081117,0.684033051,0.134885566,80.49870934,1853.552241,43.0529005,10.35103485,0
5460,874.2433071,10.83469556,0.630619158,0.581308366,0.908097747,0.337941082,61.49822637,449.1544681,21.19326469,10.81533625,0
6883,967.2397818,11.80266278,0.59405212,0.54246931,0.90236433,0.294304068,66.05049752,444.0597829,21.07272604,10.88905891,0
6316,225.2241963,3.928348842,0.766740116,0.674616566,0.899039127,0.455118069,16.14967714,114.9897131,10.72332566,9.275503793,1
4738,860.481908,10.62010625,0.682889965,0.631468477,0.882094521,0.398767761,50.60094329,374.3102119,19.34709828,10.75926937,0
7148,2103.139624,19.23716456,0.585577532,0.554751725,0.824290762,0.307805642,84.09450798,780.8402157,27.94351831,10.68511846,0
1830,1001.892978,13.51645066,0.572287084,0.531532902,0.870833948,0.282586716,56.15356828,437.1014388,20.90697106,10.7051513,0
5998,1491.419517,13.86179696,0.593860487,0.532920366,0.889309521,0.284051405,91.18399929,716.7538306,26.7722586,10.39518602,0
6821,362.7987673,6.722289115,0.60261347,0.516926859,0.920802097,0.267238363,48.229273,217.4047383,14.74465118,10.56589811,1
8078,3600.546161,35.64580898,0.45465537,0.444591809,0.673042809,0.197687104,16.48349515,451.8372374,21.25646343,7.979102199,0
1564,3574.015347,32.95622244,0.443012502,0.425195699,0.768779943,0.180890038,78.27873787,1320.186927,36.33437666,10.52275989,0
5646,64.60685147,0.521766685,0.990937827,0.989781076,0.307637742,0.979666748,4.15448978,1.633483143,1.27807791,4.203264343,0
3546,74.08837321,1.358330598,0.897897256,0.788594384,0.848050187,0.621888014,10.74816527,29.04216623,5.389078421,8.932174185,0
6173,2371.244126,22.60447555,0.600333427,0.584661598,0.799440454,0.341893273,82.4809816,694.1527454,26.34677865,10.65038379,1
9380,441.0245103,6.917140034,0.789085141,0.777196169,0.914291473,0.604040727,17.24330584,259.0409609,16.09474948,8.749356394,1
8731,112.7405657,2.504906821,0.794257779,0.614699705,0.944647075,0.377867521,42.86175408,60.68633135,7.790143218,11.22551154,0
8482,2120.004091,23.86051596,0.556794126,0.545290652,0.797068655,0.29738632,37.51901393,656.9340543,25.63072481,10.39399406,1
9706,421.7788744,5.318840591,0.677962764,0.550117037,0.94073807,0.302643634,69.3187629,232.811363,15.25815726,10.76748422,0
5647,647.0682493,9.451139618,0.486699396,0.38411473,0.922557679,0.147570598,67.96099787,520.7804076,22.82061366,10.91566532,0
3137,2000.394343,15.79898746,0.741241127,0.727317588,0.845659208,0.529021582,87.83534229,786.1828545,28.03895245,10.57317742,1
1042,783.8398986,7.716103413,0.750719751,0.683619179,0.897751352,0.467354656,76.41999295,328.9773083,18.13773162,10.84803187,0
4296,1124.390122,12.32640675,0.664072694,0.626730497,0.895655961,0.392818086,67.72431173,592.6582737,24.3445738,10.72461532,0
6953,2852.978963,31.22410015,0.439678654,0.427018615,0.756142867,0.182424889,49.87416487,1063.541428,32.61198289,10.3580693,0
1147,81.3014006,2.029101917,0.836848519,0.762471445,0.947723234,0.581368785,19.42701602,108.0708558,10.39571334,10.02846008,1
4404,635.8636724,7.616493397,0.692312531,0.604859634,0.911635307,0.365880107,67.53618591,312.0207491,17.66410907,10.77342201,0
7673,2210.914395,21.30026767,0.513880026,0.477655796,0.810440215,0.228237362,76.23954337,788.6515859,28.08294119,10.69710571,0
6413,2334.776026,19.29232993,0.652070403,0.632428581,0.829859751,0.400001037,99.16699682,723.4480231,26.89698911,10.13713667,1
1380,31.49056848,0.243372326,0.996721219,0.99661806,0.539838703,0.993247642,4.352476687,1.726081051,1.313804038,4.496054288,1
4906,1782.770173,23.22334963,0.348320867,0.30756146,0.8217824,0.094655741,40.85166535,1083.697729,32.91956454,9.119517509,1
3382,1549.626479,14.33630388,0.638511559,0.591175304,0.852703774,0.349538669,88.73622844,434.8478547,20.85300589,10.86659501,0
633,753.1217548,10.55116799,0.652434865,0.614300529,0.925207225,0.377373914,16.91800547,479.2951532,21.89281054,6.994951796,0
6965,36.37379842,1.429495688,0.754675456,0.455987226,0.963906837,0.207934789,20.3092546,65.05772958,8.06583719,10.28498843,0
514,3440.892295,29.44379858,0.530888109,0.514444649,0.753221463,0.264747668,87.04235057,1204.487323,34.70572464,10.37776971,1
7600,1095.168304,11.92137064,0.551962672,0.465366872,0.907040252,0.216601211,79.35362832,606.7279938,24.63184918,10.88174337,0
4790,1982.640998,22.86373873,0.537569964,0.521685572,0.827769682,0.272186738,45.59042963,892.1555352,29.86897278,10.18366578,0
1386,2418.400282,28.69378927,0.408995026,0.389740084,0.737351683,0.151941162,37.15308151,730.4170993,27.02622984,10.18007667,1
4527,2513.149882,21.98308,0.506414231,0.457740233,0.806773672,0.209612397,99.38480091,882.7084524,29.71040983,10.03102192,0
885,163.3143131,3.716294601,0.727984655,0.556079692,0.931564729,0.309247648,43.74392879,82.8842158,9.104076878,11.37895417,0
9071,1887.817784,22.57481724,0.458831787,0.42599231,0.856378177,0.18151305,52.11141334,933.0267558,30.54548667,10.64096919,0
4858,388.4519071,6.154300365,0.753155007,0.705673773,0.891166808,0.497995143,43.54413843,178.3890328,13.35623573,10.891047,0
9480,3167.022577,27.68238867,0.55438699,0.538842277,0.764178792,0.290459539,76.55409628,1148.700114,33.89247873,10.53629706,0
2013,3403.596072,32.88973669,0.437241554,0.420949768,0.741308637,0.177302,65.80746931,1372.366902,37.04547073,10.41171267,0
6588,1451.599228,16.57959385,0.612116893,0.591481504,0.85281684,0.349901805,56.73466714,567.5213574,23.82270676,10.75684424,0
4450,231.2589502,3.967101872,0.785639449,0.724368895,0.943105765,0.524718273,40.82440889,180.6426109,13.44033522,10.65816695,0
37,1713.537862,17.60562495,0.585381431,0.55356849,0.834034179,0.306507961,67.92867039,676.4083215,26.00785115,10.61838573,0
8924,3823.705107,35.50922047,0.44825056,0.436308484,0.736954262,0.190471638,67.23039612,1253.293623,35.40188729,10.60623492,0
8459,61.9835893,0.542544822,0.991497899,0.990762041,0.464312862,0.981609496,4.691280578,6.868287915,2.620741863,4.844762167,0
4605,1248.47823,15.17016572,0.537712904,0.490955788,0.86789217,0.241082718,64.94978187,478.3825787,21.87195873,10.82994456,1
1770,3586.120951,30.3022323,0.447868745,0.418522761,0.759554023,0.175272287,82.18532819,1271.452244,35.65742902,10.3932286,0
5563,2215.597551,21.80933774,0.570184457,0.55051787,0.829712988,0.303130727,71.29488749,725.5912193,26.93680046,10.66279077,0
5589,111.4391197,2.366342138,0.820646334,0.691300089,0.9537301,0.477902311,43.97387199,100.0296343,10.00148161,11.23002485,1
3135,1506.807978,14.46166647,0.783571979,0.779290795,0.790694647,0.607300726,8.040811185,200.4210577,14.15701443,5.839392183,0
5733,2044.159763,19.39480155,0.428693565,0.364334128,0.844967834,0.132820102,96.13969148,871.137073,29.51503131,10.00151188,0
5825,958.9458937,13.01000139,0.595118665,0.55475728,0.880823875,0.307786882,41.91249786,564.880428,23.7672133,10.17779877,0
1915,906.9414904,11.74282802,0.62788649,0.598499894,0.911802267,0.358226991,58.42291208,660.7239293,25.70455075,10.71279373,0
7518,2026.64923,23.66261029,0.486786547,0.466179657,0.821978768,0.21737189,53.09915925,986.1391783,31.40285303,10.25208237,1
2145,1220.834133,14.04701709,0.657583406,0.636697732,0.861376967,0.405427085,66.39801384,533.0862848,23.08866139,10.71238656,0
5096,4109.205343,36.3650899,0.409357603,0.39053088,0.740045501,0.152639802,79.52389069,1487.274997,38.56520448,10.46990991,1
5655,158.9399774,1.747904125,0.967343962,0.965548575,0.568741921,0.932284968,4.850880132,13.38009826,3.657881662,5.053373537,1
4659,1093.496124,11.4289445,0.489775704,0.383307143,0.899539527,0.146963585,92.05233083,610.5931111,24.71018234,10.71810779,0
9483,1256.312063,13.87081725,0.565522157,0.489143736,0.879664634,0.239300777,82.7632811,418.6869892,20.46184227,10.70675388,0
7094,518.3495122,7.53197536,0.599851454,0.472974769,0.908497945,0.223736594,58.40644517,276.7944326,16.63714016,10.63840534,0
361,4368.255201,35.93521562,0.43077226,0.409274979,0.72965191,0.16769193,82.60799153,1501.553077,38.74987842,10.40530835,0
9523,2112.114522,20.54972021,0.535069692,0.499907375,0.84145442,0.249967729,79.26065869,811.51213,28.48705197,10.68459027,0
141,2682.609526,22.99205771,0.561893198,0.536316398,0.824118265,0.287696252,85.88216933,862.9557262,29.37610808,10.49685187,0
9243,1730.089072,15.84418945,0.579921058,0.529871344,0.879205245,0.280814071,84.00176398,712.370168,26.69026354,10.64372358,0
5331,2119.337506,24.5010834,0.547159729,0.536651763,0.788046499,0.288027271,20.26155342,504.9543874,22.47119016,8.310144166,0
4055,573.7468055,7.128783017,0.7191131,0.669433919,0.931412995,0.448156583,67.57510277,303.6067955,17.42431621,10.77398697,1
6002,69.63878071,2.604865597,0.730611582,0.633135154,0.964259147,0.40086697,16.65157024,75.89603946,8.711833301,10.29767536,0
4224,1812.744963,20.20100073,0.560153714,0.538208792,0.852194404,0.289710801,58.90638391,995.8545067,31.55716253,10.27239201,0
9054,196.7377973,3.799226408,0.732035801,0.583009602,0.937404027,0.339915453,48.83648374,78.3360226,8.850763956,10.85000517,0
3772,3788.082929,36.39952372,0.425367806,0.413743776,0.715135102,0.171278112,59.60466851,1287.814295,35.88612956,10.41179414,1
1446,2169.315468,20.01461677,0.557189339,0.52094256,0.832368898,0.27143485,75.02247941,813.3325461,28.51898571,10.74083339,0
5745,2354.199454,24.14962479,0.552822251,0.535709974,0.788838389,0.287041299,65.00852851,679.2020139,26.06150444,10.76248461,0
4197,3793.248295,34.94581128,0.459539948,0.447700961,0.749761991,0.200601532,80.42331948,1581.806965,39.77193691,10.38617578,1
9558,43.1661756,1.570080617,0.817406422,0.733300356,0.958340853,0.537735219,11.06775606,59.5607393,7.71756045,8.44534713,1
4327,149.8492816,2.829930905,0.854650397,0.786405374,0.916494466,0.618439367,31.10186662,83.39787132,9.132243499,10.61176729,0
2836,2168.239486,23.90073896,0.594481485,0.587230827,0.809296398,0.344859845,15.89855546,518.2375667,22.7648318,7.816276672,0
5476,2083.53957,17.13047691,0.579790817,0.522520697,0.851526472,0.273094334,110.0714412,611.2538928,24.72354936,9.147068002,0
7924,4372.384448,40.30680327,0.440283824,0.431708229,0.665843338,0.186417653,25.52224062,1181.863432,34.37824067,8.688601917,0
9718,4508.095687,42.0835466,0.38794367,0.378172391,0.688872439,0.143104187,75.68866678,1952.191198,44.1836078,10.46297999,0
2609,2160.218419,21.39930346,0.509574546,0.466823205,0.814476055,0.217982049,66.78842276,787.748871,28.06686429,10.74120485,0
4260,2512.721469,23.99720269,0.531843003,0.508921912,0.808936596,0.259082703,79.5608934,829.5369625,28.80168333,10.71348922,0
5945,515.4442641,5.759605345,0.883593396,0.872384494,0.856854314,0.761055834,43.37082136,188.5928679,13.73291185,10.89494604,0
321,1761.353437,19.216178,0.597556022,0.576697379,0.827780557,0.332659917,64.15555825,688.940716,26.2476802,10.77455204,0
1618,2376.171749,22.23506073,0.495733226,0.458515676,0.809710124,0.210317703,86.5589161,839.5000943,28.97412802,10.70056839,1
5595,2194.547436,22.50651382,0.518674311,0.491655253,0.81259912,0.241777364,60.90710229,750.964801,27.40373699,10.72142157,0
5730,805.3551263,11.3323518,0.645855357,0.61219507,0.886808077,0.374801101,42.36239236,603.4476109,24.56517069,10.11954808,0
2068,48.99944017,0.267660855,0.997435538,0.997172284,0.554014033,0.994352624,5.145097843,10.32444034,3.213166715,5.367560323,1
9249,4074.705787,37.29755966,0.402226598,0.38769345,0.738446681,0.150425753,78.92395671,1492.810944,38.63691167,10.42735842,0
8177,2258.979425,23.15570809,0.569600714,0.553953307,0.82267309,0.306948228,62.4373201,800.1391086,28.28673026,10.69205757,0
2464,2751.307896,27.08335134,0.497582607,0.480313999,0.807300513,0.23078805,78.22634036,977.8294698,31.27026495,10.66483339,1
6450,190.9348424,3.263294077,0.818855429,0.740445994,0.942968644,0.548265949,47.49714646,116.3695087,10.78746999,10.79126607,1
1388,415.0311936,4.964741137,0.807443783,0.76333746,0.920354291,0.582692587,57.06435437,214.0100666,14.6290829,10.63195398,0
6168,133.5059415,3.141257418,0.783143224,0.722186007,0.955500694,0.52155969,22.82510358,189.1248144,13.75226579,10.32507033,0
8128,467.6078278,6.306393084,0.71971552,0.64995552,0.923216028,0.422460342,65.00070848,294.4098362,17.1583751,10.83934265,0
6362,626.7236427,8.147930955,0.695479923,0.655878829,0.929029983,0.43019586,65.58557363,411.3243602,20.28113311,10.6689482,0
4792,2612.018231,24.46896,0.534309313,0.5125078,0.811837191,0.262767942,73.74328598,880.1764709,29.66776822,10.59358407,0
3459,2688.27255,27.05227444,0.467839947,0.443994959,0.814480032,0.197193303,69.81951645,1082.753525,32.90522033,10.60858457,0
7960,3734.407142,31.81626992,0.514606661,0.501333845,0.741914073,0.251466923,84.60114149,1363.881484,36.93076608,10.43613357,0
8852,4139.814215,36.887722,0.42160705,0.406079125,0.716403399,0.165016162,69.92178831,1360.369043,36.88318103,10.47379512,0
1268,2072.570906,19.95209035,0.537407224,0.498607062,0.833273419,0.248660795,88.20972983,607.703762,24.65164826,10.7208007,0
5916,218.4663839,3.993638039,0.745396678,0.675176115,0.952555869,0.455870437,38.65717602,217.54371,14.74936304,10.70610181,0
7224,2206.424228,26.90054557,0.452248449,0.438138078,0.831379269,0.19201046,50.16660476,1220.807814,34.9400603,10.09223658,1
5267,18.24326898,0.147937173,0.998104098,0.998079167,0.635978635,0.996162035,5.147295944,8.684488181,2.946945568,5.379831678,0
4098,3500.496746,29.7130843,0.470896279,0.444749066,0.753506324,0.197936295,82.92339626,1195.311321,34.57327466,10.48173925,1
7122,1744.020776,19.19341465,0.511318772,0.467241925,0.852657309,0.218349564,68.82239808,672.7247432,25.93693782,10.91514722,0
7486,456.6628503,7.808895325,0.578141444,0.483047887,0.915101469,0.233353427,37.63869533,227.6393131,15.08772061,10.66065512,1
4009,3560.324295,33.04525501,0.538281307,0.530963306,0.690327217,0.281988118,30.06128278,1107.807203,33.28373781,9.313155967,0
6443,1672.953306,15.2199196,0.670457755,0.645378183,0.853176341,0.416562424,89.99406746,596.9659442,24.43288653,10.61660358,1
7202,484.988413,8.924066596,0.42497357,0.296292071,0.925075711,0.087803587,30.86422106,666.2516927,25.81185179,8.456316582,0
2060,560.3365234,6.152984142,0.827300532,0.791616164,0.893558555,0.626666964,62.76529446,364.2750452,19.08599081,10.66863057,0
8672,2190.390161,19.1915029,0.472001014,0.407792965,0.85245716,0.166356192,96.63918784,1031.979878,32.12444362,9.717483766,0
3183,2675.413736,26.06576901,0.469281938,0.433356892,0.759742695,0.187902911,76.93587256,871.4739843,29.52073821,10.70168632,0
7558,1426.868667,17.48378321,0.589642945,0.563973779,0.856214864,0.318090043,35.73333616,744.6948325,27.28909732,9.539487701,0
5448,1356.771634,12.67280694,0.698710645,0.67432024,0.875415834,0.454736345,95.76301195,509.4632479,22.57129256,10.54938883,0
9075,3793.075788,35.54200206,0.4947537,0.487107561,0.732611401,0.237304823,63.04395183,1082.975277,32.90858971,10.55753258,0
2510,750.7444537,10.06716686,0.690418918,0.65723665,0.856318893,0.431972456,46.02020611,279.069485,16.70537294,10.69412278,0
5614,3097.066507,25.78638336,0.467174447,0.422720157,0.803982191,0.178773873,97.40159224,1066.55307,32.6581241,9.948112339,0
9820,452.1984633,7.480984192,0.723215262,0.699158282,0.933332927,0.4888302,27.95438264,309.9322146,17.60489178,10.24227,0
9552,978.8682561,11.27479868,0.549067565,0.487618224,0.929942582,0.237801064,83.47431848,690.6658816,26.28052286,10.5433419,0
5138,1419.1996,17.93556911,0.50002805,0.460000506,0.874363942,0.211629042,55.6946796,758.9604452,27.54923675,10.63236574,0
3911,786.7058212,7.833744413,0.801173096,0.77408343,0.896235133,0.59922598,70.47941038,384.8237646,19.61692546,10.79088296,0
7409,504.6932701,7.123355471,0.76889436,0.739988322,0.89689784,0.547596648,37.07793785,416.8079906,20.41587595,10.20895784,0
9940,163.5455808,4.10041391,0.533066802,0.271406461,0.944040519,0.073684014,42.13913645,195.4893371,13.98175014,10.89909035,0
2550,18.98998993,0.565019223,0.937288485,0.801953678,0.919334591,0.643131561,8.323686898,12.32383801,3.51053244,8.524199829,0
4609,4513.692731,40.5061156,0.423627048,0.413712351,0.658760196,0.171272778,60.90148349,1784.279262,42.2407299,9.968839877,0
4988,263.8067183,5.576413948,0.604373693,0.510596431,0.9526946,0.260720523,32.97476041,374.9897795,19.36465284,10.15204181,1
9629,1340.64833,17.41530422,0.523312491,0.486497759,0.866083946,0.236717623,42.85122128,662.5086509,25.7392434,10.15970893,0
4604,2266.754165,21.17759757,0.566390704,0.540666586,0.840688284,0.292367325,80.28601658,870.0887335,29.49726654,10.66742531,0
9971,745.865979,12.65081014,0.409656586,0.306600278,0.909221251,0.094022551,25.67008652,614.1409848,24.78186807,8.257312953,0
214,51.55976004,0.482781559,0.982157574,0.971476175,0.716788795,0.943766564,13.79745958,19.86657297,4.457193396,10.56691595,0
4879,385.0437215,4.364349795,0.911872004,0.90754328,0.881306096,0.823638084,32.99531527,287.6766225,16.96103247,10.65654494,0
7109,2914.876238,26.11562366,0.556488523,0.540134114,0.762459539,0.291868838,78.1684009,942.9385936,30.70730522,10.61667211,0
9620,3065.709164,30.97598748,0.47220532,0.45844526,0.758115196,0.210239379,58.63759652,1117.263239,33.42548787,10.5113377,1
9459,120.1298744,2.612221503,0.792650808,0.677788084,0.947403149,0.459403656,34.10945238,126.6534097,11.2540397,10.97992516,1
5535,776.2233466,8.92583003,0.661320191,0.596879489,0.910752452,0.356288668,71.58902018,379.5430962,19.48186583,10.76648173,0
5616,3859.93528,32.78083019,0.483892085,0.466171866,0.74051234,0.217416982,89.43406829,1284.060692,35.8337926,10.29148958,0
3116,3406.631819,34.36329761,0.3984528,0.384634615,0.770373252,0.14803689,81.98843335,1319.048767,36.31871097,10.41957067,0
5656,147.4431465,1.363201245,0.980840706,0.980288888,0.697395237,0.960966694,4.66137889,22.83810166,4.778922646,4.546323387,1
9309,3001.084962,26.47868327,0.544049591,0.524858854,0.776574709,0.275609487,86.84280376,904.2438114,30.07064701,10.49965691,0
4562,726.1981409,8.780220039,0.806051125,0.795716768,0.845024825,0.633174716,60.66841879,233.5183891,15.28130849,10.6675547,0
2718,3178.710195,32.40601667,0.501257545,0.493325949,0.722931038,0.243419982,23.14660249,848.8345223,29.13476484,8.879964605,0
9582,3267.344742,32.76734893,0.498932288,0.490008144,0.699253412,0.240182514,60.45406377,966.6905732,31.09164797,10.55356643,0
5141,577.5107993,6.825905091,0.82842552,0.80975147,0.902761598,0.655707484,43.25164822,298.3957853,17.27413631,10.80006547,1
7579,3867.644543,32.6540004,0.453203526,0.430149224,0.766093745,0.185132056,101.4405652,1250.572054,35.36342819,9.799871077,0
2429,3005.351149,26.81409794,0.573764798,0.562527471,0.773034874,0.316511436,78.06719934,1003.65285,31.68048058,10.59388326,0
9477,1550.96851,17.24249343,0.679871311,0.670800469,0.78256251,0.450012438,14.30305842,299.7503454,17.31329967,7.846630392,0
8793,2506.260386,27.18047066,0.419841665,0.392671666,0.786031441,0.1542473,65.04736449,825.1853177,28.72603902,10.71428681,0
5942,2608.63638,24.90093476,0.598181886,0.588183063,0.792608482,0.346010879,68.59482759,865.4557702,29.41862964,10.53887155,0
8859,1621.734821,14.98430156,0.620041276,0.570281919,0.860944146,0.325259849,98.30879194,527.890435,22.97586636,10.42269748,0
1783,1325.332035,18.74751465,0.406346786,0.358285352,0.879895705,0.128400231,35.3036875,820.0177552,28.63595214,9.508515495,0
4237,3988.799398,33.07307981,0.519469751,0.507890636,0.727535531,0.258075581,89.38283164,1442.923793,37.98583675,10.30437208,0
6845,1224.702183,13.07608952,0.487126619,0.416236008,0.912131322,0.173295391,90.23660189,773.1048528,27.80476313,10.3991381,0
4833,1683.631549,20.22471806,0.564149699,0.545564825,0.807498866,0.29768863,41.40606061,659.9978975,25.69042424,10.2099681,1
1000,643.6916504,7.338746875,0.677588326,0.586237076,0.91843957,0.343685727,66.50627753,260.1858269,16.13027671,10.56586331,0
3635,101.9410433,2.706978043,0.723132078,0.590094837,0.957581624,0.348223302,31.09349963,128.6888708,11.34411172,10.82585139,0
7304,2638.126414,22.02552802,0.466802529,0.420435976,0.83088335,0.176841205,102.7944275,939.1488197,30.64553507,9.570220604,0
5865,2540.704851,28.13782212,0.456135295,0.439874807,0.776249867,0.193543637,47.77904198,882.3357889,29.70413757,10.3635771,0
5890,2298.718249,21.86442609,0.558875028,0.534499537,0.82888496,0.285755969,87.67817084,767.0115252,27.69497292,10.60379081,1
9204,3402.007727,30.36555201,0.455396167,0.433368762,0.778761557,0.187900379,89.24625487,1212.514979,34.82118578,10.34700622,0
4822,1938.356252,21.87383103,0.461362493,0.428361563,0.823942834,0.183574481,75.85501547,753.4165024,27.44843351,10.55207988,0
8338,3272.49381,28.99868801,0.426914088,0.400386935,0.784691024,0.160403356,102.3152598,1086.16253,32.95698,9.7905281,1
2708,143.702011,3.960474136,0.746763237,0.695686582,0.895064363,0.483986127,13.53593067,73.81838632,8.591762701,9.175227321,0
9878,3264.266609,32.76962807,0.501480563,0.493524981,0.735818893,0.243621082,21.34842862,879.7279422,29.66020806,8.258023654,0
1018,2850.933568,27.09324114,0.532685067,0.516786175,0.776381703,0.267141875,60.60249546,1083.734827,32.92012799,10.5376022,0
4457,4664.216641,40.69403913,0.409218202,0.397824564,0.708524344,0.158394552,72.64740789,2081.46612,45.62308757,10.21616448,0
288,1479.048173,13.55118457,0.67740281,0.642796316,0.857479754,0.413220833,84.66692555,551.0432461,23.47431034,10.78759659,0
5127,4035.006643,41.26102258,0.33971949,0.328058199,0.715134396,0.107684977,35.45569789,1355.335441,36.81488069,9.052054191,0
947,914.5716384,11.86596778,0.68021377,0.657770149,0.861081576,0.432683401,28.74060384,512.509548,22.63867373,9.352636119,1
7792,43.50333754,0.77934484,0.886018984,0.678038144,0.871432267,0.459741423,7.914071322,15.25568405,3.905852538,8.305027511,1
9390,568.1174108,6.206667445,0.894007487,0.889125664,0.614942211,0.790548984,6.242198985,41.89967876,6.47299612,6.045620259,1
3740,2088.251536,21.62285795,0.527779133,0.497691332,0.813799019,0.247752655,72.68097421,834.2033575,28.88257879,10.72679708,0
6079,846.570934,10.16119325,0.803155706,0.797317267,0.807535561,0.635732572,9.668163764,161.7256623,12.71714049,6.794097562,0
4505,200.2038856,3.459342346,0.841944547,0.798929024,0.919832525,0.638298665,36.08013638,145.0324638,12.04294249,11.05659684,1
4020,3264.596851,31.17300706,0.554626931,0.546872323,0.697066856,0.299094769,14.78281155,532.0470561,23.06614524,7.528281609,0
7432,1369.463642,14.96326163,0.688698848,0.67494089,0.870959798,0.455564415,56.76229098,472.8141175,21.74428931,10.93192423,0
6404,2731.733675,26.62476172,0.478953835,0.4548865,0.801930784,0.206982423,84.10699671,790.8209701,28.12153926,10.56967057,0
1375,3482.237899,33.99115647,0.438599549,0.425278641,0.72879677,0.180962652,68.10122065,1140.094802,33.76528991,10.61177922,0
4939,1215.501053,14.74687479,0.550603258,0.497360503,0.88561763,0.247407383,69.63777221,772.2236496,27.78891235,10.63209871,1
3846,3660.607525,35.19272922,0.425579473,0.411077076,0.746151303,0.169076624,66.68108836,1402.571733,37.45092433,10.56284814,0
2511,1524.087394,21.09372465,0.507383807,0.490983424,0.870080353,0.241082964,14.61012893,396.8277329,19.92053546,6.929017355,1
6840,377.3816605,5.756183808,0.755595375,0.715483545,0.923548049,0.511930325,52.36836908,188.1943349,13.71839403,10.76386121,0
1159,4461.47225,37.24636493,0.429043294,0.411483171,0.723691625,0.1694383,84.57408877,1617.872506,40.22278591,10.42395497,0
678,3196.542172,31.60886455,0.531127777,0.523710275,0.700069712,0.27429989,19.85441894,596.701922,24.42748292,8.986937525,0
5729,1476.083317,18.38192751,0.58042907,0.560854296,0.82436901,0.314582777,31.68781009,480.3514254,21.91692098,10.10615808,0
976,3108.80194,27.4266975,0.406095156,0.361250026,0.796751368,0.130587549,99.07475326,1358.39401,36.85639714,9.653693489,0
7494,57.70877282,1.895090212,0.776507608,0.636109869,0.956605162,0.404643135,22.3526734,57.32250057,7.571162432,10.61335185,1
6302,1819.194302,18.58859397,0.636632458,0.621377697,0.832407143,0.386160701,66.7978836,630.2185594,25.10415423,10.76782391,1
2072,888.4438356,11.55780675,0.54063985,0.461536996,0.897861208,0.213054738,63.55941471,503.4262583,22.43716244,10.88216187,0
1844,2067.963938,19.12743037,0.525608433,0.479372288,0.83564368,0.229866618,90.330629,693.5741817,26.33579658,10.61447953,0
9923,320.3174866,3.483344486,0.942595423,0.941007502,0.729153414,0.88549857,5.744930966,59.00626129,7.681553312,5.174953588,1
5416,2250.607275,20.95612519,0.533954098,0.505125544,0.841827475,0.2552106,96.43063055,729.1296941,27.00240164,10.23795991,0
7743,1857.787153,19.11249381,0.570708838,0.547413812,0.848354517,0.299722392,72.45463808,647.953992,25.45494042,10.77667592,0
5437,112.9303948,2.867022582,0.703247173,0.53227769,0.947254324,0.283334029,34.13607882,114.8393195,10.71631091,10.94798528,1
7912,52.82574026,2.124388084,0.706140877,0.494471722,0.95442307,0.244518947,16.34715,78.38399978,8.853473882,9.594242792,0
9168,2355.909615,23.29957454,0.563105366,0.547415709,0.819009206,0.29973808,73.21681082,902.1640939,30.03604658,10.70004548,1
2815,3380.646421,33.57071532,0.489098526,0.480019218,0.726897688,0.230459677,22.97489965,869.7531544,29.49157769,8.520971458,1
9373,797.9790915,8.758539084,0.853165563,0.849936266,0.800120827,0.722399813,7.949371488,139.7485808,11.82153039,5.996214218,0
1519,4935.539853,41.17818575,0.356689416,0.33735625,0.683961083,0.113939835,84.57905785,1770.497994,42.07728597,10.34464147,0
8846,2796.061321,26.02167654,0.514651787,0.494898138,0.818775556,0.245009667,68.69523199,1249.948247,35.35460715,10.31294551,1
1258,1496.463869,19.15710642,0.500940944,0.468854168,0.821915497,0.219858768,42.5543959,594.3540934,24.37937845,10.55264103,0
1662,2702.492423,26.498139,0.478455241,0.452037898,0.808037913,0.204406908,74.1389613,928.8615801,30.47723052,10.68296433,0
3832,3169.937321,28.03233463,0.472717176,0.447630772,0.797808201,0.200455663,96.11958049,1099.619131,33.16050559,10.04260045,0
1488,3727.017363,35.71165769,0.483075462,0.473595139,0.679214058,0.224351957,19.2325762,786.0958792,28.03740143,7.895226103,0
5288,1507.863166,13.59648743,0.604957866,0.554555342,0.883301261,0.307565605,96.86889449,597.7016268,24.44793707,10.26438878,0
3476,4673.813427,42.35685232,0.367775093,0.355925365,0.693732749,0.126800608,70.13221812,1815.716237,42.61122196,10.3485943,1
9176,1042.041718,12.55656839,0.748957526,0.742099424,0.854578,0.550728383,25.84688697,436.4397601,20.89114071,9.931180018,0
1238,993.3361536,11.80879782,0.612689225,0.556326318,0.887507923,0.309536865,72.48486903,418.160172,20.44896506,10.87782685,0
3100,2774.854188,24.32405893,0.498545524,0.456632606,0.793692381,0.208587751,94.45226453,920.2090983,30.33494846,10.25710624,0
5568,4809.505411,41.29104445,0.4022367,0.389594279,0.691102106,0.15193475,80.06311841,1564.004551,39.54749741,10.41645859,1
865,872.9948908,10.80170056,0.647232885,0.5976422,0.872601708,0.357211686,58.71000119,278.1420284,16.6775906,10.75156656,0
636,91.31814683,1.331891366,0.969845315,0.969041703,0.795173576,0.939043405,5.086112967,15.13970385,3.890977235,5.204604865,1
5506,1833.994232,20.20484729,0.607776084,0.59428809,0.842883866,0.353195918,39.80222762,642.4173057,25.34595245,10.23617621,0
2165,1632.436429,14.44658067,0.561548036,0.508076512,0.898210745,0.258190036,106.9907062,660.4589889,25.69939666,9.624505281,0
5973,1697.492617,18.30015808,0.425557486,0.367745938,0.868895477,0.135292267,80.97151102,766.7207454,27.68972274,10.62707837,0
2437,1211.522447,14.38895211,0.678752261,0.65144332,0.840311006,0.424396092,50.65292583,355.5804713,18.8568415,10.82755076,0
1182,3518.206481,27.84405795,0.405310996,0.354788633,0.777585645,0.125972315,110.6633633,1312.492281,36.22833534,9.634198949,0
9257,375.7499619,5.231609555,0.755512395,0.681649096,0.925988825,0.46465967,57.72208764,203.0651587,14.25009329,10.68042601,0
6685,789.919987,10.96827779,0.680211275,0.659063994,0.909444899,0.434373038,22.69046468,485.0597368,22.02407176,8.443453129,0
7820,2383.048706,21.32620865,0.492944326,0.452816729,0.842810918,0.205116698,102.6668336,824.7388449,28.71826675,9.680744733,0
5991,1016.982263,11.36905495,0.802090777,0.797791714,0.790782544,0.636475048,12.92507721,194.1520765,13.93384644,8.234431846,0
4986,2401.912252,22.63577466,0.572174463,0.551875047,0.812032123,0.304639967,80.29205059,958.2897693,30.95625574,10.60164287,0
1544,1451.962602,16.5810274,0.477129683,0.423784523,0.886280781,0.179646085,79.62282325,746.6751626,27.3253575,10.67743757,0
1948,1076.379425,14.37620543,0.6094314,0.582658426,0.827834011,0.339524754,42.26427558,436.5215667,20.89309854,10.52509328,0
5976,3634.558518,32.40277821,0.477324211,0.462360695,0.725181192,0.213937556,68.37946259,1418.787218,37.66679198,10.22301409,0
9840,47.65640322,1.140396739,0.855703212,0.668532882,0.913897483,0.446942141,12.31399166,21.9527575,4.685376985,10.3231601,0
7951,623.0483673,9.194974338,0.557046033,0.473595846,0.925809752,0.224327323,52.1129774,476.6857964,21.83313529,10.79026478,0
683,1556.638054,15.24634081,0.56282928,0.50740046,0.857424756,0.257508104,79.76726226,607.6171305,24.64989108,10.69849301,1
8105,1741.203574,17.84495268,0.589565817,0.562210124,0.846177408,0.316130642,83.16395078,733.1625116,27.07697383,10.70873104,0
9144,2239.601492,23.79182375,0.449872528,0.418458473,0.843941529,0.175177195,74.53888678,934.7940409,30.57440173,10.64241588,0
1652,1845.460679,16.47153197,0.600727466,0.563654232,0.869232635,0.317752983,86.65140816,739.4534609,27.19289357,10.42165373,0
7617,595.4347928,7.66146966,0.676840631,0.598838024,0.915118929,0.35863195,60.26137867,342.5134673,18.50711937,10.72985961,0
5118,937.9485881,11.03939733,0.715836799,0.692759126,0.89444108,0.479942049,58.59532274,558.9357414,23.64182187,10.7279012,0
5584,1238.191182,13.50896316,0.665473126,0.639188024,0.877176821,0.408580334,58.35401735,381.3480403,19.52813458,10.69861285,0
8248,2611.618545,23.4044515,0.585676139,0.566635699,0.797486135,0.321134154,83.39284837,992.2310638,31.49969942,10.70496409,0
7408,407.4024356,4.18052647,0.935061566,0.933481847,0.741889338,0.871389721,7.023644691,61.44224634,7.838510467,6.252331549,0
4483,3006.224924,26.41522493,0.482692695,0.454565143,0.809402126,0.206708047,94.92184149,1011.359496,31.8018788,10.12904911,0
6188,804.9340004,9.220183992,0.67314214,0.63749592,0.938783194,0.4064212,80.14150371,634.8035329,25.19530775,10.75054419,0
5497,72.49247879,2.411518901,0.714076771,0.566173438,0.962273871,0.320562321,19.67274216,116.0927903,10.77463643,9.93992425,1
5851,533.5369338,8.444329689,0.537369471,0.435036805,0.939905679,0.189269547,59.47268212,390.7920793,19.76846173,10.85747268,0
3030,3244.290461,29.25956649,0.465131646,0.441227913,0.781764743,0.194765866,93.71866154,1161.651843,34.083014,10.16713842,0
4585,3139.273366,29.62279759,0.508442349,0.493462872,0.765631544,0.243580516,71.89176892,891.4064119,29.85642999,10.62935028,0
908,4678.133491,38.95022613,0.431935107,0.418289285,0.705791438,0.175087569,76.86589464,1678.23451,40.96626063,10.42315425,0
1411,1431.349777,16.89113836,0.601785831,0.578586634,0.847664203,0.334807717,59.65182467,517.2539014,22.7432166,10.7743059,0
7048,1561.01236,15.67606976,0.582958502,0.54552298,0.879405757,0.297642835,93.3629126,625.3330705,25.00666052,10.3000975,0
657,3403.714665,35.94265066,0.418717978,0.408232433,0.715579366,0.16670132,19.94541681,677.9728425,26.03791164,7.953150857,0
5637,682.2345962,9.711294538,0.688915923,0.657541983,0.910075417,0.432372725,24.92706327,421.074655,20.52010368,9.3357172,0
1584,1062.457612,11.8472829,0.686343409,0.6299139,0.821753565,0.396818526,46.11594424,284.4135953,16.86456627,10.6855948,0
7309,76.44960269,1.299059778,0.943297383,0.921099048,0.934255035,0.84842381,23.96084101,94.6404956,9.728334678,10.644957,0
5364,930.6993228,12.0544818,0.617666424,0.552561039,0.850385487,0.305339658,57.89288061,193.8802669,13.92408945,10.59272726,0
4511,4457.33151,42.60683307,0.350314775,0.338924844,0.71239773,0.114949952,80.63212903,2153.5168,46.40599961,10.41500159,0
3557,1059.63696,12.51285855,0.608744363,0.567476972,0.897215454,0.322073234,71.8851101,673.1343672,25.94483315,10.70527155,0
894,3016.480264,28.31000562,0.521684259,0.507102678,0.781110344,0.257217699,65.5677947,1124.005581,33.52619246,10.60020911,0
9764,1344.457941,20.86401638,0.334926662,0.300471557,0.887893476,0.090300266,59.31099217,983.6636593,31.36341275,10.34500656,0
3084,1799.068723,13.76441406,0.785802875,0.756176593,0.867830975,0.571820519,95.61701719,649.2143152,25.47968436,10.57128075,1
972,1175.648361,16.2864368,0.541834832,0.512953195,0.855917882,0.263156365,41.5495661,586.9233318,24.22650061,10.17299737,0
8807,1526.956823,14.2982139,0.646609699,0.609425886,0.858755307,0.371435599,82.83915052,565.8854913,23.78834781,10.53685317,0
4852,267.2834927,4.960416056,0.774824406,0.737531052,0.899042995,0.543962537,18.18164024,154.9834954,12.44923674,9.650406711,0
3892,4804.302619,38.73896404,0.452240815,0.439917911,0.709625732,0.193667951,88.00520654,1765.431969,42.01704379,10.26066765,1
6461,642.5134647,9.43473476,0.560930676,0.464302699,0.898695129,0.215612974,52.32253507,292.634088,17.10655103,10.77296227,0
189,2030.342195,18.60406363,0.595861418,0.558427598,0.823971228,0.311909794,81.92605765,723.7417721,26.90244918,10.68676855,0
552,4384.389441,38.1323757,0.429600952,0.415333181,0.691667574,0.17263542,77.44259662,1412.895446,37.58850151,10.39506879,0
3954,631.3189345,9.630311798,0.539656722,0.465090264,0.932841339,0.216328753,51.82863007,703.0435928,26.51496922,10.61417196,0
7672,4164.217215,35.90597153,0.477802772,0.466527139,0.720575431,0.217755668,78.30105533,1373.767086,37.0643641,10.56808844,0
5888,3809.644801,40.00723176,0.351918843,0.340632692,0.701738546,0.116108562,28.12768012,1089.75274,33.01140319,8.518675488,0
3350,3554.340161,30.38491822,0.446068591,0.423029158,0.787301862,0.179051533,91.17633847,1333.115314,36.51185169,10.12824788,1
7517,5480.652271,45.55447849,0.365961453,0.354169198,0.663222598,0.125581028,82.74670666,2037.63162,45.14013314,10.31121524,0
8799,1771.562222,22.36672953,0.481767007,0.457729047,0.842825222,0.209546543,25.23319263,676.324186,26.0062336,8.558325156,0
1611,3889.509903,33.77059263,0.462123972,0.445774163,0.756891664,0.198852455,83.9249472,1380.21147,37.15119742,10.39970377,1
6084,911.6949447,8.63962583,0.654309873,0.586727073,0.934722736,0.34426696,99.45276431,539.8891062,23.2355139,9.836549266,0
4617,1649.50559,15.79331191,0.65306004,0.619967905,0.849706938,0.384416513,77.66974981,642.2224739,25.34210871,10.71619197,0
2948,226.1902876,3.948733176,0.686008996,0.494423267,0.950961802,0.244466378,59.04812074,138.2623975,11.7585032,10.52994526,0
1253,2878.395279,26.19435867,0.581266808,0.570374026,0.798181223,0.325373731,76.95795082,762.9612647,27.62175347,10.69028592,0
6852,929.2577886,12.33128835,0.611342249,0.58478085,0.910560004,0.34198733,76.89088148,608.0552714,24.65877676,10.79409257,0
6308,1957.729245,20.41451785,0.542384226,0.512088843,0.849530251,0.262275441,75.94628363,727.6845747,26.97562927,10.72189164,0
7599,1303.934776,12.16267032,0.600005064,0.525186957,0.880276805,0.275873218,92.08646868,499.5399652,22.35039072,10.85534662,1
2950,1673.068649,18.01071807,0.634755723,0.618480383,0.842828761,0.382544715,62.22411463,673.072972,25.94364994,10.68848965,0
5588,1140.895122,13.11837813,0.761608778,0.756588864,0.831003689,0.572432823,10.5963035,212.200583,14.5671062,6.772780649,0
9829,2796.842539,30.25705967,0.492626377,0.483115496,0.775173133,0.233433069,26.60690726,769.2149969,27.73472547,9.516447172,0
8314,1938.438597,21.53602377,0.416012944,0.37702542,0.845287692,0.14221086,81.60268122,949.5190864,30.81426758,10.69458114,0
5072,114.8289814,2.145606898,0.852201136,0.757410017,0.944029017,0.573674716,38.95057269,78.89489522,8.882279844,11.22272679,0
3286,833.7238049,9.783201403,0.751543525,0.730626794,0.898636209,0.533835314,56.7518304,386.4149494,19.65744005,10.78726946,0
4081,1494.915872,16.62942842,0.556736742,0.523458738,0.890620661,0.274060095,68.7897413,883.6385745,29.72605885,10.56564375,0
2753,2592.727595,29.74197302,0.427804887,0.413441041,0.803451451,0.171015705,38.49006551,1195.496612,34.57595425,9.483762256,0
3432,739.0491858,12.60650561,0.498065939,0.442855297,0.923699209,0.196139842,29.80544768,649.9144148,25.49341905,9.014476551,0
468,5302.13442,45.80809497,0.388503849,0.379096096,0.663270967,0.143803685,89.34345176,1578.648052,39.73220422,10.41654582,0
2489,4769.081725,43.42317596,0.397550163,0.388348352,0.647955546,0.150907939,39.6071569,1627.137231,40.33778912,9.622108248,0
6250,2280.272389,22.97847652,0.518509843,0.493200245,0.803937649,0.24331521,72.25105573,861.8697753,29.35761869,10.80823528,0
3866,2359.100079,26.61398895,0.448247519,0.427901118,0.825181987,0.183148677,60.9856752,1232.435065,35.10605453,10.28675713,1
2022,3414.005459,31.26498292,0.47438157,0.459404405,0.781662905,0.21120187,72.86592475,1242.01647,35.24225404,10.51722103,0
4396,427.7305784,6.095234969,0.637873855,0.51292235,0.940904099,0.263104893,62.63387082,289.058459,17.0017193,10.73239302,0
7214,2297.893686,25.3941326,0.452870586,0.428583567,0.836817863,0.18373679,62.56416012,938.6618955,30.63758958,10.68930478,0
2928,68.78442672,1.336522184,0.893579254,0.830559315,0.946875985,0.689832057,29.88869669,54.0519122,7.352000558,10.89581384,0
9250,885.4768455,10.05763876,0.640799967,0.55286025,0.894406166,0.305672136,70.16026222,334.518414,18.28984456,10.50164129,0
1743,1369.188501,14.78711428,0.663395702,0.630914642,0.87380375,0.398100346,50.29964699,684.9758193,26.1720427,10.59010531,0
5685,11.63179926,0.113186473,0.998252362,0.998217704,0.651690791,0.996438592,5.07402864,7.871172074,2.80556092,5.353166722,0
2242,1901.186121,18.84270227,0.60008128,0.579732139,0.857082347,0.336136448,72.02343338,941.0024562,30.67576334,10.53169802,0
6635,3177.008043,27.25942006,0.553981648,0.537788836,0.774240602,0.289325591,79.17618305,1250.834115,35.36713326,10.51407552,1
4520,4158.923347,38.00557868,0.431066462,0.420214857,0.706266563,0.176675521,61.28926007,1532.34015,39.14511655,10.07058293,0
1681,2624.631251,28.2754938,0.410691113,0.390450183,0.816246351,0.152539157,77.25478469,1194.893447,34.56723082,10.47271569,1
7660,3094.692228,27.1831574,0.450365684,0.422342348,0.797793226,0.178500788,105.5157442,805.3727484,28.37908999,9.714936259,0
20,1534.786833,15.26055753,0.643674157,0.615769133,0.878978904,0.379206182,83.34691903,636.0600544,25.22023105,10.77599724,0
4371,467.3292286,6.87532777,0.767452725,0.739022289,0.860687842,0.546161252,19.1173305,198.2071418,14.07860582,9.518108666,1
1317,3593.348793,35.56623905,0.440894472,0.430354528,0.733985945,0.185272925,63.46538421,1209.99179,34.78493625,10.56602884,0
2407,134.8897019,2.959851361,0.735429016,0.608459517,0.953551699,0.370234952,43.70298615,109.9952028,10.48785978,11.15928588,0
6500,828.389399,13.63128396,0.469341794,0.414826633,0.891910468,0.172109709,30.51326686,595.4386021,24.40161065,9.095327,0
8567,1109.528414,12.22419664,0.578025289,0.505816693,0.89765293,0.255884554,81.95875566,540.9519633,23.25837405,10.78281468,0
2081,1275.057404,13.52637863,0.700561247,0.681521971,0.873257083,0.464497101,69.32314812,514.2189354,22.676396,10.73618697,0
265,3463.163552,31.03700162,0.494747961,0.481403248,0.779120461,0.231862964,87.05134032,1232.431415,35.10600255,10.37657303,0
7436,4868.131712,50.1142605,0.230247485,0.217999706,0.584768467,0.047533093,24.81481481,1011.697884,31.80719861,8.77519616,0
4208,2109.878394,20.2441962,0.590410407,0.57012081,0.836738,0.325096384,81.22778504,801.4022956,28.30904971,10.60623595,0
1772,1011.45949,11.44137639,0.660883327,0.610029008,0.863093754,0.372177732,61.94528887,380.582156,19.50851496,10.78525087,0
3123,1162.806636,13.27164099,0.759460211,0.754019173,0.817485443,0.568552355,13.94257252,256.8670996,16.02707396,7.964999779,0
7576,776.3887236,9.81651827,0.661464843,0.603920716,0.888096378,0.364768936,60.70653795,325.7860251,18.04954362,10.84728564,0
6104,5271.325639,44.31978896,0.391473217,0.380613459,0.670449159,0.145059311,87.98096132,1961.751472,44.29166369,10.35019775,0
5010,1826.655125,16.47149646,0.606392504,0.565447251,0.84895652,0.319771717,86.9442853,563.3725757,23.73547083,10.810415,0
1820,3132.051041,27.38543364,0.51191959,0.491034769,0.769963577,0.241211702,80.97473155,1141.217045,33.7819041,10.58119169,0
3283,995.1134127,10.52903134,0.678455607,0.641086758,0.900441296,0.411020666,73.52920513,516.8945374,22.73531476,10.69238013,0
5167,457.2838185,4.136822681,0.941193635,0.938753439,0.688403918,0.88126166,5.46407383,55.27167569,7.434492295,4.982148753,0
8303,284.4815649,3.663496503,0.860079267,0.826863935,0.92051164,0.683712776,58.51430186,220.6275309,14.85353597,10.55704256,1
949,3240.568235,30.70744849,0.486994274,0.471548388,0.776838726,0.222416242,61.69811047,1021.011818,31.95327555,10.61272319,1
1323,3606.23254,31.5127076,0.513515756,0.500305131,0.744137237,0.250396993,84.20035181,1189.814715,34.49369094,10.48675954,0
7596,252.3773862,3.719750732,0.882421356,0.865970309,0.87554216,0.749906508,22.13639877,192.8067168,13.88548583,9.706604418,0
6433,2562.272765,24.64488782,0.51667219,0.495214222,0.813875788,0.245301621,73.05589718,818.1795469,28.60383798,10.67139114,0
1631,2248.826839,22.59678405,0.502401703,0.475492443,0.841408183,0.226154831,77.61496553,853.2265134,29.21004131,10.62792542,0
963,553.1454849,9.925797928,0.538627011,0.475197145,0.922875268,0.225822537,30.3156185,419.7889185,20.48875102,9.904257162,0
9295,2623.340025,26.29917054,0.545752424,0.531376254,0.768220854,0.282444029,71.29016745,712.55582,26.69374121,10.7742517,1
3672,1973.903855,19.22971418,0.560084265,0.528528134,0.828895032,0.279416789,76.66231683,815.5039793,28.55703029,10.71105289,0
1275,3560.297225,32.34570405,0.49730811,0.48421261,0.720923723,0.234575109,74.48664376,1042.976603,32.29514829,10.62793009,0
4522,106.2465072,1.170264166,0.981015748,0.98052854,0.772616637,0.961436375,6.963975882,42.33100949,6.506228515,6.624950468,0
8765,564.9474567,5.838496503,0.832178824,0.805425474,0.905565078,0.648716601,45.89712889,308.9670596,17.57745885,10.78564398,0
6499,761.6432511,10.28776874,0.653902453,0.619750268,0.901851991,0.384109856,53.31641293,323.7779705,17.99383146,10.71586911,1
4758,4249.968689,36.58904406,0.470455888,0.459433627,0.711041829,0.211181347,80.63865143,1524.422688,39.04385596,10.40619186,0
3144,745.5385181,8.806401701,0.690947278,0.641924488,0.901848309,0.412088832,73.85881912,310.728784,17.62750079,10.83180087,1
273,2708.397867,22.60876029,0.626910343,0.612458626,0.800951233,0.375151708,90.01046578,920.495386,30.33966687,10.50758737,0
3775,2461.034375,26.18024463,0.485463628,0.464779944,0.791850186,0.216091644,65.28568636,809.2567012,28.44743752,10.69346725,0
4019,3467.822304,31.97725228,0.491780911,0.47977635,0.748435041,0.230298516,72.285482,1104.704795,33.23709968,10.56630412,1
9195,2357.366983,27.67048313,0.447925507,0.431806697,0.817428046,0.18650294,46.44503907,1019.444667,31.92874359,9.922130727,0
3928,1928.321793,20.39789999,0.674802596,0.669028178,0.766885308,0.447624613,14.84691456,391.9420064,19.79752526,7.78597713,1
7751,583.9407388,8.439157944,0.788307399,0.779864686,0.863568907,0.608202096,21.84828583,206.0958277,14.35603802,10.28631992,1
6353,551.5082203,6.836278156,0.671150284,0.588881432,0.928079612,0.346798593,64.97815415,367.5968063,19.17281425,10.77952537,0
8506,2025.110702,20.4623673,0.508087939,0.477688494,0.853205888,0.228267883,85.71711409,877.8902057,29.62921203,10.43546345,0
7206,2243.057456,21.9348733,0.471760531,0.42837585,0.815116755,0.183581967,80.76905652,747.7935808,27.34581468,10.55928744,0
1786,775.8127954,8.215815636,0.682937335,0.60235409,0.913630688,0.362848551,72.60588235,355.5491531,18.85601106,10.81127529,0
4088,112.0717659,2.095880628,0.834708939,0.720897996,0.872752167,0.519698635,14.92877434,35.9736037,5.997799905,10.33202436,0
9479,2904.956429,32.45833843,0.392379428,0.376589687,0.786348808,0.141904694,45.22446221,1242.980591,35.25592987,9.811593553,0
3214,3329.208511,27.4049275,0.527044397,0.505985881,0.78963796,0.256114588,86.56853153,1171.750685,34.23084405,10.30250883,1
3900,2276.122254,21.20821589,0.567423596,0.540047212,0.816325687,0.29172537,85.72653915,821.9831561,28.67024862,10.70296074,0
4157,1576.627893,16.00016704,0.542294624,0.496187714,0.883779685,0.24624657,81.93521563,704.0312723,26.53358763,10.73896323,0
7727,1230.396916,11.04360954,0.741951613,0.716639504,0.899309921,0.51358891,97.66739909,513.732085,22.66565872,10.28232883,0
2012,722.6880266,8.372074632,0.625389549,0.543865982,0.925036721,0.295816322,82.0167949,381.4717777,19.53130251,10.94342051,0
4509,809.4881164,11.33659223,0.573681844,0.514607284,0.911085086,0.264860335,43.13370014,397.4341188,19.93574977,10.82637346,1
5833,2333.481967,19.38382127,0.559235726,0.510865151,0.839403237,0.261028714,103.6305129,938.2502619,30.63087106,9.462241918,0
7392,19.21286072,0.101200854,0.999190179,0.999055343,0.623714181,0.998111581,4.760376273,7.776710213,2.788675351,4.916721597,1
8293,1107.325959,14.49746386,0.607573108,0.577262385,0.879722145,0.333254311,18.60748596,404.2287982,20.105442,8.28567449,0
3666,1567.432534,17.70311744,0.565873442,0.534772018,0.884804635,0.286033371,57.81177246,948.7928155,30.80248067,10.58794137,1
7996,1725.564219,16.73545141,0.473958165,0.408098532,0.884903529,0.166584888,104.5371399,882.6258037,29.70901889,9.444028211,0
3374,436.0001323,5.19575459,0.881143077,0.871261696,0.813963394,0.759100364,23.98906995,122.5200656,11.06887825,10.74565417,1
8477,1295.935227,14.62042231,0.585135247,0.539538117,0.884312088,0.291182518,63.15703452,779.196095,27.91408417,10.76573765,0
7803,4119.109786,36.7877226,0.456101609,0.445573127,0.711868027,0.198619385,59.96345664,1498.167802,38.70617267,10.12389428,0
9945,67.90105799,2.657234287,0.650165671,0.514809081,0.977793806,0.265035204,11.84074919,127.4660824,11.2900878,7.702313435,1
2614,58.97130918,0.440758756,0.994180186,0.993658438,0.489374529,0.987357293,4.088511579,2.914504576,1.707192015,4.063487477,1
2430,3096.303337,33.01586144,0.420711443,0.407756421,0.751160627,0.1663262,44.77967417,943.5132431,30.71666068,10.5059685,0
7562,1910.871092,17.60598798,0.641269563,0.62153901,0.854136108,0.38637583,91.49240822,699.5764267,26.44950712,10.34804323,0
5478,2357.046639,19.09579152,0.769775686,0.76174199,0.579631786,0.580268944,13.4139136,426.3287391,20.64772963,7.880302918,0
6980,558.9538321,6.929860515,0.826975028,0.803417534,0.812573745,0.64548534,23.32111639,255.3290572,15.97901928,9.600565784,1
6698,2684.936161,24.34280353,0.514169013,0.485250671,0.804671325,0.235555748,86.89416313,925.8855703,30.42836786,10.49445348,0
1834,720.5440231,9.13660097,0.644095989,0.583230765,0.925646017,0.340178508,71.73328921,553.7387595,23.53165441,10.78932329,0
9848,1729.407097,20.9941748,0.475828463,0.449104913,0.867316689,0.201814791,56.12495525,973.7534517,31.20502286,10.22034115,0
1595,1924.836278,19.3584323,0.636183565,0.621235,0.812888722,0.385989607,62.04643543,658.0683819,25.65284354,10.7192389,1
4472,3315.685637,37.24531123,0.353921607,0.341968412,0.730916716,0.116987719,31.8271548,1016.908888,31.88900889,9.57585045,0
6746,204.7496625,4.799479401,0.58739366,0.431148162,0.936412656,0.185903316,37.36408658,171.5669012,13.0983549,11.10063436,1
2450,2355.699757,26.28029033,0.497344452,0.481737925,0.803783172,0.232115185,58.50282132,689.9447111,26.26679865,10.82287408,1
7351,1250.921619,15.05390198,0.512998146,0.438098022,0.857434921,0.191972384,63.52730737,512.5965236,22.64059459,10.71374812,0
4354,30.34654807,0.190818792,0.997934268,0.997839935,0.524761733,0.995684543,4.017957323,0.619317887,0.786967526,4.009646378,1
8783,103.3823225,2.555680096,0.801040228,0.720331217,0.927928591,0.51888754,17.31638534,63.30409469,7.956387038,10.30538806,1
1088,1050.593157,12.84216052,0.610057672,0.553297125,0.888017196,0.306166267,56.72035429,848.9807027,29.13727343,10.19435771,0
6449,2035.254123,19.20953073,0.625849194,0.607640303,0.826192165,0.369281263,81.81153387,778.5974168,27.90335852,10.67623157,1
7688,1574.501939,22.60236108,0.455626624,0.438348384,0.869028734,0.19216664,27.8873125,844.3841716,29.05828921,8.688807175,0
651,4879.97488,45.68870202,0.345273278,0.334839024,0.662564301,0.112206692,60.29677668,2243.911538,47.36994341,9.994380083,1
1694,1819.168715,15.99319837,0.652800279,0.624394797,0.846514755,0.389912803,86.86360023,641.9200285,25.33614076,10.66359624,0
1016,34.81348646,0.45379397,0.957109265,0.871587125,0.831071017,0.759666058,5.065867922,5.424016858,2.32895188,5.549975232,0
8334,1601.803996,14.58889059,0.643870375,0.600365476,0.866854393,0.360482758,86.89134627,704.8539218,26.54908514,10.66370904,0
8212,3676.94779,31.92691627,0.461233894,0.438799247,0.752035068,0.192640299,86.97125972,1156.727076,34.01069061,10.41984351,0
143,505.9591415,7.130665229,0.701316831,0.652553435,0.930291402,0.425839433,55.43512588,455.0991356,21.33305266,10.63618038,0
2781,1055.578313,10.91957356,0.651491506,0.609180204,0.904319902,0.371118765,83.43429272,423.3940181,20.57654048,10.73040424,0
9970,3326.441151,34.90490527,0.439838146,0.429340472,0.751808412,0.184360325,13.39980278,560.1238216,23.6669352,6.262561607,0
2302,4071.98182,36.27761455,0.441755972,0.429141587,0.728249641,0.184296748,77.84064735,1468.414108,38.3198918,10.37962153,1
9012,1499.510137,16.24113097,0.608746126,0.583127661,0.848112028,0.340067948,58.88657143,383.5387666,19.5841458,10.63126118,0
3039,2800.780232,31.97442527,0.396428312,0.381759999,0.743888669,0.145785325,30.07848492,690.2041227,26.2717362,9.80199966,0
3180,2414.225494,21.51184759,0.577180822,0.549840239,0.836453418,0.302402893,90.91944363,865.0959606,29.41251367,10.25806033,0
7823,1150.900757,15.81905899,0.568330022,0.542322588,0.876139015,0.294152454,48.87675338,712.0540334,26.6843406,10.38064156,1
7653,77.56802066,2.387073969,0.683020181,0.437168046,0.931943909,0.191129353,12.74995848,66.80451494,8.173402899,9.042140786,0
3373,190.1357148,4.016478466,0.792299172,0.757790926,0.932783403,0.574254142,13.25776337,136.7993603,11.69612587,8.29553003,0
607,1399.605541,15.87946469,0.690679062,0.680744007,0.856669436,0.463420156,44.15072028,343.6420867,18.53758578,10.77381259,1
3091,890.4837611,12.42737595,0.591450146,0.550785835,0.885804453,0.303390468,51.83438691,507.4647354,22.52697795,10.60518716,0
6546,937.3885623,11.6405414,0.553087212,0.483654358,0.906265716,0.233944836,58.42487148,710.5478074,26.65610263,10.57715142,1
8508,2388.485209,23.44978937,0.546368145,0.52603376,0.825892421,0.276771844,69.78627701,914.9206532,30.24765533,10.69468989,0
9023,275.8670915,5.261334089,0.723143891,0.674489237,0.938181817,0.454942941,13.7940064,187.679999,13.69963499,8.082603797,1
3734,4122.999411,40.67783231,0.383827222,0.373555397,0.690848338,0.139643487,42.66112242,1598.877369,39.98596465,9.45225064,1
9077,6338.966815,51.18355281,0.381293762,0.37345949,0.573299739,0.13964059,80.2909292,1964.28671,44.32027425,10.42069185,1
5386,2583.686709,29.36353028,0.478630544,0.468474712,0.776424309,0.219528547,39.2970868,988.0697224,31.43357635,10.07462176,0
547,1819.813025,17.59340714,0.660065931,0.643847414,0.833282203,0.414573255,75.8752816,536.424856,23.16084748,10.4899458,0
4971,1778.495797,21.34131016,0.56548115,0.551205537,0.804257353,0.303852807,24.57112425,518.7431589,22.77593377,9.278204544,1
4710,4019.859581,40.83660694,0.329885324,0.316325004,0.704015248,0.100159826,56.30764583,1566.896493,39.58404342,9.960905659,1
9556,167.1497838,3.101831646,0.843781372,0.790966484,0.919013262,0.625636718,34.53318426,106.5441875,10.32202439,11.10015558,0
4209,2814.103654,25.96318376,0.591294285,0.580725394,0.782756752,0.337318795,69.67708127,1018.237698,31.90983701,10.63761062,0
3601,1153.264202,13.11267092,0.679167773,0.657370774,0.892875425,0.432163105,62.7875853,533.9719759,23.10783365,10.84494741,1
6571,3470.97584,29.25244618,0.536875803,0.523015864,0.772150886,0.273632203,82.8821486,1076.113429,32.80416786,10.52674326,0
3312,197.2255444,4.032246503,0.707099412,0.547994204,0.92488404,0.300315721,40.96704505,94.65013713,9.728830204,11.21653182,0
3764,633.2164169,9.603861771,0.570756065,0.488179483,0.90760804,0.238348318,60.808948,389.1377676,19.72657516,10.80244721,1
7153,1207.961353,12.84868621,0.622610059,0.584911433,0.896813174,0.342163803,82.09713221,519.701194,22.79695581,10.72247565,0
2819,378.0113341,5.139657963,0.762815467,0.669825208,0.921731502,0.448680172,67.95738358,168.04957,12.96339346,10.59740795,0
336,2084.098596,20.83719957,0.568129122,0.547747034,0.838329431,0.300080725,84.24310096,763.0006795,27.62246693,10.61141394,1
4047,2475.709324,21.9968616,0.547177822,0.516130958,0.840456482,0.266442366,93.50554533,883.2010716,29.71869902,10.05002083,0
7793,696.5483151,13.05253377,0.445961207,0.402860672,0.897228575,0.162301162,12.77122998,218.5702693,14.7841222,7.388629131,0
4306,2315.114144,22.03587738,0.585740017,0.565725227,0.826549033,0.320099507,76.8246244,841.5832025,29.01005347,10.64440354,0
722,3197.793437,30.19344363,0.444342501,0.42519861,0.786991535,0.180873573,92.43028644,1265.99872,35.58087577,10.34250234,0
1236,2854.420486,32.68466841,0.413337034,0.401481397,0.781908261,0.161236969,25.13036827,967.2400579,31.10048324,8.143371799,0
7,1074.37204,12.66796208,0.621617059,0.540475417,0.829495428,0.292133969,49.15912506,262.5414048,16.20312948,10.81562224,0
6368,973.8152247,12.13072321,0.559168037,0.480583266,0.885594244,0.230990557,63.16787066,481.836088,21.95076509,10.7294999,0
758,3886.102386,35.54856509,0.437136859,0.424431145,0.741916993,0.180252203,75.65134477,1580.393753,39.75416648,10.34843051,1
8962,374.4025879,5.745565926,0.752535914,0.703337475,0.915058169,0.494690083,19.14450605,260.5719276,16.14224048,9.077076165,0
8923,154.5915699,4.137090067,0.657428993,0.521805484,0.923701665,0.272297199,26.71908974,100.689654,10.03442345,10.81406417,1
305,2546.514454,24.29076134,0.470449088,0.440936548,0.829477623,0.19450654,94.75654932,834.6106049,28.88962798,10.12526941,0
5914,1560.177374,17.6622715,0.627848177,0.611626193,0.838581936,0.374126253,58.75223154,637.4283129,25.24734269,10.65654003,0
4161,640.4659698,8.086784646,0.727796993,0.694090517,0.919694488,0.481774003,46.73792571,446.4318256,21.12893338,10.72911884,0
8602,4044.25246,40.17152288,0.32675096,0.311631192,0.718232242,0.09720984,62.55161422,1704.911742,41.29057691,9.788723761,0
2901,65.0387245,1.315602857,0.901015376,0.833705574,0.933925714,0.6950682,24.66688427,66.27847011,8.141159015,10.62334365,0
9621,978.7622609,12.79391351,0.536479622,0.454018065,0.855839008,0.2061871,60.63466518,400.5236864,20.01308788,10.72955586,0
5609,3822.502557,39.07480824,0.39710796,0.38754925,0.688545447,0.15024464,25.71024487,1001.732885,31.65016406,8.742727009,0
1093,3397.358334,31.40633324,0.458967282,0.442343884,0.764633746,0.195758077,77.84012649,1206.759954,34.73845066,10.51263337,0
3213,231.9174831,3.088303515,0.932914728,0.930761303,0.819843594,0.866318146,9.03190125,82.84946858,9.102168345,7.061025008,0
8242,1128.007095,16.77137222,0.49217635,0.458592827,0.901437778,0.210326725,20.13194732,615.0600992,24.80040522,7.423797169,0
5831,2004.153852,21.7815106,0.437991923,0.394534481,0.853656408,0.155718645,83.59016865,939.0052381,30.64319236,10.6285077,0
4257,1861.043511,17.10496717,0.605933109,0.568653027,0.843928368,0.323418772,80.88395021,737.7769856,27.16205047,10.7089952,0
328,1192.888683,14.77485101,0.654038923,0.639911423,0.837195913,0.409494351,14.96257274,285.1898053,16.88756363,7.852693183,0
2740,3014.802371,22.9868259,0.50794768,0.463794218,0.826224181,0.215193047,113.0309273,1154.552862,33.97871189,9.57502647,0
9659,1036.440416,10.33239719,0.734419661,0.706492265,0.862010846,0.499161009,79.29749432,398.5854876,19.96460587,10.83593977,0
3302,124.0581811,3.392828211,0.677677645,0.521533526,0.943458628,0.272011775,33.87771185,107.6610145,10.37598258,11.0557351,1
1468,866.8343897,9.991717823,0.628178511,0.561934464,0.90994681,0.315807164,71.62372223,614.2438167,24.78394272,10.74656791,0
4871,4392.550218,37.89861815,0.437740412,0.425142829,0.708775713,0.180897882,78.62374792,1580.020462,39.74947121,10.33017123,1
7438,680.3092441,10.55382149,0.647417772,0.617411638,0.902679454,0.381202184,9.856875473,172.6199518,13.13849123,6.448177207,0
5284,2220.762503,20.28927211,0.562755459,0.529815018,0.840581385,0.280763153,86.01246785,846.733268,29.09868155,10.48625114,0
5030,87.56311258,2.142764608,0.806748627,0.638277885,0.954990305,0.407406183,38.61345216,52.41674679,7.239941076,11.00689294,0
1043,700.6566781,8.086430204,0.716210011,0.665951183,0.903188825,0.443528525,80.39626871,249.1860906,15.78562924,10.89136729,0
697,1233.978816,16.15785122,0.564444027,0.529798155,0.829794693,0.280726924,50.50440168,510.6514847,22.59759909,10.60682173,1
6006,2965.940208,27.64421738,0.503640921,0.483024766,0.801078682,0.233378969,71.67726265,1013.689974,31.83849829,10.68968422,0
7403,2399.32235,26.05411754,0.46216328,0.442535083,0.833683108,0.195911387,43.4025306,1327.679858,36.43734153,9.422224524,1
2577,1289.69835,14.87510486,0.618883666,0.587384785,0.847946591,0.345054347,64.24172493,441.7737236,21.01841392,10.80291379,0
6895,522.8596589,7.20604486,0.656768066,0.579448406,0.929146112,0.335775319,47.92705775,427.8209003,20.68383186,10.70673455,1
3992,515.0108972,6.617138866,0.69171998,0.618777131,0.925711728,0.382902707,59.67533994,294.1249732,17.15007211,10.79311993,1
6626,927.1790645,10.26780088,0.823423177,0.819452022,0.784380358,0.671509011,8.824616677,144.6168537,12.02567477,6.580093202,1
3207,2816.381947,24.41174891,0.62229342,0.612095371,0.78893723,0.374712134,72.28030912,850.9691715,29.17137589,10.46856078,0
3308,3085.227331,31.6057686,0.488280009,0.478513744,0.734364358,0.229015217,22.35712548,636.3184303,25.22535293,8.602789046,0
8837,43.72000369,0.8754706,0.94687614,0.914661748,0.856576768,0.836607516,7.35018315,18.64171853,4.317605647,7.206915309,1
7983,1791.009435,21.88901799,0.441313145,0.412522195,0.863198865,0.170224939,71.88111888,1069.22072,32.69894066,10.55971233,0
9457,514.7773413,7.206954275,0.78665703,0.768372514,0.87715542,0.590404746,24.83636595,228.0513285,15.10136843,10.02562918,1
2593,335.5134801,5.19101844,0.767822751,0.710135838,0.921009025,0.504306744,41.88321218,184.8165622,13.59472553,10.88296993,0
9518,199.8244872,3.979791198,0.733118954,0.657288512,0.931760106,0.43204229,37.0240136,139.8543073,11.82600133,11.06722743,0
8918,52.03267036,1.471903645,0.855574516,0.788047942,0.956911226,0.6210219,10.19372172,48.71639975,6.979713443,8.621701794,0
981,1539.836374,18.52278689,0.534134177,0.502257974,0.87134635,0.252298122,59.36505555,639.2856553,25.28409886,10.92213997,1
9841,781.688591,9.684126127,0.716206245,0.686886955,0.912306337,0.47182925,57.19703061,402.8412396,20.0709053,10.89406569,0
9553,358.5175525,4.245057006,0.888238384,0.878125716,0.905149288,0.771110971,52.59096524,298.885164,17.28829558,10.83460178,0
5882,995.8370775,10.99251439,0.730923337,0.710664228,0.881511851,0.505075729,59.30142587,482.732328,21.97117038,10.75604759,0
4641,402.3072918,6.441546741,0.69273166,0.594940636,0.897646808,0.353983549,49.97913663,186.0094558,13.63852836,10.40969765,0
7997,3309.363609,28.68021802,0.565558439,0.555138122,0.76016425,0.308255794,82.13339954,1173.936028,34.26274986,10.50922106,0
466,2126.129954,19.74199206,0.564913381,0.519964306,0.810368738,0.270430693,85.4883259,655.9130142,25.61079878,10.72692869,0
8879,1764.452653,17.83721128,0.65471133,0.641706457,0.838971862,0.411824088,62.10122449,614.3571005,24.78622804,10.64047651,0
1305,151.4262594,3.435588306,0.751514968,0.660716406,0.953920738,0.436551867,27.74292076,189.69034,13.77281162,10.7176849,0
787,1279.742307,13.21794652,0.61053648,0.552271336,0.873811527,0.305044938,82.99576543,607.2575637,24.64259653,10.81753365,0
1747,995.8312052,13.56641998,0.61383851,0.587595873,0.895749584,0.345293227,40.96661491,624.7477821,24.99495513,10.29184503,0
2375,209.2117603,3.383740089,0.829108581,0.765437611,0.927213776,0.585901017,41.26517193,125.8901342,11.22007728,11.06638499,0
9648,1517.993295,15.14576895,0.771819882,0.767766953,0.758684845,0.589493695,9.277121713,256.5777147,16.01804341,6.207281344,0
384,410.7629056,6.410940349,0.72300943,0.667838396,0.911816999,0.446028611,45.91196699,186.0844821,13.64127861,10.86161413,1
6617,756.5247899,10.67473129,0.626907865,0.589620291,0.925659763,0.34767354,49.73402256,669.3513302,25.87182503,10.46964549,0
9698,3677.110193,32.37621976,0.439524276,0.419205015,0.759679822,0.175828076,89.24244168,1211.06566,34.80036867,10.34359245,0
3448,1813.483879,17.5024584,0.56818465,0.528408066,0.84793947,0.279259917,77.1030664,730.2495141,27.02312924,10.62983452,0
1121,784.7720631,9.970464098,0.723399679,0.698800219,0.880611481,0.488345037,49.73092744,373.1419523,19.31688257,10.73632905,0
1469,604.0300511,7.465921789,0.76728294,0.737114209,0.905179937,0.543352776,50.84520787,492.667708,22.19611921,10.50839799,0
8960,390.3940343,4.537449591,0.919264135,0.917151214,0.762588983,0.841172441,6.877280801,71.73847894,8.469857079,5.860865953,0
370,2917.19791,27.60916956,0.491458669,0.474575133,0.805568729,0.225318298,90.3159782,1113.767771,33.37315944,10.25405666,0
4564,864.1878597,13.13382929,0.575211798,0.543870952,0.891421969,0.295805659,18.58109075,393.4902727,19.83658924,8.087007301,1
7883,1618.128111,15.47627377,0.461390602,0.377995938,0.870760613,0.142931987,96.42145042,689.3426243,26.25533516,10.11580715,0
9352,287.4839207,5.167483744,0.666071686,0.522305725,0.926889048,0.27282445,55.64693485,137.0971905,11.70885095,10.2115711,0
381,4612.436325,43.46050592,0.348502928,0.336968777,0.668864813,0.113649026,59.45315973,1434.936914,37.88056116,10.38707823,0
8889,1660.915173,15.48649728,0.664538368,0.644643703,0.862230961,0.415609327,83.31259462,522.0242061,22.84784905,10.71369492,0
7294,2439.08745,27.92667707,0.510991636,0.502147444,0.780635134,0.252167275,18.45864985,442.9323473,21.04595798,8.591327167,1
9159,270.2536428,5.000847548,0.633819004,0.515076061,0.953771369,0.265313679,44.89183317,258.2703839,16.07079288,10.74473331,0
6764,1637.789734,19.24391521,0.605799174,0.592143263,0.846087192,0.350670129,38.93036712,717.0190539,26.77721147,10.26406535,0
1428,61.69564367,1.482809904,0.879310537,0.826042737,0.953971839,0.682348002,25.85430822,64.29186392,8.018220745,10.88210638,0
7219,3645.268904,41.44160425,0.268173186,0.253455233,0.701178393,0.064277433,32.86527729,1192.568962,34.53359179,9.038493621,0
2525,1098.274938,17.04508617,0.451325872,0.414926877,0.893012148,0.172187391,38.97996936,812.5771962,28.50573971,9.735443931,0
484,2678.116963,35.00611721,0.255877793,0.235971832,0.743518256,0.055715581,30.86166526,1038.025352,32.21840082,8.385218266,0
2362,3683.811045,30.4419354,0.457065677,0.433624576,0.763261217,0.188132991,88.65692464,1364.68678,36.94166726,10.21435235,0
6234,2027.93997,20.40826381,0.539612843,0.51333847,0.83708267,0.263580277,73.07247025,914.9089469,30.24746183,10.62758687,1
4909,867.3269414,10.83113911,0.767469781,0.758737615,0.795955859,0.575707492,14.33639066,223.4630134,14.94867932,8.082169649,0
6191,859.5395313,10.76434235,0.64021339,0.591422262,0.862730446,0.34980165,45.54551371,368.5859257,19.19859176,10.69025075,0
4139,1274.164649,11.99516278,0.64888968,0.601738342,0.885137948,0.362112525,96.78288821,462.7806334,21.51233677,10.54546695,0
2461,1050.124593,13.93888459,0.530722541,0.468474317,0.863720848,0.219509335,45.99657449,458.4724601,21.41197002,10.80487946,0
4565,472.3293592,6.617200039,0.72925446,0.678953881,0.922953711,0.460990261,54.00648258,266.9608476,16.33893655,10.72501423,0
930,743.8645235,9.104279059,0.740631829,0.719047419,0.91806039,0.517045102,41.34901947,566.8760479,23.80915891,10.51776094,0
4983,3222.439046,29.48902417,0.476608184,0.45813909,0.793783941,0.209972029,83.6876197,1248.951625,35.34050969,10.44853954,0
9856,2922.775165,27.95523734,0.452775645,0.430577308,0.802724656,0.185488067,85.57707059,992.9914427,31.51176673,10.46547038,0
1507,2546.403299,23.50097463,0.52529584,0.496202154,0.79545683,0.246292096,87.16808452,889.8876367,29.83098451,10.69013338,0
5669,94.16471914,2.310560592,0.888283071,0.87204453,0.908228467,0.760466885,14.58272303,68.59401227,8.28215022,9.930509294,0
2690,56.10784343,1.865367794,0.779410819,0.554797159,0.933173533,0.307807877,10.83191236,39.33000956,6.271364251,8.905466226,0
6885,4793.501184,43.05358129,0.404641366,0.39549769,0.663284292,0.156553608,68.10070346,1910.433528,43.70850635,10.32313157,0
8912,3661.330796,35.91691507,0.417105407,0.404869099,0.730370953,0.164006849,66.25203119,1399.331104,37.4076343,10.39367423,0
8357,36.2764564,0.738993649,0.902807215,0.6709381,0.851660501,0.450165588,6.739744675,10.41135182,3.226662644,7.471055709,0
162,1899.803324,20.3938143,0.616308707,0.604608372,0.82001442,0.365600434,47.64421167,792.0753149,28.14383263,10.61312074,0
554,4052.270057,35.25861433,0.422339065,0.401364886,0.740311894,0.161191299,84.67174576,1487.047778,38.56225847,10.35430776,0
3296,714.773693,8.643070282,0.67232472,0.618466513,0.918239563,0.382519064,60.12166322,349.5459322,18.69614752,10.62014221,0
5305,1923.31682,20.35138848,0.524050689,0.491867828,0.823980235,0.242007061,74.67506472,758.9883982,27.54974407,10.75239713,0
979,3465.700093,26.46262187,0.607843109,0.554892624,0.822567633,0.307979216,86.57887283,1379.95428,37.14773587,10.26386374,0
3869,1298.827325,14.83946561,0.721610855,0.714252677,0.849032337,0.510178289,22.46693319,537.2716739,23.17912151,8.978920821,0
4884,2890.027651,31.30010319,0.465825459,0.455257878,0.731857101,0.207308067,29.27863022,650.175998,25.49854894,9.745042695,1
7603,1620.330219,18.96211317,0.559275763,0.531377268,0.825934459,0.282407385,56.6767828,600.2080004,24.49914285,10.74720022,0
2683,2640.714511,25.23842741,0.536338376,0.519772126,0.808457553,0.27023689,76.4108003,1043.269574,32.29968381,10.53284101,0
684,1870.128328,21.55965882,0.519507363,0.493043551,0.832816861,0.243127152,65.066928,700.8788747,26.47411707,10.68821226,0
3212,241.6533129,4.431824638,0.818074429,0.789676497,0.88233917,0.623595474,16.53794497,101.6026407,10.07981353,9.911903259,1
6120,3659.777419,32.20524766,0.502728663,0.490197543,0.759016063,0.240412408,75.68295905,1386.153756,37.23108588,10.43617604,1
9886,1065.584502,12.83489012,0.621533572,0.573951532,0.870839743,0.329455356,54.00255818,509.6739496,22.57595955,10.83885856,0
8710,1994.19186,21.95695784,0.468484278,0.43552601,0.836862381,0.18974322,73.76955359,839.8537821,28.98023088,10.67539538,0
4491,321.3497964,6.163517367,0.550171165,0.432618865,0.951116017,0.187173036,54.49749944,355.8535723,18.86408154,10.67753363,0
3810,553.1056944,7.684299986,0.67045371,0.603131841,0.917553814,0.363786513,60.59658024,308.0195065,17.55048451,10.71236221,0
1774,798.7292917,10.49567558,0.60816428,0.549593221,0.897188126,0.302085463,68.20184316,336.4843444,18.3435096,10.92201175,1
8916,1274.568919,16.24846308,0.578457913,0.548229607,0.876847341,0.300565233,46.17960372,630.6644461,25.11303339,10.59462001,0
9224,1374.138469,14.2796199,0.657843698,0.62965689,0.88740864,0.39649159,56.37980916,1108.721585,33.29747115,10.26407988,0
7042,2188.563237,21.63348132,0.509998917,0.47844194,0.848858672,0.228977898,79.14823676,881.9808968,29.69816319,10.65413304,0
5596,2076.498557,21.76172972,0.564455129,0.545257713,0.821318009,0.297366619,73.88201628,815.1534955,28.55089308,10.71368204,1
2285,929.004789,12.47558199,0.623470795,0.570357218,0.850011069,0.325323206,49.59766801,259.2548345,16.10139232,10.7634992,1
6275,695.6756281,9.579892585,0.727881393,0.709458112,0.877618273,0.503345249,23.22535356,356.7564724,18.8879981,9.367529977,0
7453,638.8517698,7.432054273,0.765812318,0.726685677,0.899661865,0.528090279,63.70939459,291.1698824,17.06370072,10.77523306,1
6258,2131.388662,20.04730543,0.621920049,0.604466936,0.843033663,0.365428354,83.06163743,750.8652457,27.40192047,10.64195786,0
3602,2080.246567,22.20278787,0.640873832,0.634462463,0.764287944,0.402575853,15.59952401,430.3771506,20.74553327,7.652591872,0
480,1668.809496,17.62731762,0.58053652,0.548995687,0.843696796,0.301459621,71.87763909,587.6559396,24.24161586,10.75707097,0
3272,344.0256196,5.302737747,0.653010355,0.527337921,0.940115183,0.278098569,62.87184653,172.5152831,13.13450734,10.48091356,0
4196,1363.426235,17.11386505,0.475584319,0.419561572,0.836186271,0.176090326,55.53742047,577.2738343,24.02652356,10.74968619,0
4435,2352.234869,21.22199607,0.530909707,0.490096548,0.83676658,0.240254745,92.55624588,794.1882842,28.18134639,10.40158081,0
5252,2153.813182,19.51976765,0.596630174,0.57089847,0.845425159,0.325970608,78.91936477,683.4027064,26.14197212,10.53576865,0
9299,204.7459632,3.740551596,0.754820575,0.618355221,0.928315677,0.382381156,46.09275283,129.4540256,11.3777865,11.16550288,0
9777,2094.671711,21.8977797,0.600556314,0.589344531,0.807864645,0.347361285,56.36857692,622.043277,24.94079544,10.71750415,0
8801,915.7833079,11.44854868,0.573971213,0.509567562,0.905763704,0.259687419,62.67225525,469.3405213,21.66426831,10.85610671,0
8005,2039.286219,21.78663449,0.635329128,0.62743885,0.783622985,0.393719676,19.91534592,496.6080321,22.28470399,8.787970747,0
1053,3334.155235,35.64681662,0.405365971,0.394006551,0.730693902,0.155287895,34.9389899,901.7540267,30.02921955,9.888101206,1
3575,2882.118015,30.03102602,0.50533275,0.494307982,0.695911071,0.244424034,56.65243986,1053.366489,32.45560798,10.48319316,0
4681,2093.674748,22.86622907,0.617435204,0.610214279,0.788096352,0.372380025,16.45977601,414.9562454,20.37047485,8.296835974,1
24,2258.163409,18.59739634,0.635354896,0.60709172,0.824680482,0.368618571,94.76857121,795.8198258,28.21027873,10.25212952,1
5928,2023.620228,22.0021585,0.480548866,0.445816443,0.809301696,0.198820999,72.14421803,756.052813,27.49641455,10.76826009,0
9253,79.31351806,1.764594549,0.863586089,0.800299602,0.928224902,0.640485571,18.89830821,85.27578613,9.234488948,10.1150533,1
1251,769.991134,8.322841058,0.863902685,0.860836696,0.746201134,0.74104643,8.390250871,126.4045361,11.24297719,6.491436727,0
1977,4916.046632,45.30077296,0.362528478,0.352505885,0.655770623,0.124432871,51.73248986,2054.155994,45.32279773,9.728865624,0
9321,126.1981353,2.348689743,0.911946987,0.901028878,0.882630011,0.811857567,9.6917409,70.73149123,8.410201616,7.577434854,0
4498,3501.565735,32.85876641,0.460428581,0.448220698,0.793279804,0.200986577,89.81839718,1851.139752,43.02487365,10.38020905,1
7364,1798.045706,16.59580809,0.62376846,0.598123672,0.862130819,0.357791187,88.4915281,654.103398,25.57544522,10.55711999,0
604,1086.195106,12.79880098,0.566463695,0.490244975,0.890332262,0.24037671,84.40918901,407.9672342,20.19819878,10.88370076,0
1511,900.2457711,10.10373677,0.728362682,0.698594645,0.876781626,0.488062901,65.32998832,381.3998712,19.52946162,10.79011393,1
6609,674.8814154,10.04302609,0.607004764,0.538523086,0.880649027,0.290051241,60.1368023,240.517757,15.50863492,10.58464199,1
5680,311.7471722,4.826386455,0.792322509,0.75245713,0.914963454,0.56620602,41.99863884,192.2561558,13.86564661,10.78133716,0
4428,2704.284354,24.38156783,0.559022949,0.53642889,0.781920531,0.287825467,71.43353022,1032.514029,32.13275632,10.57206986,0
9292,1319.496341,15.10654993,0.565015973,0.523447328,0.882945715,0.274031223,68.79624303,553.9582135,23.53631691,10.81493781,0
2910,2701.014569,26.48046801,0.496150135,0.476210981,0.804723948,0.22687589,81.6107535,1046.94826,32.35657986,10.44504742,0
2811,3038.80298,28.59419033,0.495411321,0.477182336,0.793543195,0.227776383,74.59921975,968.926582,31.12758555,10.61854775,0
8020,296.7104648,3.69239713,0.929681756,0.927473829,0.726471867,0.860210868,6.942551432,49.55240049,7.039346596,6.390362003,1
5053,1856.683027,22.83362402,0.477138305,0.455423645,0.841137888,0.207455076,48.62930027,906.7137937,30.11168866,10.09220664,0
5025,1402.70279,14.06712488,0.715128389,0.695678079,0.856712979,0.483992039,65.18201921,557.7219654,23.61613782,10.50958212,1
3443,991.3406976,17.0820371,0.323492177,0.265785852,0.870608529,0.0706764,36.53431165,743.1628952,27.2610142,9.550953577,0
9561,1376.580317,14.89129151,0.675775029,0.645938285,0.852853345,0.417259673,41.62761802,539.3538357,23.22399267,10.5314705,0
3150,4883.934287,43.21057618,0.357873698,0.344232795,0.665660291,0.118630293,78.81423285,1724.951719,41.53253807,10.33469796,0
531,1053.753294,15.86457331,0.483744897,0.446601716,0.900163742,0.199484325,43.66430946,905.6035502,30.09324758,9.676581736,0
7573,3875.242048,41.56955522,0.225236051,0.203977367,0.695444253,0.041682401,49.57277601,1545.486761,39.31267939,9.437143126,0
587,4016.261394,33.66728741,0.493774536,0.478515832,0.727917344,0.229126675,81.88123201,1169.878825,34.20349141,10.53473852,0
5162,819.134367,8.31583871,0.792233241,0.763735485,0.878569016,0.583307025,77.63726396,261.9948754,16.18625576,10.61540003,1
8451,471.986726,7.331306911,0.708730715,0.669981768,0.937758288,0.448892739,45.08497394,393.4580371,19.8357767,10.79001554,0
9147,943.5578601,15.3096811,0.364812013,0.271798705,0.827537806,0.073905896,35.05368227,432.6433185,20.80007977,10.24403624,1
1954,1983.976547,17.7474208,0.605806327,0.565911148,0.831001923,0.320307426,81.52438221,748.5320249,27.35931331,10.66437587,0
4839,4755.717512,44.36951892,0.382255514,0.372562717,0.606900854,0.138837493,22.4300811,1020.230366,31.94104516,8.069524634,0
3483,162.3456897,2.02191261,0.950559938,0.948197476,0.775563768,0.899083366,7.381871008,51.90827882,7.204740024,6.356897065,0
1739,3391.628471,28.59694234,0.497139105,0.469826414,0.756244289,0.220830401,83.82155905,1298.969487,36.04121928,10.50345106,0
2886,3518.487301,31.75202283,0.405049878,0.379956448,0.779708219,0.144482056,88.82261946,1314.166886,36.25143978,10.2336181,0
7864,2430.268937,22.06871118,0.567315264,0.53294412,0.80424193,0.284099149,83.72068341,738.9267281,27.18320673,10.74431623,1
3898,4062.28756,35.53930472,0.46946772,0.457288447,0.730398858,0.209228852,83.39984528,1205.498877,34.72029489,10.46792621,0
6796,743.490651,11.29588265,0.655147598,0.631211142,0.864317296,0.398446675,36.5478141,370.7546428,19.25499008,10.4267491,0
9880,3165.757355,30.93542546,0.392203964,0.360869276,0.75953858,0.130303175,75.40662687,1035.99119,32.18681702,10.67070999,1
8462,701.6098112,6.288292404,0.91085679,0.903470848,0.497741366,0.816265886,6.33893733,64.14988988,8.009362639,5.942781209,0
6853,3614.141011,35.02217816,0.460196641,0.45002318,0.736345857,0.202610952,65.07886794,1357.348785,36.84221471,10.50715597,0
2476,1301.141899,16.29051669,0.51125306,0.464236274,0.826269803,0.215582572,55.78185395,421.7759677,20.537185,10.68564157,0
1759,1358.936843,14.54313976,0.659075532,0.634114762,0.881380908,0.402125971,61.70654304,559.0140639,23.64347825,10.86105592,0
6785,787.2107672,9.01617033,0.751932772,0.724686954,0.914241335,0.525179252,44.19210375,479.9104095,21.90685759,10.77856106,0
6733,1640.463426,14.45623453,0.701159766,0.673826131,0.863819156,0.454068875,85.58332446,666.8050845,25.82256929,10.6652318,0
7884,84.9549631,2.504090522,0.698658856,0.489311236,0.929193769,0.239437206,10.71320605,55.70802369,7.463780791,8.326968532,1
4453,902.1369721,9.142729697,0.637280611,0.547319804,0.911290509,0.299583122,93.75551783,246.102433,15.68765225,10.98785348,0
4943,3810.029372,33.44895852,0.488492367,0.476922452,0.747575252,0.227563006,78.70645838,1352.764987,36.77995361,10.47926819,0
7910,3271.6774,31.4516802,0.419588159,0.394473792,0.755917532,0.155702194,70.53701331,1383.433056,37.19452992,10.33245346,0
195,2576.861756,21.64228567,0.65008801,0.636524308,0.79110667,0.405252883,80.60859828,795.3693467,28.20229329,10.5694376,0
9868,3292.808889,32.21782278,0.441602916,0.425292423,0.751083261,0.180967942,61.82036458,1426.050075,37.7630782,10.20363753,1
9663,826.5485566,9.680962728,0.75806267,0.739111247,0.882116849,0.546303821,60.61302921,323.0193051,17.97273783,10.63216322,0
501,1753.903816,17.72304923,0.656162199,0.638701816,0.845792063,0.407963367,59.06525725,563.5604936,23.73942909,10.75722569,0
4936,269.1795853,4.882894592,0.788000274,0.75546499,0.906425916,0.570733759,11.8616025,122.5391838,11.06974181,8.061325982,1
8424,4270.274528,38.23515988,0.420779952,0.407967707,0.708701319,0.166614975,68.56055564,1405.241104,37.48654564,10.53240467,0
7362,1223.154015,12.88313698,0.695825021,0.673344267,0.877981043,0.453410029,65.59930263,935.0585724,30.57872745,10.35336866,0
5465,398.5059148,5.000402925,0.793200361,0.750173858,0.936045349,0.562764588,38.76266114,246.6885072,15.70632061,10.90293902,0
7467,6074.402836,48.49825276,0.38555865,0.375238525,0.632505295,0.141005218,97.49224593,2284.304383,47.79439699,10.29706956,0
8746,2930.806758,31.19142566,0.407506571,0.383830612,0.718873112,0.147422219,52.80890082,1212.260842,34.81753641,10.30089751,0
441,3168.251639,31.34393178,0.475025019,0.461758476,0.76339473,0.213274938,65.81235143,964.7839738,31.06097188,10.63016678,0
1165,627.4850573,9.135689534,0.613927026,0.560433211,0.917129329,0.314109094,55.84253378,494.5401901,22.2382596,10.62808645,1
8568,1135.155889,14.05559156,0.718902775,0.711842771,0.844001678,0.50675296,12.97222789,293.0158512,17.11770578,7.172199427,1
5806,1924.364591,19.7594908,0.517200023,0.482066067,0.848940807,0.232443492,78.84033292,735.3494227,27.11732698,10.72698959,0
4735,362.4474596,5.836209597,0.710504522,0.641457449,0.933173438,0.411478067,44.3939072,243.6373558,15.60888708,10.7866525,0
9517,332.6364514,5.149458947,0.733207869,0.664956875,0.926313367,0.442171894,24.83911147,200.0988562,14.14563028,10.38635131,0
9317,1137.262279,11.56594647,0.641885905,0.580295175,0.876747704,0.33678081,93.23413602,284.8351901,16.87706106,10.84936651,0
3365,1640.623201,22.41241433,0.455482574,0.435779517,0.840008127,0.189922639,28.59250802,629.5883677,25.09159955,9.358979452,0
6826,2585.591909,31.2284746,0.335270202,0.313003074,0.781502143,0.098023896,40.53077141,1167.054357,34.16217728,9.186339089,0
2621,2513.251386,28.44489565,0.442693738,0.423381677,0.792805399,0.179295466,29.20566793,781.3385043,27.95243289,8.777806226,0
467,948.4646506,11.88672818,0.679374346,0.656197819,0.888122648,0.430627965,47.73013504,647.5356612,25.44672201,10.39839746,0
591,534.7002151,6.630635558,0.73345507,0.684929396,0.932093271,0.469146271,67.27613922,358.8680165,18.94381209,10.69361645,0
8390,2066.880358,20.05226724,0.703546164,0.697736472,0.763557242,0.486858371,10.2896842,352.1215296,18.76490154,6.086029392,1
4185,1046.004941,11.27541135,0.626968646,0.563310197,0.90200967,0.317353534,70.72246102,465.7241521,21.58064299,10.68577355,0
7832,3056.376613,26.84972324,0.50789111,0.483559159,0.783462105,0.233907629,89.74711246,867.2522041,29.44914607,10.55906487,1
9636,1197.760239,14.20987241,0.578623404,0.536537213,0.902837033,0.287895232,82.09479157,601.4127104,24.5237173,10.81531642,1
282,771.4175726,8.708672414,0.657591622,0.590888814,0.918982158,0.349166053,63.84427263,505.4597368,22.48243174,10.76812485,0
8397,2072.441635,21.55877841,0.525630858,0.498590231,0.822983913,0.248666653,80.02266679,674.3782143,25.96879309,10.72338597,0
4598,3101.407751,26.42950153,0.490181725,0.45355086,0.777938091,0.205813433,86.53609967,1196.719072,34.59362761,10.4151231,0
3639,2817.558082,30.12212479,0.430318579,0.409909591,0.762226157,0.168096077,52.14079244,989.8390553,31.46170776,10.51674177,0
9859,2237.172148,21.15617671,0.529784811,0.49398582,0.829369328,0.244082242,85.60297952,900.5551308,30.00925075,10.68655763,0
1756,1579.552133,19.80955067,0.576289517,0.563985226,0.85246628,0.318087215,9.020933559,178.4883149,13.3599519,6.096089806,0
6901,2162.991967,21.74348883,0.522025735,0.495954066,0.828569841,0.246021928,73.08808869,746.3947652,27.3202263,10.76642764,0
7941,1169.286425,11.17561627,0.714944104,0.690645261,0.897832588,0.477016673,91.99550429,408.6564585,20.21525311,10.56219404,0
7770,1148.65828,12.54412366,0.786234467,0.781197862,0.794227479,0.6102836,11.03865263,200.8275845,14.17136495,7.574715075,0
1701,2861.119561,26.09364262,0.487230181,0.459695512,0.802957546,0.211396943,96.00995293,1006.803343,31.73016456,9.993710024,0
960,2832.272503,26.47245534,0.625571355,0.617695649,0.677102175,0.381587406,15.1768645,441.3664153,21.00872236,8.258255918,0
4626,2552.785402,24.68862794,0.641352403,0.635253821,0.730581394,0.403556615,10.47412603,296.6012931,17.2221164,6.675654207,0
6206,3059.804302,27.58097677,0.485609371,0.459544635,0.797419627,0.211260394,91.48838922,1052.474717,32.44186673,10.22727877,0
8762,113.4293039,3.073133633,0.737077232,0.663368842,0.962865212,0.440063125,19.44967538,173.6750319,13.17858232,9.949883693,0
9564,3415.066464,31.44249612,0.498225487,0.48696319,0.772900881,0.237210045,88.66346692,1165.357109,34.13732721,10.38069845,0
5694,5863.237222,48.85468356,0.358008818,0.347978413,0.643420566,0.121235108,89.80039337,2375.561957,48.73973694,10.32243037,0
3600,3004.056549,27.49231844,0.465971749,0.44249098,0.813255009,0.195861573,89.30849539,1104.515782,33.23425616,10.25260783,0
8126,710.7783452,12.01591674,0.549167311,0.508864023,0.93547441,0.258960033,32.52264133,802.7389939,28.3326489,9.08616398,1
6926,195.6852613,3.614088028,0.78377219,0.724248777,0.954614768,0.524544343,47.43236461,203.2982248,14.25826865,10.92001539,1
4066,1765.458196,17.95713145,0.497954534,0.437632981,0.815565063,0.19160005,76.83815059,787.0950247,28.05521386,10.6484447,0
910,2500.416352,27.67344019,0.469110745,0.452213958,0.795892181,0.204557857,55.26780584,1086.29478,32.95898634,10.20763816,1
8636,1607.38734,15.06859246,0.575928017,0.52526179,0.869349737,0.275936454,86.90665537,683.5057521,26.14394293,10.74200099,0
6010,861.5027327,9.030913392,0.786846327,0.768105207,0.883108831,0.590000036,63.43094063,467.4153156,21.61978991,10.69078506,0
226,2593.913239,28.82876029,0.453041032,0.438262454,0.802574949,0.19211311,34.95318589,978.7711102,31.28531781,9.199677742,1
7257,2429.017385,19.83846134,0.61860421,0.591661454,0.844372296,0.350118862,102.347419,807.8115304,28.42202544,9.890966109,0
1360,973.7300442,11.51820999,0.647192785,0.605379996,0.890001192,0.366515435,66.09682746,501.5948624,22.39631359,10.88712562,0
2768,750.2140457,11.95749564,0.552226816,0.498739163,0.897076921,0.248763878,29.38697318,480.6851177,21.92453232,9.540416146,1
7260,1495.463623,20.82629479,0.47612043,0.454043227,0.839314824,0.206233738,38.20273669,669.1720984,25.86836095,9.917407186,1
2277,2353.226573,21.41176009,0.591953107,0.569472533,0.821259349,0.324364509,90.78767375,730.2558592,27.02324664,10.49578471,0
1657,273.3042276,4.571716339,0.712280924,0.556654998,0.920043759,0.309885764,51.1968202,136.0791471,11.6652967,10.38450117,0
9100,2378.768416,21.78278061,0.427682431,0.372573259,0.81088745,0.138908366,89.29320388,892.9086181,29.88157657,10.43220171,0
2596,3801.029809,35.75824944,0.441648358,0.430321075,0.741162987,0.185291557,66.68216541,1415.662935,37.62529648,10.4872994,1
8154,1067.423051,12.69460355,0.621716915,0.581461112,0.881628336,0.338127906,52.28851266,514.7248821,22.68754906,10.66673376,0
7471,473.833857,6.762280814,0.683568932,0.616204637,0.924313035,0.379732554,62.51632764,256.8432959,16.02633133,10.81520548,0
4842,497.9329774,5.657713,0.902302985,0.900300852,0.817348411,0.810545064,6.46025553,91.16217227,9.547888367,5.507109893,0
4946,242.3068473,4.607165065,0.725667951,0.620134554,0.926846128,0.384583099,40.14197049,170.3414261,13.05149134,10.93379783,0
3253,4102.39792,40.92879271,0.350271434,0.338280655,0.67075899,0.114507205,38.20909971,1205.303034,34.71747448,9.472311512,0
664,613.7286599,6.822340219,0.622795223,0.508026285,0.943920383,0.258108391,83.96330275,576.100422,24.00209203,10.93569936,0
4706,2142.174475,20.1883449,0.554355353,0.527971258,0.853006206,0.278830979,87.086466,878.7192301,29.64319872,10.39696479,0
489,45.14568442,1.639728195,0.719739469,0.435647122,0.952621719,0.189798246,13.66251543,56.15256888,7.493501777,9.445925751,0
9070,4973.472787,44.8572554,0.365210659,0.354496476,0.650408647,0.125795307,65.67358592,2095.457363,45.77616588,10.09936949,1
5459,559.1279722,8.670981446,0.634879456,0.572538317,0.903206241,0.32782442,48.99816292,354.4373061,18.82650541,10.61347934,1
1861,3171.293002,28.69845067,0.488468849,0.468930555,0.791687436,0.219989953,82.03368099,1096.359884,33.11132561,10.48804743,0
2466,1438.861732,14.38572675,0.598911209,0.56106409,0.88199817,0.314846776,98.56848769,502.6491499,22.41983831,10.24724127,0
4305,1206.91659,13.90200254,0.579827927,0.541907264,0.891953358,0.293698369,72.52920439,559.9224584,23.66268071,10.75719014,1
8184,99.77548623,2.930544683,0.653351942,0.46483715,0.959098603,0.216081568,21.07190434,171.5517081,13.09777493,9.499710849,1
6340,2636.28657,27.56665561,0.375905678,0.337957483,0.778531824,0.114299456,70.96622576,1316.710687,36.28650833,10.51598061,0
4662,1005.846536,11.47303894,0.655027133,0.616983138,0.905473568,0.380692003,65.14035974,461.1195323,21.47369396,10.74018344,1
2794,3834.17932,35.04574537,0.448640703,0.435375662,0.710025077,0.189652096,68.49704835,1354.8048,36.80767312,10.46153502,0
9094,845.1386797,9.619320124,0.733824174,0.698951542,0.886230548,0.488545773,67.88447352,301.2432477,17.35636044,10.65845283,0
2087,3520.422702,32.13134971,0.491606913,0.479875501,0.769284994,0.230379412,74.16017052,1214.357696,34.84763544,10.49693552,1
1645,2291.890138,24.11387124,0.522137549,0.495668357,0.816960989,0.245749651,70.45176767,872.2909919,29.53457282,10.83786265,1
8758,927.1539272,13.62267506,0.566144169,0.534485626,0.9151696,0.28570141,34.42333095,862.3373029,29.36558024,8.841815673,0
4339,1340.831588,18.70754069,0.567490004,0.554206551,0.871857337,0.307161293,12.02947589,275.2278745,16.5899932,7.063232079,0
2311,2211.523394,19.37035817,0.515125184,0.461121595,0.846859846,0.212694367,94.51587813,954.469416,30.89448844,10.13406541,0
572,340.3810204,5.819897288,0.732561083,0.686697705,0.921528476,0.471564153,36.83786466,245.2011057,15.65889861,10.67568213,0
5434,5018.062198,42.87366073,0.392899468,0.381740817,0.684827996,0.145893266,79.64188891,1850.382061,43.01606747,10.36360396,0
355,2280.676686,20.26799563,0.554458617,0.518257951,0.835399302,0.268668777,81.04833583,925.7992439,30.4269493,10.54195124,1
3080,3839.154389,37.19920996,0.354528527,0.337295909,0.749355135,0.11388812,69.45626492,1434.899966,37.88007347,10.4799101,1
8280,3111.901514,27.54942407,0.502159926,0.475574045,0.770621785,0.226262794,87.28895997,1097.181519,33.12373046,10.48692232,0
9210,1006.977698,10.29250354,0.650220717,0.584810817,0.899300778,0.342024878,76.44243266,396.2286209,19.90549223,10.74035252,0
3105,279.7395736,4.276548698,0.763253212,0.667587833,0.937799397,0.44568598,54.94568783,222.5917866,14.91951027,10.39207685,1
5844,3540.76539,33.43129694,0.397114977,0.378350968,0.777831732,0.143241052,80.63586799,1323.171045,36.37541814,10.34147837,0
6712,1367.942498,14.50068082,0.659606022,0.636002452,0.837939896,0.404553177,69.35953518,539.1902637,23.22047079,10.67355954,1
9095,1934.915628,20.46522357,0.49690608,0.45831066,0.846632913,0.21010328,65.98075183,709.6298939,26.63887937,10.82113416,0
8013,3182.736026,35.50515846,0.350717338,0.33591454,0.749771067,0.11290288,45.34013784,1291.021556,35.93078841,9.689051336,1
8542,893.5606089,11.34669456,0.710458476,0.691466139,0.872934253,0.478140654,56.91462221,261.2270365,16.1625195,10.92838574,0
6319,229.582813,4.569148222,0.670968036,0.489657896,0.926151943,0.239794755,45.48591618,114.9998016,10.72379605,10.91392649,1
8951,1268.615575,12.82836283,0.616167239,0.569158044,0.893886628,0.323969851,92.67244838,544.0549184,23.32498485,10.61977458,0
4500,5425.799861,43.98410242,0.46587246,0.458394665,0.621775048,0.210273015,86.35069689,1938.307956,44.02621897,10.38199716,0
9455,3946.525233,35.26784087,0.428017046,0.412020925,0.764402178,0.169851565,91.91740761,1277.211925,35.73810187,10.29508388,0
8062,166.079663,3.455481206,0.762576531,0.697629794,0.953582093,0.486694042,34.93338268,260.1893516,16.13038597,10.53529243,0
353,91.15430043,2.760245164,0.660698972,0.384335247,0.946305583,0.147727925,32.14657344,80.69437664,8.983004878,11.04060681,1
2859,3964.242855,35.1687602,0.451699218,0.438742816,0.740315375,0.192607659,78.49046759,1503.294862,38.77234661,10.36644466,0
1541,636.7391768,7.42202962,0.663578969,0.552595576,0.914739408,0.305383749,77.76904484,219.356604,14.81069222,10.96200754,0
6772,3993.989087,34.44773765,0.449917444,0.433749282,0.743710859,0.188309134,79.31567296,1307.953885,36.1656451,10.48068124,0
3565,1407.820024,14.02695033,0.583369284,0.529719239,0.892487313,0.28062924,92.207099,614.8266928,24.79569908,10.4664163,0
1058,4004.335552,37.59546606,0.424928337,0.413236915,0.711688177,0.170841698,57.01456883,1126.052064,33.55669924,10.47111465,0
5805,481.9207201,5.45104385,0.807965842,0.783096338,0.950422978,0.613243405,75.96423724,366.5544169,19.1456109,10.40517356,0
7975,1394.625746,13.96947864,0.469580398,0.38469456,0.896986324,0.148027493,95.82447704,842.395977,29.02405859,10.00087758,0
8504,1084.016971,11.3080794,0.705767801,0.674016943,0.893070532,0.454325332,71.61341603,537.7113313,23.18860348,10.833443,0
2121,2027.41702,19.65606339,0.498456746,0.466154282,0.876539772,0.217349778,91.17410515,934.6894908,30.57269191,10.21056668,0
464,921.2998242,13.93152484,0.482715661,0.426402704,0.896191164,0.181848303,42.28479693,715.0314593,26.74007216,9.961669128,0
179,2774.478808,23.41864107,0.606544001,0.589917808,0.796202885,0.34805956,89.60051932,919.5161568,30.32352481,10.40847615,0
1442,3455.635386,32.802773,0.503463606,0.494016722,0.717083938,0.244088523,25.70586002,703.5622124,26.52474717,9.220712668,0
7186,1730.552519,19.24664854,0.661180391,0.654052649,0.827315547,0.427800432,10.63558976,272.2134748,16.49889314,6.486416824,0
866,626.4101979,9.732693714,0.60489495,0.553364742,0.921302361,0.30622679,43.03377495,460.0726412,21.44930398,10.76655977,1
3384,864.9108461,8.875135445,0.793325538,0.774468208,0.878173164,0.599815754,77.60048373,349.0896957,18.68394219,10.77426171,0
5868,45.23002847,0.448282114,0.990127237,0.988094865,0.26064513,0.97633167,4.140214511,2.047267336,1.4308275,4.161915356,1
3972,275.0316406,4.469917679,0.86786618,0.86039145,0.896611151,0.740277469,11.28443028,161.9790294,12.72709823,7.242423975,1
4987,2185.980599,21.8090474,0.585259754,0.569145529,0.821287871,0.323984494,71.38320929,688.0685346,26.23106049,10.68131912,0
7217,2741.987136,27.90485092,0.492244431,0.476144508,0.771355127,0.226805738,61.02785924,985.7310846,31.39635464,10.69846912,1
2066,573.131651,7.280224742,0.819268713,0.799437781,0.8594709,0.63910528,39.96966702,243.4611791,15.60324258,10.71645196,0
7845,45.34225345,0.698503983,0.971470576,0.963351931,0.882242107,0.928047154,11.80900854,59.00670114,7.681581943,9.09100593,0
5943,4913.832043,40.70749672,0.42036814,0.408329907,0.693778554,0.166857057,85.5608895,1707.267318,41.31909145,10.4058523,0
8309,6761.85365,54.02382399,0.371123504,0.363365136,0.501297849,0.132245125,80.34130676,2615.821605,51.14510343,10.27343228,0
9565,4430.189723,37.22911429,0.447705656,0.434456046,0.709746805,0.188885127,83.49371947,1459.909217,38.20875838,10.41055585,0
1508,2720.69762,27.5900499,0.497061784,0.480840937,0.783858324,0.231245541,46.81346322,797.6833876,28.24328925,10.32097317,0
533,121.7032237,3.052932912,0.741275713,0.603156963,0.938290427,0.363818375,31.46750271,84.06662149,9.16878517,11.04492068,1
2502,1376.784116,13.54452782,0.668067557,0.63886469,0.882788361,0.40817343,82.02628914,635.6781013,25.21265756,10.63658938,0
4149,105.1475122,1.524603672,0.946738981,0.933818698,0.451040203,0.872019374,4.753362037,4.745633331,2.178447459,5.119633992,0
6542,466.6477478,3.997589297,0.942730783,0.939768119,0.626260987,0.883167836,4.941834393,29.00690456,5.385805841,4.719134038,0
519,4016.275282,34.7949953,0.462095801,0.44888545,0.725744356,0.201603639,83.34230392,1467.59072,38.30914669,10.41097413,0
3215,1889.446784,22.37007771,0.548124847,0.533721949,0.838315953,0.284872593,28.02406923,657.6229671,25.64416049,9.222247625,1
9395,1747.523584,19.65751878,0.541556739,0.511079471,0.854922045,0.261237286,60.62129009,844.2835291,29.05655742,10.69046288,0
5462,2087.581568,20.48279459,0.509502452,0.465947764,0.823076504,0.217190379,77.22485755,784.4818016,28.00860228,10.67025226,0
325,237.6182606,2.960492065,0.812917221,0.71511758,0.887018592,0.511402471,22.33799238,112.4689543,10.60513811,10.57138501,1
7662,821.4915037,13.02924159,0.525844024,0.484844778,0.918168391,0.235110471,34.01884582,678.1855642,26.04199616,9.634579116,1
1086,322.5890026,4.798787815,0.825179367,0.80116044,0.925257704,0.641872964,42.43374969,280.6977294,16.75403621,10.7366786,0
7053,2236.437839,21.14074518,0.615409055,0.599508186,0.822348134,0.359453636,70.80501218,564.4844874,23.75888228,10.50652132,0
6992,3099.77716,28.36349941,0.443417936,0.411837387,0.779542521,0.169684672,80.30392952,1147.979461,33.88184559,10.55079267,0
6985,285.9915359,4.950469369,0.742233671,0.679001069,0.931077646,0.461048565,38.08043118,202.8335698,14.24196509,10.80379924,0
9155,2351.265365,19.38744659,0.707542469,0.67355358,0.84807383,0.453716638,72.61879408,1013.216071,31.83105514,10.51050083,0
3230,1159.861513,14.04645088,0.646685689,0.627389686,0.885329171,0.393631623,42.22328788,551.1299823,23.47615774,10.40710315,0
3184,1072.964745,11.18405318,0.658480356,0.593293811,0.900678924,0.35202837,84.04378389,510.1670326,22.58687744,10.82088093,1
964,1293.697436,13.82017433,0.68169428,0.663311945,0.881235396,0.440003616,52.61826298,439.2735778,20.9588544,10.9078038,0
477,65.45541915,2.117120243,0.785530153,0.655970962,0.954544799,0.43030793,22.84208371,98.80336897,9.939988379,10.38458957,1
2318,3497.851439,29.59350446,0.464835394,0.439006768,0.761199509,0.192841702,92.14611804,1117.294212,33.42595118,10.25307487,0
5773,936.9581072,13.04104559,0.606984643,0.579191186,0.900979085,0.335483937,25.52444886,566.3966756,23.79908981,8.790124313,0
2045,340.7722004,6.398727368,0.601706321,0.524671289,0.952825145,0.275294784,41.67707138,339.9197245,18.43691201,10.78822155,0
2721,2178.928069,27.21727258,0.410089447,0.390759399,0.812803316,0.152758839,31.70826326,860.0368381,29.32638467,9.262121504,1
8205,1909.733646,17.15986266,0.57557085,0.536260384,0.867078314,0.287618678,99.08493485,785.3340071,28.02381143,9.730087255,1
2619,3170.002435,26.91519119,0.57796795,0.565021,0.783289418,0.319357532,81.69127787,1087.303295,32.97428233,10.50150581,1
383,2061.925544,20.29423468,0.700932714,0.696017765,0.739909901,0.484456936,11.37781955,348.0801012,18.65690492,6.830316998,1
775,1814.707762,18.72000423,0.419772119,0.350852839,0.866262045,0.123150092,84.29760072,932.8243797,30.54217379,10.50629722,0
395,2519.469303,28.21935021,0.43071958,0.41033263,0.797181018,0.168436371,52.48367953,1044.72583,32.32221883,10.11576579,0
1057,4241.828549,38.48332252,0.381590467,0.366443898,0.732163818,0.134399245,85.91212705,1511.252803,38.87483508,10.33459894,0
8707,4193.185084,35.22728419,0.479836265,0.466280082,0.729687923,0.217522217,84.08474979,1440.744645,37.95714222,10.4289972,0
7283,183.7170103,3.340718637,0.767432526,0.599436519,0.928210173,0.35934103,46.3298865,85.80041269,9.262851218,11.33681824,1
898,1730.266517,19.35806151,0.628662966,0.614850753,0.802210755,0.378056166,57.7334066,396.8470894,19.9210213,10.67047007,0
5203,1586.77569,15.1172133,0.589061875,0.523916642,0.850682382,0.274541149,81.42253896,741.7876257,27.23577841,10.7091251,0
6585,2468.904856,23.07099777,0.567668749,0.542524247,0.801727222,0.294380836,78.31426121,845.6049071,29.07928656,10.7696307,0
2232,1388.593167,15.25837706,0.568401481,0.529970633,0.884732939,0.280921685,75.65737509,538.5087512,23.20579133,10.74417073,1
1094,2017.160772,22.34384413,0.624855294,0.618211914,0.796469518,0.382205037,12.8753021,400.8753446,20.02187166,7.180894999,0
5841,60.38141632,1.896932464,0.739125139,0.410559424,0.950477001,0.168578769,29.44110663,51.91228792,7.205018246,10.53171979,0
2989,4786.860857,40.66855234,0.3857145,0.371790667,0.724351235,0.138371444,84.67243818,1701.951267,41.25471206,10.34818495,0
8668,230.6080258,3.753287543,0.772444788,0.678040826,0.931596286,0.459750431,45.83893487,139.7336118,11.82089725,10.8514355,1
4554,212.7944928,3.012873444,0.870251906,0.846839514,0.814391731,0.717140657,7.142151706,36.52686512,6.043745951,6.537483625,0
4109,4398.019554,37.21252576,0.416705031,0.399914614,0.72110478,0.16009293,81.01118032,1458.633959,38.1920667,10.36152904,0
398,1600.802176,15.09492904,0.595026835,0.539685474,0.86367241,0.291311033,92.18442287,513.9188685,22.66977875,10.74208371,0
3702,29.44702343,0.219159996,0.996546154,0.996315938,0.323619431,0.992645496,4.02163558,0.455633988,0.675006657,4.019235863,1
8873,1445.639101,17.0604338,0.596218278,0.572624276,0.865560981,0.327917041,36.6481753,464.056594,21.54197284,10.75651439,0
7878,3175.850011,31.03552833,0.460217217,0.443713979,0.779656122,0.19692871,56.67235848,1001.792682,31.6511087,10.53778504,0
1341,399.234814,7.336997614,0.630933382,0.564077912,0.922064471,0.318205526,41.97025658,270.242722,16.43906086,10.7307628,0
4845,741.0140823,12.68236187,0.488601614,0.429026755,0.888507594,0.184090145,28.1515502,441.432399,21.01029269,9.514973519,1
3367,3949.090625,33.39225026,0.501282855,0.486875174,0.729579378,0.237149746,85.92251971,1425.472816,37.75543426,10.48515057,0
8072,4102.562781,41.59443388,0.348128125,0.337480993,0.694694696,0.113974364,51.2549688,1593.969596,39.92454878,10.17367358,0
227,948.2063156,10.20868302,0.672824742,0.625914058,0.904302764,0.391801296,70.03899679,537.3695605,23.18123294,10.82438822,1
886,435.5887953,6.447249533,0.712537397,0.647477198,0.927566509,0.41927417,55.61222665,299.9626967,17.31943119,10.75662878,0
3804,3059.35987,30.3071144,0.448102775,0.430347611,0.796017334,0.185268586,80.47572257,1136.376416,33.71018268,10.51629116,1
9308,1033.506363,12.11627453,0.683092274,0.640370048,0.842272771,0.410105439,60.57638604,320.6659546,17.90714814,10.60093341,0
662,401.882398,4.220987696,0.929790292,0.926028088,0.586121261,0.857532725,5.622949945,38.13658736,6.175482763,5.429157027,1
1546,4096.229648,35.50333486,0.429056128,0.412266501,0.721333373,0.170097495,81.76384595,1452.653741,38.11369493,10.47989954,0
4361,1749.057655,19.4334068,0.615780154,0.59911788,0.813685319,0.358980361,57.84823384,575.5927131,23.99151336,10.68528249,1
7692,413.6528455,6.76788304,0.701496487,0.651615258,0.905243752,0.42461503,35.92358087,220.4533077,14.84767011,10.82185235,1
3385,533.8752327,7.835183707,0.730193557,0.689527562,0.877579136,0.475465194,39.51240481,248.7508111,15.77183601,10.84798314,0
7935,611.2115706,7.834715506,0.667400631,0.595767109,0.926774,0.354958271,59.28885476,378.6083111,19.45785988,10.62830953,0
6058,1971.359007,20.0488595,0.499764442,0.463935637,0.843309806,0.215304397,87.72138451,584.0879957,24.16791252,10.52992965,0
7531,1227.851149,16.04059364,0.60100338,0.583093101,0.882660795,0.340015526,43.54857214,808.8362013,28.44004573,10.27320948,1
9501,1980.406701,20.16948022,0.476456914,0.429378448,0.849446894,0.184423563,78.03670408,747.0895619,27.33293914,10.81180131,0
6334,1436.336603,16.91639151,0.55514014,0.529497914,0.89249402,0.280392966,80.35290158,666.609853,25.81878876,10.70593214,0
203,1653.335246,16.8372656,0.62494936,0.589459442,0.835399153,0.347515495,75.09653475,563.1746607,23.73130129,10.67441051,0
5677,933.9852209,10.44965478,0.638170138,0.57561351,0.900118611,0.331348817,60.89704349,359.0995705,18.9499227,10.56088521,0
9934,40.79788699,0.407662307,0.993709993,0.993532568,0.873106475,0.987106984,4.142928988,9.640202968,3.104867625,4.037916251,0
2150,2608.054316,24.61736326,0.478251194,0.444067524,0.821161968,0.197275751,89.79743551,843.4283107,29.04183725,10.23359935,1
2834,1085.892252,12.54774804,0.613455573,0.570924646,0.897322851,0.325979462,63.90753066,530.2701132,23.0275946,10.8523497,0
5191,3497.846513,28.84278124,0.498888487,0.473816969,0.788500029,0.224577209,104.7139997,989.1345631,31.45050974,9.883917983,0
4825,3894.411153,35.07658273,0.387025599,0.365482541,0.75326104,0.133695141,86.60875681,1159.41618,34.05020088,10.31759315,1
8806,984.3260431,13.23388156,0.572384345,0.528374731,0.891595085,0.279213285,55.68413046,685.3121543,26.17846738,10.68842808,0
5964,664.3250024,7.005489697,0.718022177,0.654362029,0.92383799,0.428202327,78.73151,323.155842,17.97653587,10.72401119,0
6880,639.4031798,9.139419207,0.723314463,0.700089893,0.906942367,0.490133004,17.92767582,359.0638012,18.94897889,7.992236269,1
3751,163.1766662,4.404590414,0.595617678,0.467783823,0.965004652,0.218833311,30.48376758,328.2871641,18.11869654,9.975595739,0
813,1505.672717,15.73150463,0.675265595,0.655996089,0.831660738,0.430375232,50.72393725,568.4577324,23.84235165,10.77103608,0
2603,138.4629921,3.980159118,0.549935482,0.377144698,0.95333321,0.142251298,28.52559293,244.6487855,15.64125268,10.1633883,0
8699,4523.488394,37.64007389,0.46653941,0.4541057,0.703359868,0.206354415,78.82132977,1561.131961,39.51116249,10.44855848,0
7128,871.9721318,9.201893008,0.6172851,0.531123423,0.919951946,0.282117617,84.95006046,433.4557853,20.81960099,10.74682486,1
8283,4470.344912,39.57034169,0.41195352,0.399762373,0.711293084,0.159940346,77.71136948,1730.025083,41.59357021,10.4165365,0
4684,1105.165509,13.77532253,0.552129559,0.479968382,0.885558152,0.230391111,50.24896699,530.8016088,23.03913212,10.88557731,0
1040,2766.793753,26.52545248,0.535113843,0.519085709,0.805744338,0.269547007,77.5774077,949.4351262,30.81290519,10.6352382,1
2663,3619.096773,34.7370068,0.430940734,0.415801913,0.744913948,0.172996293,74.66939573,1207.142285,34.74395322,10.56780398,0
8689,2271.858821,19.39173556,0.624717448,0.599709652,0.835453889,0.359697707,91.27350327,809.9144281,28.45899556,10.3741283,0
7211,399.0883498,7.881338792,0.618188396,0.565456646,0.909599228,0.319753728,17.7888908,290.5505565,17.0455436,8.28381349,1
8407,2042.60258,20.92967034,0.564804316,0.54508917,0.826292465,0.297211687,82.07934157,738.3613843,27.17280597,10.53580838,0
7786,1536.663357,14.47537363,0.602099527,0.558341458,0.876357794,0.31178213,92.30705937,659.4959504,25.68065323,10.54633383,0
6863,4081.89126,39.7896019,0.397578742,0.387127176,0.685948338,0.149945845,31.09819548,1073.629397,32.76628445,9.643022088,0
6017,153.7280991,3.237667452,0.855612414,0.843178727,0.897664603,0.710953423,8.903557475,54.49141856,7.381830299,7.593839759,1
8073,574.420547,5.487856115,0.917744053,0.915672572,0.758408759,0.838458928,5.401715646,55.86852658,7.474525174,4.897026456,1
3849,1998.041847,20.33728088,0.48722341,0.4447608,0.829493116,0.197879859,75.02340404,790.0955669,28.10863865,10.65565023,0
4698,3281.663598,34.74422145,0.368608992,0.350731808,0.751791414,0.123080569,46.71440293,1276.456367,35.72752953,9.753413297,0
8771,77.53008718,0.498911833,0.994345292,0.993847652,0.433825402,0.98773325,4.071869976,3.940348171,1.985031025,4.031175611,0
5068,1353.273907,17.36673503,0.588715889,0.569576826,0.858761203,0.324437767,23.01502553,525.5241063,22.92431256,8.579851525,0
9450,1258.726041,16.59565686,0.529264283,0.481354758,0.876666751,0.23172553,35.37050395,639.0028948,25.27850658,10.00053111,0
5458,97.33691965,2.757216169,0.704128938,0.501019084,0.917934848,0.251041398,19.63581846,56.17091239,7.494725638,10.65168556,0
4252,937.1522706,10.58656688,0.651869076,0.603299921,0.896507856,0.36399707,69.68548675,373.1260111,19.31646994,10.65001027,0
9815,3448.52711,30.35916022,0.478170065,0.453522681,0.759756757,0.205784466,77.21275553,1333.146362,36.51227687,10.58166879,0
950,712.9385452,7.479338653,0.672349144,0.577078055,0.923570602,0.333033529,80.60321693,355.6978011,18.85995231,10.82880904,1
9407,2412.752488,21.82120622,0.454799703,0.393052736,0.828744133,0.154582026,95.42611174,938.851154,30.64067809,9.938126715,0
7741,1526.993975,14.67070219,0.60161466,0.552154113,0.883342399,0.304909622,98.94907844,549.7814619,23.44741909,10.14215294,0
5378,1490.131967,16.29110022,0.529833924,0.472786055,0.872399776,0.223564393,89.06720324,692.2719502,26.31106137,10.76830532,0
3796,1493.256504,18.39338792,0.615483103,0.60274786,0.825501238,0.363325937,23.76461226,485.3013745,22.02955684,8.978495243,1
5246,813.5728328,9.630708852,0.8116134,0.805965254,0.810314159,0.649589397,23.98423519,309.2455364,17.58537848,10.17509081,0
8418,364.8159464,5.586099593,0.72635345,0.648990058,0.934395115,0.42120161,37.34241493,372.4755792,19.2996264,10.44373214,1
1619,415.072175,6.992161656,0.63647057,0.557099685,0.922197945,0.310391564,52.08983036,231.5398657,15.21643407,10.70416372,1
562,29.98609764,1.53788225,0.766672384,0.550620971,0.962068063,0.303198723,10.38494337,46.65808109,6.830672082,8.150556972,1
2655,5197.960089,42.66064755,0.466977501,0.459700026,0.655452392,0.211426751,93.56579452,1864.651652,43.18161242,10.38392997,1
560,619.9507136,10.44145767,0.489154095,0.408913142,0.940991408,0.167223627,43.18018703,978.9763579,31.28859789,9.505017285,0
112,3446.988984,30.57667688,0.424198027,0.394233441,0.771617096,0.155516871,92.84631637,1029.679801,32.08862417,10.19810718,1
3668,2072.290539,19.41624164,0.510274,0.468371583,0.851677486,0.219432941,98.82233105,776.1237716,27.85899804,9.881967471,0
6256,81.98958726,0.829123823,0.984663744,0.982546046,0.386484852,0.965396936,4.643067397,5.878232491,2.424506649,4.820093659,1
5663,1399.713306,16.41720392,0.476508681,0.424241616,0.885681776,0.180031452,78.41097303,823.7824226,28.7016101,10.73456366,0
3061,1291.43096,13.04886256,0.636055097,0.588413641,0.864108203,0.346278449,77.31864758,534.1448654,23.11157427,10.79459977,0
330,4307.148968,35.04164011,0.439033704,0.417591863,0.733796572,0.174488861,100.2256667,1483.390753,38.51481212,9.916855961,0
444,2023.546515,19.53821397,0.584636656,0.558658611,0.852292991,0.312146214,79.90892318,981.6164954,31.33075957,10.51252029,0
4147,3852.90988,36.85337561,0.409282333,0.395408527,0.735183206,0.156438565,57.62897113,1299.052227,36.04236711,10.3539979,0
589,88.95480373,0.661627042,0.990887908,0.990019047,0.396978544,0.980137843,4.242037093,4.448146198,2.109062872,4.251555388,1
7449,3716.817866,30.99991459,0.403394737,0.369628688,0.76525546,0.136742956,95.83759241,1311.646247,36.21665704,9.865242554,0
2506,1646.07099,17.8689939,0.532313971,0.496057533,0.849798333,0.246137926,73.62778524,697.1904505,26.40436423,10.74458908,0
1749,678.004404,9.443475386,0.688200143,0.665242623,0.897587507,0.442556493,15.83778724,286.0620432,16.91336877,8.444559586,0
4980,186.8492975,2.535304064,0.914323968,0.904430069,0.779776467,0.817995394,5.831082565,31.06759119,5.573830926,5.405407879,1
6398,599.4513829,8.198360553,0.749876208,0.717189935,0.877066062,0.514386786,44.20272767,289.1050938,17.00309071,10.77389241,0
8058,1846.725495,17.55993113,0.579958602,0.543056291,0.849549567,0.294972822,79.78774271,650.2116828,25.49924867,10.72906236,1
6682,1336.984639,14.32532872,0.67479613,0.652477304,0.848362004,0.425762956,72.47422418,545.0119507,23.34549101,10.75110078,0
9600,1806.067232,16.23790785,0.709068048,0.693247935,0.833782654,0.480633063,82.13875467,657.9731737,25.65098777,10.66797684,0
5741,2768.691318,26.05115275,0.559624571,0.546083495,0.788692316,0.298291993,75.45077135,956.1278391,30.9213169,10.65377621,0
7281,364.3159958,5.629692842,0.720771643,0.655737789,0.92161959,0.430009931,63.50889732,129.3241573,11.37207797,10.38845414,0
9503,3418.960453,30.04570188,0.429504889,0.404962793,0.792624388,0.164086929,86.71338901,1303.033023,36.09754871,10.34053655,0
9881,297.2158407,3.787574241,0.829444525,0.777538243,0.936646436,0.604568686,57.17774466,182.6715526,13.51560404,10.70502727,0
3417,592.5926415,8.383025902,0.607873989,0.521256203,0.921630503,0.27173246,54.04783204,397.2761238,19.93178677,10.66139998,1
8569,700.2922254,12.06804948,0.585517443,0.554607171,0.854457642,0.307608814,26.02179271,261.6970215,16.17705231,10.17982901,1
9050,478.2648989,7.525245575,0.709568306,0.665810639,0.914647997,0.443318105,40.18909884,402.577105,20.06432419,10.60238359,1
5309,2225.677778,23.46921864,0.538852928,0.521960378,0.827487945,0.27249965,66.07750055,850.8954289,29.17011191,10.6589909,0
8957,1827.815686,17.58608173,0.565407038,0.523592362,0.858298278,0.274212633,89.48575227,752.3298325,27.42863162,10.50420025,0
4449,82.8553665,2.84703647,0.717466533,0.575464646,0.925028963,0.331180544,17.96461326,71.94250589,8.481892825,10.04867129,1
2353,3402.940932,30.4119408,0.492486416,0.477592088,0.761828988,0.228184784,80.64064407,1001.210315,31.64190758,10.63711878,0
9296,251.3218515,4.273105603,0.740909372,0.635532553,0.936845155,0.403916644,42.15901087,216.7838566,14.72358165,10.78940897,0
7787,1576.853063,14.94409207,0.725762425,0.714283266,0.844402662,0.510230709,70.53925064,644.5815685,25.388611,10.75499971,0
7454,1630.218705,16.62191993,0.620752696,0.593701165,0.847709068,0.352518107,75.23069889,518.539964,22.77147259,10.72645004,0
1124,2269.674028,20.80978495,0.573182368,0.540727048,0.810863873,0.29246422,87.23595697,744.1056119,27.27829929,10.72816022,0
3861,2879.773092,24.52797054,0.510030198,0.47946214,0.816262631,0.229970795,94.81406751,1053.311554,32.45476165,9.923272493,0
210,2348.816579,25.90240436,0.556721032,0.547097146,0.783137733,0.299363304,21.56050326,555.7015953,23.57332381,9.125129703,1
6059,1786.524869,18.88936192,0.618842296,0.60245823,0.847094694,0.363002855,65.08031564,730.3519228,27.02502401,10.74569403,1
6,2237.028261,22.1164226,0.575988849,0.554047753,0.827531085,0.30700828,60.43986094,664.1886396,25.77185751,10.59691519,0
980,258.082304,4.007205595,0.793288795,0.734034564,0.940039294,0.538813494,60.63749122,102.2392537,10.11134282,10.45510165,0
9151,2394.94932,21.43139179,0.517038502,0.469492733,0.832239703,0.220511584,89.20874982,915.5019834,30.25726332,10.29216353,1
5055,97.5102124,3.396584272,0.641481001,0.528964778,0.971824299,0.279810503,9.744958372,106.4726966,10.31856078,6.828553264,1
5372,127.6539136,2.459346513,0.84535252,0.787061167,0.951539197,0.619470126,30.006804,238.9689124,15.45861936,10.69269422,1
2657,2395.252639,22.18922404,0.475349626,0.429413928,0.821047209,0.184483927,93.06243143,872.1758735,29.53262388,10.27731058,1
8251,1499.420659,14.89291009,0.681421427,0.652596155,0.846979626,0.42591998,71.98040784,591.1542452,24.31366376,10.73657299,0
1516,4028.997925,34.5908067,0.485872288,0.474270836,0.744231336,0.22507509,81.92407003,1429.377646,37.80711105,10.44148076,0
9301,62.3212637,1.906212817,0.781822583,0.591669511,0.960499597,0.350084018,31.51291894,63.87382187,7.992109976,10.9125991,0
9240,2088.305528,22.44092094,0.598759487,0.588838923,0.795471936,0.346765595,30.75467214,687.0017202,26.21071766,9.437521906,1
142,2205.610086,21.97726386,0.480054463,0.440495579,0.814737294,0.194122358,86.90289487,614.6041816,24.79121178,10.64366277,1
7379,983.2518432,14.2853302,0.618078024,0.600058266,0.853016328,0.36008584,29.33323961,366.9978487,19.15718791,10.11290153,1
6189,1978.528712,17.34007926,0.645030715,0.61734216,0.844721518,0.381167778,90.77401494,620.9259492,24.91838577,10.40794438,1
145,1198.525259,14.40925883,0.519918168,0.458582711,0.872000969,0.210345179,62.47519055,533.9287545,23.10689842,10.857003,0
1629,2102.726938,20.90553626,0.548917674,0.521986182,0.854305166,0.272505115,78.06308864,832.482253,28.85276855,10.66685114,0
596,426.0964849,4.826707028,0.897903466,0.889121381,0.842268864,0.790539198,39.19652857,221.7960518,14.8928188,10.73249213,1
5275,3301.020198,32.20940336,0.464285358,0.451660733,0.756956797,0.204071136,63.20850638,994.8905756,31.54188605,10.51074007,0
6064,1943.756997,19.36646827,0.56037272,0.528557633,0.858246079,0.279463838,69.14902012,831.9632812,28.8437737,10.72115778,0
548,347.2876891,3.346602927,0.944536369,0.938212496,0.428491661,0.880246152,4.916078018,19.10418536,4.370833485,4.875627638,0
9149,69.94358899,2.188244047,0.712807091,0.472636108,0.948449729,0.223399466,29.14237427,62.54400284,7.908476645,10.66517603,0
5678,643.7285173,10.29841702,0.679187379,0.660066652,0.841218709,0.435710424,19.28061056,187.2447322,13.6837397,9.902864743,1
3811,3016.59346,29.86211642,0.482458487,0.469104629,0.780618549,0.220124015,66.34045031,968.6004173,31.12234595,10.592561,0
354,456.1836292,5.29609811,0.901239268,0.897994151,0.692844735,0.806402046,8.754320142,73.8895524,8.595903234,7.60556813,0
5543,1714.071576,21.61735796,0.414160482,0.378662401,0.868704852,0.143435248,56.81211283,1225.945092,35.01349871,10.23466468,0
7649,736.583174,10.59012885,0.665086824,0.635771836,0.905247802,0.404217245,39.84385623,488.029093,22.09138051,10.43298516,0
2584,3147.883376,26.44735168,0.450411929,0.414874676,0.804232187,0.172213509,102.8149214,1187.649785,34.46229513,9.710265801,0
1748,2465.37143,23.15474855,0.533195687,0.50624187,0.82236055,0.256340857,83.22587839,793.8054781,28.17455373,10.60039303,0
8289,330.5181128,4.720567662,0.840140628,0.820349179,0.915924948,0.672977554,45.26242306,232.0014539,15.23159394,10.77492711,0
6012,843.6124423,14.00128535,0.428665155,0.362023323,0.925727388,0.13108202,34.56123725,878.6733642,29.64242507,9.067274431,0
4773,444.0585326,7.751915577,0.523957107,0.386401841,0.901019978,0.149339354,47.99795119,281.1357596,16.76710349,10.47041773,0
7425,1724.178452,21.57458802,0.533499584,0.51692516,0.856550615,0.267238257,35.14915456,784.6409523,28.01144324,9.688002795,1
1453,2835.426112,31.56713618,0.39772974,0.381090508,0.777243826,0.145282059,55.61358912,1090.610086,33.02438623,10.41751213,0
4675,2457.355366,23.68760934,0.553780996,0.535715656,0.806295836,0.287055411,79.75454272,827.3060465,28.76292834,10.61495063,1
6991,1355.997316,14.35582826,0.615335978,0.57783492,0.883907241,0.333933054,74.48035078,760.851753,27.58354134,10.81173717,0
8993,3939.314648,35.88607614,0.453468712,0.4412709,0.71700193,0.194844856,71.64790265,1390.146209,37.28466454,10.45208318,0
5461,645.3814437,10.71940551,0.613528382,0.578251795,0.872169704,0.334395802,16.67100071,204.2161062,14.29042009,9.19585018,0
9140,804.9048409,11.2825119,0.654097053,0.615463491,0.908914577,0.378798105,19.97883238,407.3396744,20.18265776,8.434456142,1
4809,4441.455445,36.89761057,0.403892185,0.386370539,0.744506939,0.149406606,89.89575482,1485.639044,38.54398843,10.25740267,1
4341,315.4846809,5.769651335,0.779657832,0.760389421,0.894990543,0.578198341,12.89835165,143.2045674,11.96681108,8.257364345,0
6209,1685.278217,19.24518099,0.572232462,0.552026014,0.859622428,0.304772044,57.71328881,620.1429444,24.90266942,10.811335,0
2540,234.4398276,4.516336803,0.725697265,0.660036215,0.953430049,0.435652412,34.9888397,356.2079778,18.87347286,10.10874064,0
4170,280.5827761,3.993207874,0.803239549,0.739042578,0.94374371,0.546189357,51.77666478,217.3784218,14.74375874,10.76667522,1
854,2529.078282,26.18829944,0.577439623,0.56913419,0.762030182,0.323926257,13.30996341,300.9267254,17.3472397,7.32273134,0
9622,1677.381438,16.97365035,0.492492686,0.444562541,0.889783198,0.197686275,89.96378322,825.4482454,28.73061512,10.17673168,0
4044,2462.478218,22.44362437,0.582276216,0.56183956,0.790632318,0.315735196,82.94174916,825.6030046,28.73330828,10.71240518,0
923,3248.448029,33.99160192,0.442044854,0.430968376,0.729590774,0.185773253,19.79099678,604.6419554,24.58946838,8.37352153,0
4813,309.2488636,6.372807663,0.726149122,0.699568284,0.92073158,0.489414675,18.05402115,196.5066476,14.01808288,9.376493898,1
2351,3254.565764,29.07228435,0.445847698,0.408514753,0.785692309,0.16697568,86.77947858,1167.109581,34.16298554,10.33265138,1
2993,1762.026347,14.9671883,0.738913701,0.693870738,0.88338378,0.481486568,66.40203053,857.9582692,29.29092469,10.6584843,1
9143,648.8805117,8.8512143,0.643375816,0.57760035,0.926037309,0.333633406,51.27111465,770.7922605,27.76314572,9.828413418,1
7850,1712.980375,14.58792158,0.561749414,0.499162156,0.880724254,0.249205735,97.24307405,793.4819101,28.16881095,9.828399183,0
1076,485.4910627,7.802658771,0.668013314,0.625573239,0.950184801,0.391347317,28.5046707,561.8313425,23.70298172,9.297306542,0
3424,408.2529318,6.834942015,0.63032808,0.544363821,0.929897286,0.296363101,48.35526373,281.8223979,16.78756676,10.72678669,0
726,239.418221,4.566772241,0.62100864,0.437759325,0.937780052,0.19165645,52.96424496,126.7434915,11.25804119,10.49608751,1
8445,687.847822,10.181848,0.590569211,0.547859652,0.9029001,0.300175172,65.20213275,326.144039,18.05945844,10.7526245,0
1710,1795.185212,21.49757923,0.425303932,0.383175545,0.849258022,0.146890496,54.77782375,1141.117787,33.78043497,10.11819738,0
9209,2171.575668,24.89958877,0.531727924,0.519631769,0.814830384,0.270043219,32.10613606,756.8209643,27.51037921,9.454908944,1
1545,3229.721609,27.52810968,0.491906842,0.468387778,0.789874155,0.219468605,93.49721368,1041.683601,32.27512356,10.32700355,0
3316,1698.898426,15.53704966,0.690182178,0.672324502,0.867679442,0.452060155,72.68784775,735.1462793,27.11358109,10.66149806,1
310,1022.294461,10.68809932,0.68596524,0.650072522,0.90355143,0.422620005,76.37077321,616.3027788,24.8254462,10.78982955,0
3493,2807.326874,23.17951065,0.563898946,0.541245118,0.827374892,0.293019476,110.2510544,774.3669551,27.82744967,9.682355517,0
6580,93.2321175,2.405665955,0.816851136,0.73349124,0.95310055,0.538016892,21.62319815,131.755134,11.47846392,10.14290883,0
8299,2281.859573,22.12949862,0.570206137,0.552155534,0.833464015,0.304942132,86.00744479,1051.259545,32.42313287,10.39907988,1
3490,2475.448999,21.85025034,0.643172742,0.628168004,0.788060903,0.394664832,89.23593466,609.6158041,24.69039903,10.69131407,0
2997,2631.305279,30.61662057,0.373447122,0.355538844,0.771450473,0.126483442,63.16765322,1242.394448,35.2476162,10.37866431,0
9011,2619.593421,27.31839572,0.508269161,0.493961538,0.771066676,0.244112368,64.57704474,968.9660704,31.12821984,10.61383115,0
759,2826.692764,33.69482153,0.369845904,0.356690064,0.760864844,0.1272535,19.50628624,635.9133049,25.21732152,7.804826389,0
118,287.3242765,4.351202432,0.784425748,0.724041762,0.932184153,0.524245886,51.92427053,189.2660815,13.75740097,10.74070886,1
8409,3227.61814,29.90274008,0.473249117,0.45544895,0.787569116,0.207531723,82.52335809,1091.376507,33.03598806,10.44717061,1
4623,1736.594212,16.26787243,0.769888178,0.762517667,0.646205628,0.581459448,12.4434004,282.1356221,16.79689323,7.976992114,0
951,1089.01163,13.59756439,0.529762317,0.469958276,0.865169689,0.220910559,64.62982258,472.6507015,21.74053131,10.83020365,1
7015,654.7794051,8.333647067,0.676987825,0.626999744,0.923728294,0.393155857,65.38371155,511.9648493,22.62664026,10.60406456,0
3621,864.3805112,10.77370224,0.794860074,0.790575374,0.857781877,0.6250116,11.96049259,213.4178928,14.60882928,7.711782441,0
3961,34.20181482,0.886164459,0.875379448,0.643496124,0.874610708,0.414095622,6.946130007,10.05793133,3.171424179,7.62946315,0
3503,1906.419044,22.22828458,0.472670447,0.448222229,0.83754719,0.200981451,68.99189545,975.6424224,31.23527529,10.64613966,1
2346,158.518879,3.260209338,0.81140533,0.734499503,0.928186911,0.539498891,31.76003194,109.1175667,10.44593542,10.88900851,0
508,1584.827149,15.10890868,0.621121959,0.584718105,0.882584354,0.341922436,102.2316522,491.0564036,22.1597925,9.946224523,0
1878,27.79096784,1.410218492,0.754101646,0.521379952,0.955494958,0.271849233,8.679949429,32.47946499,5.699075801,7.658278662,1
4490,185.7095628,3.194942489,0.826655936,0.748040788,0.926596916,0.559574904,46.75066963,107.2881643,10.35800001,10.96355848,1
5696,719.3547821,8.134998106,0.746464114,0.703940609,0.895494866,0.495562674,71.12358129,311.0344679,17.63616931,10.73357633,0
1648,807.1991226,9.639509861,0.818423169,0.814490958,0.847902543,0.6633995,11.53537857,203.3152135,14.25886438,7.587972794,1
1097,2331.419669,24.05828505,0.552978298,0.53682827,0.818243027,0.288225025,50.2008134,867.3913441,29.45150835,10.47649475,0
1615,1349.743112,16.91028869,0.58603387,0.565046172,0.885033828,0.319296818,38.8900959,814.6131439,28.54142855,9.799543954,1
1476,703.3534844,7.439798553,0.808847739,0.780822601,0.89220972,0.60969321,60.71707271,376.891174,19.41368523,10.93067452,1
9341,454.4413978,6.504463019,0.74998832,0.70207958,0.902581758,0.492921997,33.63052881,336.5399247,18.34502452,10.32922543,0
8664,136.4569183,2.998630432,0.757376708,0.648354655,0.959449255,0.420369415,38.41782246,244.229264,15.62783619,10.76002621,0
7822,1622.029064,20.241432,0.535677481,0.513878175,0.825123394,0.264127289,39.98789171,556.0778997,23.58130403,10.57517987,0
3172,772.1805414,10.05624047,0.627162732,0.550324213,0.911830798,0.302888167,62.19127213,492.4525374,22.19127165,10.83656684,0
8728,3866.64947,36.91668853,0.447642132,0.43709505,0.677396311,0.191086438,17.59501143,549.5725688,23.44296417,7.800662987,0
7136,1384.813688,14.40714051,0.610367342,0.563667821,0.895709682,0.317753115,71.73838898,620.7600998,24.91505769,10.72225421,1
5184,238.1600896,3.144944698,0.920112887,0.911978365,0.52967255,0.83171288,6.742699695,23.71247777,4.869545951,6.90782822,0
4823,1825.756776,17.14121102,0.518224172,0.472441246,0.882445763,0.223239003,97.57457177,876.4841516,29.60547503,9.772357256,0
4112,1842.511732,20.35888122,0.538640254,0.511199335,0.847277395,0.261366785,60.9444114,708.4973903,26.61761429,10.77300974,0
5404,2758.396271,30.60971244,0.440670441,0.4273279,0.78600388,0.182658481,56.10731157,1189.432064,34.48814381,10.44801389,1
9233,2818.228827,27.11679961,0.462358461,0.440223392,0.808261856,0.193865509,91.44391972,901.1442422,30.01906465,10.34369335,0
6564,3577.266779,33.44973984,0.457810233,0.444618089,0.749759665,0.197803802,68.10451447,1232.330774,35.10456913,10.48021614,0
5921,2935.784599,34.00397209,0.318866359,0.298561412,0.729679904,0.089183465,27.31768926,864.5687544,29.40355003,8.293329485,0
825,3322.987136,30.56578215,0.522856073,0.510796189,0.756053428,0.260995544,58.38067096,1088.668287,32.99497366,10.49367728,0
4385,2504.582438,23.46182963,0.515273474,0.486686577,0.822768532,0.23692372,85.78616025,911.7024042,30.19441015,10.52851537,0
2356,194.2147266,4.33483943,0.585290495,0.36310852,0.933123554,0.131872046,45.82811685,136.5548328,11.68566784,10.99538126,0
9942,1634.098978,14.565796,0.658410609,0.62004683,0.853403649,0.384495514,86.33572629,567.2654,23.81733402,10.7600607,0
404,5172.873394,44.3451356,0.349679137,0.335816555,0.674535054,0.112899482,84.93875008,1593.556034,39.91936916,10.41030036,1
6455,348.4837947,7.279094215,0.590580876,0.515798766,0.892522686,0.266073696,16.2832602,170.2260843,13.04707187,8.993773715,1
4210,3753.672629,30.88914554,0.473615764,0.451354711,0.78197992,0.203826937,91.54642664,1407.818355,37.52090558,10.14316269,0
3752,1755.969205,21.90413544,0.460840805,0.433296828,0.822554783,0.187786905,35.65483235,732.5644245,27.06592737,9.59943792,0
1116,2087.814671,18.70599338,0.519694383,0.453563709,0.83624607,0.205794419,86.6418268,819.3740828,28.62471105,10.59498966,0
3277,1400.708451,14.55926549,0.483191206,0.403989484,0.88448039,0.163255678,93.09749858,623.5824781,24.97163347,10.5056551,0
2589,1349.42306,20.0226326,0.462366133,0.44056616,0.864158113,0.194123157,20.1092717,559.9653239,23.66358645,7.495174476,0
7229,1046.784598,11.11480796,0.732003177,0.713632298,0.893468569,0.509288713,68.99022702,679.4811899,26.06685999,10.78494362,0
5822,1022.678688,11.7076518,0.676451198,0.63343205,0.875768848,0.401255548,70.24105719,300.1341144,17.32437919,10.74417542,0
8261,1490.600109,15.0567866,0.543907078,0.479691911,0.863658347,0.230143777,75.9486396,520.8391585,22.82190085,10.75335112,0
7419,999.2463736,10.65787199,0.647533922,0.60366357,0.907637734,0.364433695,81.49623494,489.031216,22.11405019,10.91916129,0
4315,212.856037,3.406834392,0.840639473,0.805362128,0.948229265,0.648613965,46.21880546,228.634304,15.12065819,10.89812267,1
8755,576.0567453,8.246908822,0.646650277,0.577066304,0.900420124,0.333020975,38.30719364,303.3847203,17.41794248,10.74203234,1
8621,4015.3629,39.21247794,0.412041776,0.402436717,0.681368329,0.162009905,30.91690448,1048.237234,32.37649199,9.420985413,0
2559,670.7640321,9.392286022,0.67082719,0.62939966,0.913317039,0.396159339,38.35950318,510.3755493,22.59149285,10.15881706,0
7439,1716.20415,22.39134548,0.527431508,0.5147854,0.839651734,0.265039917,22.26025829,523.1174186,22.87176029,9.028265135,1
4857,1292.489889,17.45890041,0.511405141,0.484470596,0.878214944,0.234760105,47.81515906,809.4234804,28.45036872,10.43233688,0
9645,1455.498962,16.07431536,0.569236816,0.528972789,0.853956246,0.279880468,72.15789012,517.6361204,22.75161797,10.79168281,0
6832,84.01030659,2.332368785,0.758114865,0.641672336,0.964798336,0.411753528,31.5742378,130.8268058,11.43795462,10.87369981,0
7690,2467.30635,28.09701595,0.360706512,0.326800763,0.801050496,0.106833159,40.28504933,1009.962307,31.77990413,9.693220537,0
4826,471.9710109,6.098409794,0.709968616,0.635797707,0.930232887,0.404252045,62.72880449,242.8637548,15.58408659,10.75080621,1
4690,1633.398497,18.16825683,0.532112869,0.498048423,0.853292904,0.248115839,79.55832756,671.1263392,25.90610621,10.72844204,0
8065,1972.740503,19.44076346,0.620893441,0.604818501,0.848655299,0.365833941,72.1909684,693.4107485,26.33269353,10.64064628,1
347,1701.104546,17.20855698,0.535827339,0.495784838,0.869246359,0.245862825,78.06473682,740.7861009,27.21738601,10.71794489,0
8522,1794.766639,17.42628753,0.467501104,0.402926391,0.872311102,0.162397282,89.99290659,909.4437699,30.15698542,10.23123582,0
8606,2803.858535,25.73079278,0.48043335,0.45600536,0.814566607,0.208008528,98.24178007,954.4490421,30.89415871,9.984307743,0
6766,1036.375607,17.21875009,0.4211093,0.386477927,0.881160464,0.149381594,31.84897433,689.0503395,26.24976837,9.325729453,0
7437,1558.601805,17.97425829,0.554110509,0.526079487,0.858192573,0.276810046,68.63652104,577.6400816,24.03414408,10.77984555,0
9536,3705.098894,34.45959812,0.442462001,0.428784305,0.744116373,0.183957819,69.1285751,1441.388038,37.96561653,10.24829865,1
8091,1968.785506,22.91606838,0.588353558,0.580259523,0.794898572,0.336714631,15.48312826,365.715659,19.12369366,8.045517019,0
913,69.14614337,0.79990016,0.981807031,0.980786638,0.930561799,0.961942632,28.87175705,288.782516,16.99360221,10.50932564,0
2163,39.94395353,1.684561848,0.771290648,0.540937799,0.948236263,0.292624948,19.13436867,44.7217605,6.687433028,10.7472675,1
3470,1982.933086,20.97474723,0.525720657,0.492136754,0.823333429,0.242259123,71.98653325,674.735066,25.97566296,10.70831049,0
7961,3845.015489,34.17971162,0.437023072,0.418756577,0.75419943,0.175466764,84.5298761,1243.666118,35.26565069,10.43778007,1
3624,4065.265634,35.27009637,0.462267938,0.4484844,0.730578383,0.201237588,75.95602774,1388.724642,37.26559595,10.51401392,0
9223,25.62720878,0.736955127,0.908293153,0.802973315,0.935106419,0.644768656,8.960426884,21.888351,4.678498797,8.635553075,1
5480,3163.571336,27.0838714,0.498314712,0.472997678,0.774320235,0.223828109,96.84137541,960.0472405,30.9846291,10.17010642,0
1486,600.2603186,10.21464417,0.63502599,0.606198812,0.883754177,0.367497818,22.6337126,324.7325188,18.02033626,9.35318861,0
9669,3327.347129,35.98771638,0.397322486,0.385644456,0.725318091,0.148760071,18.58097141,634.9945337,25.19909788,7.594299774,0
8044,427.0791882,4.743714048,0.820367647,0.76950558,0.925359225,0.592143253,62.46023326,202.474525,14.22935434,10.63293199,0
7811,1030.440854,11.3917456,0.595736708,0.551439195,0.92023574,0.304120641,90.61833117,535.2686826,23.13587436,10.60143804,0
7616,1956.137305,22.54705326,0.577018501,0.56598724,0.796637725,0.320358552,18.67723992,415.6996051,20.38871269,8.29886289,1
4820,755.6742028,7.592869909,0.807672617,0.787195335,0.899489349,0.619689226,67.51030592,516.6902744,22.73082212,10.79769043,0
4624,394.160674,6.483070409,0.648120209,0.503050421,0.896620199,0.253074224,42.82754663,147.3254966,12.13777148,11.04445173,0
9072,5778.345064,44.07615657,0.389758471,0.375219151,0.667468468,0.140972594,92.40309352,2124.480164,46.09208353,10.24521015,0
2454,948.0522377,10.55112421,0.820561428,0.817172492,0.832501757,0.667777092,9.968093104,212.4956289,14.57722981,6.768448616,0
3708,2698.628688,23.29403086,0.567056487,0.544823296,0.804652288,0.296891007,83.6172054,1000.780422,31.63511375,10.56968136,0
7896,395.2725528,5.476275157,0.686365694,0.576891548,0.938923455,0.332822641,66.75753402,275.7061739,16.60440225,10.759599,0
7355,80.66620215,1.10468413,0.967557657,0.960388022,0.442956261,0.922346051,4.458408867,3.717374648,1.928049441,4.65106302,0
3634,204.300182,3.124109334,0.810343661,0.677641686,0.950246069,0.459206647,64.66448487,84.21289157,9.176758228,10.22921938,0
6751,347.4757925,5.396139302,0.763517153,0.717553999,0.926011679,0.514893726,36.97825791,255.2171527,15.97551729,10.73992071,0
2761,1475.24999,15.7216748,0.53604457,0.483050894,0.855286087,0.233406039,80.74934751,512.6965336,22.64280313,10.80817895,0
4068,3023.482004,30.60544276,0.509690658,0.499694162,0.757689444,0.249757068,49.43282967,1034.276532,32.16016996,10.58839687,1
4251,965.6845376,14.31591342,0.567851463,0.538959543,0.889168218,0.290500813,22.54532138,498.7991711,22.33381228,8.371339409,1
4762,2366.744695,23.33632411,0.486255289,0.451088079,0.802106162,0.203559714,80.89275479,745.9079011,27.31131453,10.71752784,0
7138,511.7816235,6.9789029,0.665700352,0.583120049,0.930535085,0.340055336,58.11240119,322.7780445,17.96602473,10.73445041,0
8275,3388.421035,31.58837533,0.463287044,0.447701384,0.77819125,0.200524629,74.80833292,1367.213848,36.97585493,10.50440218,0
2253,371.6174793,6.645084752,0.633162697,0.558285814,0.92485245,0.311700632,38.52505606,246.5597051,15.70221975,10.86376303,0
5019,3115.745899,28.4675612,0.416503552,0.391888674,0.820415487,0.153656548,96.25251953,1037.506951,32.21035471,10.14394754,1
3393,1556.890261,19.11872285,0.534946249,0.509539041,0.860260397,0.259672346,42.26390107,704.7694038,26.54749336,10.4789617,1
5704,276.7713467,4.524862472,0.774744628,0.720951802,0.930490979,0.519784231,49.2100755,162.7538166,12.75750041,10.64470512,0
8102,848.5506187,13.07534753,0.47224774,0.398993937,0.888681581,0.159223808,35.92473749,540.5283298,23.24926515,9.942531531,0
1273,2706.647878,24.21837144,0.578827336,0.562227621,0.800263098,0.316159682,83.056356,875.0634715,29.58147176,10.68118168,0
2892,4365.542705,37.05795204,0.42256227,0.405674077,0.728795108,0.164744599,82.30541401,1338.423177,36.58446633,10.42745132,0
8779,2025.926487,19.50604142,0.616177778,0.593280833,0.816844448,0.352038546,73.67696784,674.783045,25.97658648,10.72848256,0
4118,287.1798879,3.325019065,0.939370562,0.938254808,0.877682663,0.880323097,6.246247282,76.27509134,8.733561206,5.500348378,0
9969,3313.208068,31.16975837,0.47269695,0.458501742,0.778219424,0.210326018,75.79210295,1243.69418,35.26604854,10.60006305,1
2315,1494.368515,16.05505458,0.604080594,0.568622958,0.840320138,0.32337757,65.49055436,588.745786,24.26408428,10.71598092,0
655,276.9668266,4.28825642,0.801390926,0.707576988,0.909414549,0.500679123,48.05371302,110.4226131,10.50821646,10.88429934,0
8616,27.09816861,0.298649845,0.994696092,0.994458275,0.893956833,0.988947273,4.544805929,7.578780018,2.752958412,4.633385129,0
1637,2447.108984,22.80934427,0.550892293,0.52997459,0.821413328,0.280946062,87.09395915,801.135867,28.30434361,10.43721656,1
2780,2121.678436,19.63426388,0.533508897,0.501670141,0.859416181,0.251734334,96.30266111,865.7606383,29.42381074,9.943457608,0
6684,1866.378478,19.9307895,0.5645431,0.543471472,0.831473358,0.29546309,62.49629536,743.8645339,27.27388007,10.73579493,0
8555,870.8124904,7.093719319,0.912073088,0.909398646,0.676660439,0.827008154,5.09097103,60.13469432,7.754656299,4.609999098,0
9032,3133.54791,35.44662294,0.374686343,0.362793194,0.731283245,0.131681722,37.26494574,976.7171604,31.25247447,9.889896033,0
5878,792.8648587,11.58907992,0.520742539,0.445281683,0.92171853,0.198298933,39.75146823,702.0988833,26.49714859,10.18709389,0
3059,2997.956747,31.75967829,0.42300226,0.408492079,0.793465889,0.166963343,66.70631585,1286.29008,35.86488645,10.4361751,0
8803,1671.968968,15.84281732,0.614097478,0.579579267,0.873478353,0.335952054,85.04558961,725.8917629,26.94237857,10.60020905,0
7088,572.5699652,7.123167597,0.754093702,0.706088357,0.917704477,0.498570701,58.10023165,318.5628195,17.8483282,10.81121215,0
9235,29.86783276,0.201688341,0.997867572,0.996336299,0.914311778,0.992686024,17.86581694,124.7081089,11.16727849,9.828063236,0
8825,2272.258136,22.8947495,0.52475049,0.503881478,0.835867314,0.253949863,87.7676263,799.0178371,28.26690356,10.47578381,0
7468,236.761825,4.300507247,0.796015226,0.738863264,0.916205085,0.54592563,29.79069767,155.0391826,12.45147311,10.82155779,1
7466,5066.895095,41.32502664,0.430563292,0.418883314,0.677651699,0.175626579,77.9723514,1606.826116,40.08523563,10.43394052,0
153,481.5865804,6.746343179,0.655148372,0.563745861,0.923752285,0.317839468,57.02229758,297.7886508,17.25655385,10.75626142,1
2646,1512.752178,22.46118731,0.297265332,0.258348998,0.865283027,0.066781643,38.91574742,1137.496593,33.7267934,9.249342377,0
2850,691.9955821,7.261281407,0.760330932,0.724815203,0.921462945,0.525371001,78.95697334,385.448147,19.63283339,10.82097262,0
3179,3824.14033,39.26850736,0.358025124,0.345635946,0.724867509,0.119545086,65.98874344,1520.755201,38.99686143,10.41761274,1
8310,1211.591486,11.1079765,0.847184472,0.844654141,0.769774592,0.713444841,8.634592387,287.2815568,16.94938219,5.758098203,0
7380,266.0212233,4.859831633,0.794443537,0.770675763,0.898253099,0.593947135,14.33945159,135.0276845,11.62014133,8.81669774,0
30,1515.310239,16.30722823,0.604695495,0.57082335,0.859747303,0.325866164,62.84907781,496.40351,22.28011468,10.66009085,1
396,2320.182282,26.15347526,0.425637431,0.394231428,0.807740036,0.155459941,60.5618225,1138.983874,33.74883516,10.23272186,1
6247,1069.941759,13.57939351,0.554398036,0.50022772,0.889899707,0.250264414,69.09532079,506.3418315,22.50204061,10.75871467,0
3136,1521.297554,15.59723006,0.514620643,0.442682495,0.860487373,0.196027249,71.43406281,719.8830883,26.83063712,10.76588782,0
8019,1352.382496,15.67893106,0.660974637,0.646079861,0.853240515,0.417438521,55.00089435,497.308067,22.30040509,10.80962693,1
5018,2469.893918,26.31340837,0.495106011,0.476956701,0.815007345,0.227532138,64.35426074,816.4281288,28.57320649,10.65312171,0
8236,4345.779382,39.11590569,0.388222707,0.374000698,0.732987961,0.140004464,80.52628264,1565.180482,39.56236194,10.42631421,0
5306,1555.606051,15.520746,0.692728065,0.677028419,0.850724369,0.4583947,68.2554804,577.2051905,24.02509502,10.72931727,0
5885,1379.931265,20.85384839,0.436321002,0.41420394,0.881039173,0.171581155,19.97502739,585.6742711,24.20070807,7.573196655,0
6835,2202.341909,22.5054778,0.536978968,0.51169032,0.803610943,0.261917274,77.21664594,675.422775,25.98889715,10.71986184,0
7050,1069.415939,12.68635581,0.64767537,0.613410282,0.8829581,0.376308597,57.65308494,418.2920207,20.45218865,10.79428356,0
6179,461.7155931,7.633217375,0.674691721,0.626585156,0.911235202,0.392634959,41.06773489,310.8909922,17.63210118,10.67475871,0
442,2744.683126,29.5869859,0.464753782,0.449816964,0.743004633,0.202409331,49.18387291,926.1974727,30.43349261,10.34933331,1
6092,233.7121539,3.679634858,0.823064731,0.776365291,0.931301588,0.602752865,48.28777479,123.8083766,11.12692125,10.87294675,0
2813,1701.712119,17.45504842,0.549816387,0.493578196,0.852099558,0.243662662,59.67577388,651.4815611,25.52413683,10.70578646,0
3060,273.6920881,5.249658942,0.647998738,0.510602723,0.929657139,0.260734394,37.90656578,238.3734668,15.439348,10.64728886,0
1884,2396.291262,22.09286944,0.611274697,0.593458998,0.823549642,0.352243617,92.11807592,738.310331,27.17186654,10.44165371,0
78,475.2538656,8.138962274,0.572184592,0.493723765,0.917979084,0.243803323,48.42736106,382.2735398,19.55181679,10.39650472,1
4827,3494.35595,30.14468817,0.499045104,0.478887551,0.747369264,0.229458902,83.97522418,1142.844907,33.80598922,10.4885909,0
9345,997.775628,10.93386862,0.71018356,0.650967567,0.88051585,0.42379247,55.75538354,469.9884404,21.67921679,10.78197568,1
2258,890.4579559,12.59306987,0.67004685,0.65242577,0.859224071,0.425680897,36.86512624,404.2175244,20.10516164,10.4564546,1
804,77.26777717,1.719613046,0.911498305,0.895285062,0.932051075,0.801539848,7.002158572,45.19125036,6.722443779,6.16889047,0
7098,3294.249964,30.01723934,0.447428073,0.424709545,0.781826284,0.180484386,89.72596731,1027.910912,32.06104977,10.30541899,0
2392,2236.613883,22.5163678,0.560307349,0.544622825,0.822173606,0.29668251,82.37584463,726.0314492,26.94497076,10.51732706,0
2542,991.49189,11.85817953,0.646909071,0.603334817,0.887082132,0.364048563,65.39869512,603.5046039,24.5663307,10.65263898,0
3826,1517.680724,18.62899125,0.520369448,0.496041074,0.864303706,0.246089851,82.65139186,575.7497072,23.994785,10.74441906,1
8231,169.1947776,4.28834275,0.562335551,0.353319371,0.956617624,0.124851383,37.19746938,237.7596328,15.41945631,10.82033677,0
4347,1678.382544,16.84869801,0.658538285,0.63834012,0.825205402,0.407522208,64.54810356,690.119533,26.27012625,10.65366128,1
8148,1396.515147,12.90062808,0.687094221,0.656468363,0.886424727,0.430982118,92.36014305,577.9379903,24.04034089,10.37947476,0
7082,2000.907783,20.18801886,0.54339737,0.515636944,0.851586702,0.265938713,76.25818019,855.1957365,29.24372987,10.69974886,0
5291,3946.578082,33.56407092,0.459891433,0.443553953,0.750555901,0.196844157,83.83365686,1433.330948,37.85935747,10.2966985,0
883,4782.23609,40.77162493,0.420532256,0.408562337,0.689480868,0.167043103,82.72434204,1389.941136,37.28191432,10.50483956,1
1763,850.1600885,9.535228814,0.744434306,0.722729793,0.903455564,0.522352807,52.93627879,552.1933478,23.4987946,10.8264016,0
5657,419.187567,5.785491781,0.772552349,0.731125892,0.909502961,0.534556256,52.44350697,262.8954446,16.21405084,10.62996856,0
1131,443.2453725,6.451466914,0.737544076,0.69639196,0.924675562,0.484974399,44.53586012,341.6528253,18.4838531,10.71992363,0
3703,1841.669666,23.39578568,0.348673332,0.305290765,0.829928935,0.093254849,50.19005484,1073.965415,32.77141155,9.818011281,0
8740,917.9070001,11.3045294,0.540633632,0.444959395,0.88605757,0.198024946,64.05197929,364.5954261,19.09438205,10.74300338,0
7794,2055.426114,20.50331311,0.552746506,0.521113678,0.823562917,0.271642143,77.65120049,687.6217231,26.22254227,10.76714595,1
9021,2201.971844,21.90579903,0.666042017,0.660374945,0.773697166,0.436113693,10.44476149,366.5143616,19.14456481,6.070469499,0
249,1587.151461,14.21008358,0.69387941,0.663141953,0.858553243,0.439798574,87.86192544,650.7961064,25.51070572,10.64011071,0
6555,5776.706304,48.00431542,0.370201663,0.360188219,0.613831947,0.129894437,64.39197017,2391.803687,48.90607004,9.825083343,0
5710,2496.592648,22.0429605,0.515934679,0.482740728,0.825592477,0.233114208,108.8789935,683.099767,26.13617736,9.475879432,0
7920,217.6547151,3.486282701,0.888898496,0.881070917,0.908423385,0.776288897,8.087532336,98.84198942,9.94193087,6.294931843,0
8473,1285.191009,13.42460332,0.660715002,0.628332654,0.8728685,0.394837052,72.99092256,453.3709154,21.29250843,10.70407559,0
3610,184.5312657,2.702460796,0.923020668,0.9145353,0.855419029,0.836377405,27.92438958,160.9832413,12.68791714,10.6613803,0
6711,414.2654571,6.86034715,0.703905108,0.663505092,0.930423045,0.440269033,42.90828898,264.6444286,16.26789564,10.7392566,0
9330,1632.395574,16.46011322,0.592179247,0.551391863,0.833175933,0.304093459,72.29667465,644.6302336,25.38956939,10.67434339,0
5753,208.4904031,3.084085219,0.846865446,0.788910611,0.938497048,0.622386561,54.3455329,120.9087743,10.99585259,10.68575386,0
1204,1805.240946,22.38183767,0.403782228,0.367884822,0.850797155,0.135385682,56.72161511,1055.943432,32.49528322,10.40342623,1
2228,1396.386746,20.73675308,0.451914997,0.429949135,0.870868399,0.184867783,15.69122925,494.9195776,22.24678803,6.513961608,0
4918,3381.93329,27.32242661,0.505969587,0.480857294,0.800251226,0.231321357,101.4415153,1235.723542,35.15285965,9.860007652,0
1741,3386.949325,31.75183285,0.483587853,0.47079067,0.756272375,0.221734968,76.78223071,1169.01582,34.19087334,10.60272912,0
8847,257.6825145,4.026369883,0.80468105,0.737667955,0.945233277,0.544158947,52.5301438,266.3284294,16.31957197,10.57780543,0
6364,2644.676083,24.7392432,0.440187011,0.407481463,0.825930953,0.166114421,84.69070407,1056.632554,32.50588491,10.42301391,1
2982,3865.379528,36.96193338,0.403449579,0.388995419,0.732192454,0.151404144,66.52107538,1362.379769,36.91042899,10.55503514,0
8196,638.5879619,7.531751976,0.809630075,0.78435038,0.763773108,0.615214143,17.45922707,152.91934,12.36605596,9.46957812,0
935,287.5828699,5.632204237,0.66544962,0.590714809,0.912145381,0.348956338,25.23624409,228.8589617,15.1280852,10.1741281,0
7615,2944.364872,30.45128886,0.475519512,0.463170805,0.766893886,0.214554695,35.83306337,716.2535657,26.762914,10.32689038,0
8185,1425.035277,16.95064377,0.636983179,0.623159336,0.846849093,0.388345358,33.96980709,581.1923075,24.10793039,9.921213195,1
6068,2805.431943,31.49474429,0.301529977,0.264760843,0.763313025,0.070158382,64.51108056,1332.085691,36.49774912,10.11835892,0
8590,2048.410285,19.98128169,0.578923359,0.557587044,0.849994396,0.310963689,75.53552664,904.7713798,30.07941788,10.76148528,0
4810,2130.636946,24.57184796,0.462011739,0.441327082,0.847210517,0.194814607,69.30809427,1042.453335,32.28704594,10.68663951,1
3697,147.3462493,0.95593211,0.988285534,0.987400651,0.41245991,0.974960547,4.101867744,4.301435179,2.073990159,4.068426588,0
4583,1156.743676,12.52763055,0.648760627,0.609672382,0.892099167,0.371733081,70.32524595,554.4560463,23.54689037,10.86765415,0
6329,2220.732717,20.35958581,0.573596148,0.537905027,0.828739404,0.289406064,82.74471922,740.12743,27.20528313,10.59051173,0
9242,2258.673029,24.41129451,0.503639887,0.47977549,0.81550947,0.230215064,43.0567508,888.8745054,29.81399848,10.06341812,0
2305,1101.967736,11.18587043,0.823372942,0.818560149,0.728268568,0.67004931,9.205064504,172.8218176,13.14617121,6.659630917,0
989,3754.020512,37.17521133,0.402222041,0.390678805,0.723921935,0.152718147,54.07271297,1413.369966,37.59481302,10.19628115,0
3969,1671.756069,14.99710478,0.635649797,0.604955107,0.884013822,0.366010621,101.824156,715.7528182,26.75355711,9.683367388,0
5324,980.4520331,10.33340414,0.686548227,0.644419888,0.887352639,0.415298932,65.83415362,441.2666784,21.00634853,10.76732082,0
770,2532.563431,24.33729726,0.492489299,0.459692114,0.816744174,0.21139331,85.24701371,945.827742,30.75431258,10.55755778,0
2765,3528.992332,30.85298544,0.480004659,0.46287659,0.775646606,0.214376448,81.40401572,1226.453649,35.02076025,10.36926747,0
5216,3843.807954,35.61724404,0.423476649,0.408817825,0.737595449,0.167252616,77.99428174,1294.727468,35.98232161,10.58504768,0
9346,1614.990518,17.30462712,0.52866746,0.492011406,0.883789973,0.242108714,81.78520992,670.4965179,25.89394751,10.72520663,0
7620,3501.903124,32.89073549,0.431407067,0.411528484,0.751326905,0.169428847,75.53921675,1041.461306,32.27167964,10.5523702,0
2942,558.5695414,7.98654207,0.621164088,0.550790388,0.937520395,0.30339957,51.39471504,481.2557903,21.93754294,10.83276706,0
5158,159.1459793,2.951341507,0.811662885,0.726216719,0.946186681,0.527395545,41.46205659,101.8318936,10.091179,11.04638296,0
6426,35.05528992,0.423766603,0.961418413,0.875542572,0.771464959,0.766578075,5.54370446,6.24094524,2.498188392,6.074023824,1
7001,220.5498966,3.613280883,0.769988639,0.680158761,0.948336689,0.462627672,53.76034897,199.9227132,14.13940286,10.47185168,1
6846,2743.515342,26.3303885,0.493946157,0.471062896,0.787381525,0.221970279,71.74566641,847.2501257,29.10756131,10.70477281,0
8711,344.6609969,5.650855218,0.799387226,0.781665451,0.865258717,0.611007248,8.053037,80.25151212,8.958320831,6.323816521,0
6928,954.6663369,13.5064589,0.597263807,0.567766092,0.904182959,0.322373358,31.51397074,658.6229233,25.66364984,9.167753259,1
3899,357.0716354,5.175703739,0.787449714,0.740541619,0.908099801,0.548411184,51.14309737,169.1456678,13.0056014,10.69772223,0
2376,755.9508397,8.430255233,0.761026748,0.723638988,0.896109076,0.523668543,65.92718414,334.8303497,18.29837014,10.6983207,1
3275,411.6090373,7.242968549,0.644095601,0.57484637,0.919351298,0.330462829,46.31719911,298.8829706,17.28823214,10.50803056,0
1753,1718.95528,18.71045431,0.690226281,0.684581312,0.802282502,0.468666393,18.87112689,432.5576952,20.79802142,8.992399433,0
8253,2257.335783,21.32901095,0.630019127,0.617000463,0.816956973,0.380748806,80.49221539,731.5558557,27.04728925,10.67362071,0
1897,449.8103617,7.38682912,0.640044183,0.577289293,0.925173786,0.333276924,42.25561551,264.0769203,16.2504437,10.84062244,0
1440,801.5304889,10.12684272,0.540587715,0.427073969,0.884430223,0.182424298,70.38391105,327.6798414,18.10192922,10.86090888,0
3317,1909.101261,20.07535362,0.490136924,0.453243746,0.847169332,0.205491878,81.39049441,739.0701503,27.18584467,10.61406818,1
9019,2001.130032,21.02669494,0.599385115,0.585931855,0.817928867,0.343357105,52.14128993,688.7181525,26.24344018,10.72455659,0
7276,4029.732423,35.34489404,0.400359026,0.379032932,0.734339174,0.143779484,81.77535653,1397.51953,37.38341249,10.42313566,1
205,572.8797151,7.575778168,0.685977508,0.611082745,0.903375443,0.373449955,67.46265739,216.038392,14.69824452,10.81274892,0
8816,3671.055195,30.24172859,0.423416313,0.38386684,0.759239264,0.147455914,103.544658,1145.885089,33.85092449,9.572215186,0
6509,40.82568167,0.541503055,0.989768187,0.989268486,0.811627216,0.978652708,6.012075529,21.60443734,4.648057372,6.130382676,0
3589,6985.023526,53.15099357,0.395878239,0.387845376,0.551135977,0.150620159,95.04996319,2402.087227,49.0110929,10.37336038,0
9290,867.5197729,9.623453606,0.63859575,0.562119034,0.925797855,0.315985352,72.80253459,571.8141476,23.91263573,10.69172318,0
4868,301.7557136,6.260630982,0.603016397,0.502539096,0.932723024,0.252554542,12.31179149,163.5148392,12.7872921,7.704251346,1
7240,214.5856936,3.670136013,0.806072574,0.739590176,0.921004647,0.547008263,41.61152857,238.106456,15.43069849,10.79696949,0
2548,1920.023965,18.89379899,0.569771808,0.536570924,0.831898161,0.287970883,79.8390349,547.7549606,23.40416545,10.63014581,0
6489,708.6895148,7.905098261,0.688659519,0.607864988,0.910186259,0.369510642,71.59991239,280.4458952,16.7465189,10.79036721,1
694,2061.505422,21.58053944,0.54898586,0.526687833,0.834440424,0.277457963,69.96283591,797.2652327,28.23588555,10.66788226,0
710,2843.727723,25.5369646,0.457523119,0.426711944,0.820185357,0.182159087,99.35919979,1069.4844,32.70297234,9.815180747,0
1862,211.3274014,3.913322927,0.733221391,0.655035089,0.944701505,0.429084372,39.8077954,199.6214224,14.12874454,10.96296926,0
8937,1278.879198,15.28872652,0.524075969,0.481307376,0.909585275,0.231687531,70.32897635,1073.354055,32.76208258,10.40595214,1
1314,415.5567376,6.706389548,0.725126796,0.651282929,0.924647879,0.424188169,20.08406669,322.5774636,17.96044163,8.828821527,1
6167,4329.45713,34.93201106,0.481851449,0.465727681,0.727076453,0.217084847,81.93531895,1387.805807,37.25326572,10.44237515,0
1287,926.0568502,14.05078685,0.486848364,0.430041744,0.911240605,0.184962038,38.32347606,688.7808137,26.244634,10.19921665,0
6427,1013.097791,11.69548417,0.587967218,0.528107552,0.902448711,0.278931707,77.21547481,447.1681504,21.14635076,10.81956396,0
8893,779.0174312,11.65606276,0.610022965,0.571928693,0.852815541,0.327117106,24.34028336,296.2664445,17.21239218,9.838118778,0
7710,1077.748956,10.93741026,0.671542637,0.609336911,0.895483773,0.371338818,79.28210616,403.7786431,20.09424403,10.64104074,0
9882,809.2639237,9.602518876,0.667381343,0.623075868,0.900644608,0.388247024,68.51088294,367.3632487,19.16672243,10.74948084,0
6040,1159.626767,12.65644747,0.437395628,0.323873871,0.913259857,0.10492239,83.32800114,851.6712484,29.18340707,10.50630033,0
6314,1975.248328,23.89836406,0.525924871,0.513546665,0.827371122,0.263777916,26.56841721,683.4134534,26.14217767,9.134848291,0
7391,68.59638428,1.857048402,0.818772169,0.547847685,0.931362124,0.300156471,28.48526278,29.22483608,5.406000008,10.53990405,0
8423,1947.333664,19.54519636,0.529668277,0.486819487,0.822597188,0.237060653,75.93165114,675.668752,25.99362906,10.66557135,0
1450,1022.060564,11.05626193,0.572765053,0.48973948,0.911809789,0.239882366,78.28316965,741.8959367,27.23776673,10.73135354,0
7817,1002.664242,10.29712542,0.6573177,0.599297956,0.913642594,0.359180905,80.31081298,505.0041963,22.47229842,10.78847299,0
4803,3391.886412,36.20466301,0.35168304,0.336893093,0.759780954,0.113565654,63.26252623,1412.312441,37.58074562,10.52315004,1
1382,2266.185231,20.78057249,0.491938953,0.448759311,0.844719418,0.20146329,84.87727617,897.1175996,29.95192147,10.50602181,1
1457,1221.307933,13.12014924,0.67599506,0.653077691,0.89491788,0.426528,63.0497597,553.2299084,23.52083988,10.70019952,0
1730,1016.78282,12.3593473,0.608217345,0.555273646,0.895413017,0.308349895,63.87511814,526.6397443,22.94863273,10.86956266,0
4285,1656.754878,17.98596241,0.625150848,0.610280938,0.863683048,0.372472164,60.19429799,663.3710747,25.75599104,10.69717189,1
7584,1208.888522,14.63391531,0.718375678,0.711412753,0.849927586,0.506123006,12.1015609,271.8736794,16.4885924,7.064750067,0
1809,2247.801301,21.92079203,0.613070469,0.596821956,0.8174578,0.356248428,77.24123031,766.5607733,27.68683393,10.75994093,0
2207,4008.623356,35.17199076,0.408802817,0.389171636,0.74285995,0.151573409,92.75231648,1363.470584,36.92520256,10.21021625,0
6405,2676.963068,28.8646942,0.486704295,0.47448405,0.792215195,0.225165457,33.29796627,804.6761467,28.36681418,9.69022939,0
2455,2331.686429,23.3584543,0.576708284,0.563970878,0.80982982,0.318134419,68.52187295,911.4097317,30.18956329,10.72776335,1
6898,2119.342567,22.54881928,0.636924403,0.631088509,0.793413184,0.398279255,8.570397392,255.6077421,15.98773724,5.498228667,0
5744,1120.869521,12.68242213,0.661572244,0.616638843,0.858747712,0.380265476,61.00688073,435.4755008,20.86804976,10.84904944,0
1283,2659.06271,24.96701845,0.418546712,0.379100884,0.812743875,0.143806224,88.83400012,1019.108932,31.92348558,10.29112949,0
8868,1843.040056,18.69157244,0.709565235,0.704404015,0.773030627,0.496195218,8.266114212,190.4289925,13.79960117,5.759138647,0
4328,1213.474039,15.56890006,0.648771631,0.633445486,0.880536865,0.401284694,33.86801476,667.339825,25.83292134,9.623893845,0
2535,2643.904913,21.48537442,0.512964069,0.478346219,0.849523276,0.228882588,111.7493656,894.9707918,29.91606244,9.700150958,0
2312,201.1845839,3.104805718,0.841850342,0.790665354,0.946128391,0.62515658,40.73854759,123.4082691,11.10892745,10.94154863,0
5920,13.50089903,0.133513611,0.997975842,0.997940754,0.720058088,0.995885756,7.616894989,14.56511915,3.816427538,7.825219835,1
5735,1747.571566,18.71455421,0.589408727,0.566624537,0.868226491,0.321095636,82.07293497,678.6090834,26.05012636,10.6992041,0
5549,2957.971294,32.90223514,0.433100037,0.422135673,0.756663076,0.178228103,32.92825656,806.8523578,28.40514668,10.32876474,0
6420,2925.949111,25.34337274,0.547950495,0.526234551,0.808552224,0.27698175,93.35404624,980.8518364,31.31855419,10.09650621,1
349,537.5482191,6.662424276,0.874115096,0.871296211,0.806786478,0.759161734,8.492619351,95.93930663,9.794861236,6.70168801,1
7120,1442.193239,21.05741162,0.453128703,0.431705828,0.863625924,0.18641044,39.76965354,884.2210393,29.73585444,9.897135147,0
1578,2579.685325,24.60304178,0.535781526,0.514399259,0.794168356,0.264681208,77.66705238,796.8352939,28.22827118,10.71380699,0
6587,3666.97738,30.80845559,0.540533986,0.528788747,0.750354996,0.279698736,83.59038478,1131.478122,33.63745119,10.58114446,0
7994,1727.604769,18.34256146,0.64718381,0.633913866,0.8418574,0.401874025,41.80234051,653.4303154,25.56228306,10.46961485,0
5571,2560.760665,26.67984659,0.526632166,0.51178356,0.774458841,0.261961882,41.36836809,681.5320693,26.10616918,10.50855592,0
6000,3439.122451,30.68365938,0.43654593,0.41631043,0.791850109,0.17340891,100.0081693,1154.749177,33.98160057,10.03847566,0
5779,933.1029048,9.994643885,0.61483081,0.555713041,0.927239776,0.308837801,93.29584194,395.5979545,19.8896444,10.52132616,0
7085,243.3476169,6.852677016,0.439706055,0.328596126,0.973313236,0.107981286,22.82038978,636.514396,25.22923693,7.932541697,0
3816,4994.583486,41.71492005,0.401033663,0.388665404,0.687154496,0.151198087,87.072767,1566.640649,39.58081162,10.35002543,0
1924,2086.794752,22.34138661,0.578241719,0.564560236,0.817734657,0.318754769,36.67087808,932.2357091,30.53253525,9.329710815,0
1843,64.38923348,0.962224376,0.965030067,0.959244819,0.951470589,0.920150834,39.20516153,222.8234648,14.92727252,10.91321403,0
8919,1052.397746,15.45807956,0.560426529,0.534346889,0.832535378,0.285544403,21.22245173,318.1061506,17.83553057,9.42792954,1
4724,1903.04214,25.12516976,0.450616166,0.435247412,0.845766083,0.189469721,21.0838194,674.6835122,25.97467059,7.926584446,0
672,617.4505361,8.346710942,0.628719209,0.551430648,0.912619979,0.304101554,54.65311677,295.2873354,17.18392666,10.79016717,0
5732,1640.131693,16.79445484,0.620311412,0.595871254,0.855452991,0.355117607,77.0722172,651.6010084,25.52647662,10.68674296,0
6074,33.96453615,0.802636707,0.88750961,0.735855109,0.937716161,0.541483909,7.99065326,23.52565835,4.850325592,7.526067086,1
2583,2123.540172,21.76131275,0.56344261,0.538200729,0.82530056,0.289710999,60.51253518,774.4698905,27.82929914,10.62082617,0
6878,1133.178669,15.53364789,0.617494327,0.602384221,0.838450025,0.36287792,22.86688416,360.6749256,18.99144348,9.359259516,0
3854,1402.773653,15.90259245,0.622998812,0.594852564,0.871730746,0.353867354,46.29505884,589.0513008,24.27037908,10.76416283,0
2220,2284.422416,25.863954,0.458530678,0.439164322,0.826309331,0.192901043,57.61503116,901.9658267,30.03274591,10.46179678,0
671,1829.895052,17.81308111,0.525732212,0.475331772,0.871770404,0.225986591,86.89895045,743.1832476,27.26138749,10.52301544,1
9261,1734.60461,16.06922038,0.625242862,0.595245121,0.863884365,0.354350509,83.95218014,613.6966311,24.77290115,10.61219648,0
5013,712.8654485,9.528366897,0.611884651,0.535266883,0.914389189,0.286528903,53.32875302,419.7626134,20.48810907,10.73954765,0
1015,20.27707078,0.424636183,0.973020019,0.950009256,0.556378612,0.902518038,4.235653588,0.995427311,0.997711036,4.348486142,0
7046,4219.536521,40.74186567,0.349184707,0.330788577,0.678556462,0.109515888,69.98171443,1507.408043,38.8253531,10.40660834,0
5094,569.8732569,6.867733201,0.718823651,0.667619659,0.932689554,0.445729534,70.0768052,326.7238051,18.0755029,10.77106981,0
9138,3914.220943,33.82798815,0.487634411,0.475137641,0.744712904,0.225883214,82.50414493,1374.101324,37.06887271,10.34564037,0
6207,3668.98835,34.38774788,0.443645848,0.430151021,0.749166848,0.185139396,68.89724208,1312.614773,36.23002585,10.45347687,1
2601,1963.114686,21.91857535,0.553731262,0.538153109,0.82675805,0.289650226,51.51981017,570.742293,23.89021333,10.68542833,0
8233,856.7486205,9.994759097,0.709804438,0.678686107,0.887942116,0.460639838,63.37067744,375.7545342,19.38438893,10.78278697,0
6595,2189.239588,25.46428922,0.425705054,0.396563589,0.830796676,0.157297309,37.12936716,1052.09805,32.43606095,8.872884761,0
486,174.5585091,4.420354347,0.629602809,0.498921048,0.938390621,0.248939644,25.74516408,193.7202574,13.91834248,10.54978893,0
65,2858.576956,27.72109783,0.518575884,0.502625563,0.780676913,0.25271499,72.45584984,898.9353223,29.98225012,10.62982747,1
5785,641.3072016,7.957600376,0.593634169,0.475424343,0.923087142,0.226061169,71.89734935,367.9776491,19.18274352,10.80363158,0
3924,559.6108508,7.661890325,0.746147853,0.719481199,0.918697526,0.517661225,41.42546974,495.9574689,22.27010258,10.6056975,0
3921,1854.310223,23.36592719,0.513015301,0.499533216,0.81632423,0.249556717,27.85480582,659.9206892,25.68892153,9.219757898,0
2321,997.6161163,10.19312558,0.838575769,0.833977159,0.715475007,0.695536745,9.256518943,167.2342156,12.93190688,6.763176603,0
2830,2853.023136,30.96367289,0.475544825,0.465369423,0.777186819,0.216603163,15.48733986,547.2945285,23.39432684,7.061917223,0
7271,2466.943487,24.14001269,0.502435179,0.478351237,0.805809619,0.228904047,78.16817471,941.116537,30.67762274,10.65534192,0
690,1945.526873,22.48710143,0.487359242,0.463974278,0.837793226,0.215337168,69.76538594,672.7609645,25.93763606,10.76678221,0
5918,43.07761206,0.468538231,0.992107827,0.991989309,0.683262174,0.984043035,5.508279646,13.8976061,3.727949316,5.718408546,0
2082,270.9229543,4.088858899,0.75258476,0.640419645,0.947138941,0.410152379,60.34254438,277.5025653,16.65840825,10.53987215,0
4219,3036.434907,28.52575434,0.46776547,0.447356565,0.805388931,0.200200515,76.62225261,1137.405114,33.7254372,10.59144081,0
919,1378.430391,17.3128624,0.523720278,0.500419202,0.870443282,0.250462401,86.85666729,547.9953503,23.40930051,10.62380349,0
3040,2145.480909,19.81860701,0.591065153,0.56488593,0.84532796,0.319147039,85.36666391,916.0379542,30.26611892,10.55032792,1
1997,3381.933474,27.53347769,0.533996512,0.512314016,0.784430759,0.262552158,91.26880007,1152.737865,33.95199353,10.32157236,0
2839,2405.274234,24.44627175,0.544693731,0.528739211,0.800248228,0.27962149,52.53805488,946.0778947,30.75837926,10.6120974,0
7384,106.4886827,2.255602131,0.841414467,0.808468628,0.981267302,0.65362261,5.632406809,65.44624626,8.089885429,4.622965527,0
9967,3752.768208,33.3442427,0.382660921,0.359257871,0.775094306,0.129165692,96.66674696,1332.552317,36.5041411,10.01389496,0
6228,2133.384666,21.15109899,0.512066343,0.473927329,0.843415104,0.224676809,80.17112403,986.2855421,31.40518336,10.68746005,0
6095,1030.885108,12.85195901,0.537774407,0.475619754,0.890231353,0.226252822,65.21801811,554.4636372,23.54705156,10.81886205,0
3792,192.064723,3.820709799,0.71202439,0.584579199,0.91595144,0.341741949,24.25952828,137.2351289,11.71473981,10.53498015,1
2123,249.6298434,4.215906858,0.759320028,0.690377445,0.93585711,0.476630229,38.62983269,215.0308514,14.66393028,10.8567515,0
874,767.8448917,8.588174446,0.675008355,0.591633195,0.903295904,0.350060691,76.51485388,291.8924812,17.08486117,10.82085089,1
3864,286.4434906,5.621246086,0.728628817,0.68961201,0.951815298,0.475575356,23.39990093,363.7851645,19.07315298,9.436913655,0
1697,957.8005424,10.32806848,0.701822189,0.668033082,0.909156671,0.446288501,70.18419621,596.0027514,24.41316758,10.67553036,0
3335,3350.077961,30.67088101,0.474704487,0.458184077,0.78226512,0.21001772,85.68644026,1030.498358,32.10137626,10.40547367,0
7265,923.1792008,12.5661851,0.724964869,0.717736147,0.885328248,0.515152691,10.77111521,249.0888923,15.78255025,6.773147687,0
9632,1713.836763,18.49999871,0.562000265,0.524635308,0.864277503,0.275273333,64.21841609,1069.893167,32.70922144,10.42976785,0
5925,3993.589275,35.0578801,0.468018551,0.454537327,0.709565741,0.206725067,75.72222759,1464.168999,38.26446131,10.38648859,0
5688,132.3693157,2.769480821,0.764473071,0.631636238,0.954316151,0.398974484,42.70054117,108.5988826,10.42107876,11.17292997,0
2099,846.1570933,11.68986004,0.6622548,0.63319312,0.867359374,0.400955221,36.59091255,298.3840163,17.27379565,10.70807769,1
5527,1073.923843,9.391517323,0.877578141,0.874152128,0.675110563,0.764158654,9.255731181,222.6673239,14.92204155,6.842419463,0
6891,958.0861093,9.928489653,0.698861316,0.642046578,0.88218448,0.412255393,72.30952027,372.9669343,19.31235186,10.76096308,0
8833,2666.867659,25.9373227,0.515862068,0.499115234,0.819360146,0.249198148,89.18081451,1009.623681,31.77457601,10.31140051,0
7645,5169.803893,44.43734426,0.338939755,0.32507593,0.674763835,0.105824332,72.6408913,2025.807602,45.00897246,10.03981155,0
2869,291.8128171,4.980587959,0.702881603,0.596575165,0.925046388,0.355920808,42.58525719,181.0605522,13.45587426,10.88845837,0
861,3047.827115,30.19233031,0.449650213,0.430691533,0.784618606,0.185580374,75.9562513,1140.915254,33.77743705,10.52717325,0
7513,1057.129982,13.32607541,0.556758912,0.5032697,0.885565551,0.253313003,65.89463147,477.6187806,21.85449109,10.84449463,0
4415,1478.521626,17.47206175,0.556080597,0.524022502,0.846388599,0.274645846,55.5374516,671.218467,25.90788426,10.7731619,0
5863,2208.391895,22.98163329,0.562878029,0.543929182,0.777747099,0.295910285,56.11920445,761.6634208,27.59825032,10.45190828,1
8064,2239.310328,19.70603334,0.485937883,0.426131421,0.859814237,0.181644082,111.8013952,768.8533385,27.72820475,9.556264408,0
6773,22.07292928,0.345589758,0.988511461,0.987380121,0.909239628,0.974919552,6.508926314,26.42399608,5.140427617,6.154614515,0
8877,2581.450744,22.71978239,0.5028193,0.464299199,0.810544071,0.215651773,95.75595643,913.8898252,30.23061073,10.09547682,0
6674,1673.355464,19.09171274,0.580794637,0.55811734,0.846669729,0.311519596,53.90503843,612.8720241,24.75625222,10.78454868,0
6246,34.28843789,1.170536003,0.863723928,0.763086195,0.974031832,0.582301149,14.88663823,77.58733799,8.808367499,9.469371708,1
3720,3101.827158,29.67460566,0.495278197,0.482068243,0.780394704,0.232446882,63.01739378,884.3585987,29.73816737,10.62752567,0
1378,593.4714509,7.45669336,0.706193335,0.652261883,0.923779585,0.425457627,64.30897307,505.4494755,22.48220353,10.78957053,1
7389,1791.240897,22.61528465,0.527564895,0.513018914,0.752172858,0.263240041,36.00980526,513.618316,22.66314885,10.42821853,0
687,72.93420905,1.682705361,0.861686794,0.787333717,0.962441459,0.619898168,39.40794519,74.61728806,8.638129894,11.16275686,0
8479,412.8195677,5.966626095,0.753455283,0.690347192,0.906255465,0.476595826,42.26093832,164.8859439,12.84079218,10.79720087,0
5418,1934.013339,20.70758141,0.605446874,0.590016197,0.832110689,0.348140814,53.40524202,736.652998,27.14135218,10.56751503,0
4,71.74531429,1.628504236,0.877167878,0.833633977,0.921965737,0.69494717,7.258135588,32.11677031,5.667165986,6.756532244,0
8321,2834.928413,23.53483949,0.566775737,0.541710819,0.802431154,0.29351924,92.71810883,1071.967434,32.74091377,10.14758976,0
5599,1929.189777,20.65171893,0.6153657,0.604059339,0.821231673,0.364937501,65.83689072,895.3365202,29.92217439,10.66196362,0
4900,1235.914586,13.92123346,0.633130983,0.602609702,0.850375961,0.363172309,63.47367183,430.0002576,20.73644757,10.63014028,0
301,815.2077831,8.705160665,0.653488129,0.571052197,0.909170311,0.326133231,87.19435071,295.4514167,17.18870026,10.78191242,0
5116,1714.812121,18.86192322,0.546323286,0.51289307,0.855269179,0.263098271,69.78337981,664.440574,25.77674483,10.858477,0
1110,1439.324725,16.56100651,0.557810308,0.523354939,0.852054051,0.273939876,58.05716072,617.4116391,24.8477693,10.76985693,0
6921,328.4359838,5.680732463,0.672252914,0.560270097,0.911180061,0.313927549,45.40079552,208.7254243,14.44733277,10.7149496,1
4742,3639.138435,31.25364663,0.486194949,0.470399871,0.777054408,0.221386903,89.2569835,1137.594167,33.7282399,10.31431172,0
2445,227.603795,4.691242077,0.700282656,0.623342045,0.939189517,0.38857282,33.53279293,291.9336781,17.08606678,10.52260824,0
599,1805.638936,17.65838053,0.516407943,0.474281533,0.873592693,0.224986434,100.6235837,761.9755423,27.60390448,9.737081789,0
8329,111.8273416,3.113434509,0.698423464,0.577103931,0.938195102,0.333062739,19.94847617,103.1951059,10.15849919,10.20915717,0
2631,415.6876215,6.529465607,0.794203861,0.780478037,0.922702784,0.609152177,17.09986764,305.4971171,17.47847582,8.297940936,1
306,3923.485677,34.6970133,0.476563466,0.465070492,0.732554178,0.216381302,76.79735577,1296.22033,36.00306,10.55033494,0
9524,848.3149982,11.28995985,0.603703106,0.556857676,0.918956529,0.310117731,63.88749893,573.787275,23.9538572,10.75915043,0
6151,4507.164988,38.07692909,0.445600711,0.433425634,0.710705896,0.188007654,84.10281445,1686.645369,41.06878826,10.3126565,0
1932,215.8139079,3.680590926,0.809278092,0.741184786,0.937874087,0.549362117,40.72437471,127.6159633,11.29672356,10.9258051,0
4135,753.7448837,12.47388699,0.548571617,0.511660344,0.931076724,0.261814996,27.23413834,703.352776,26.52079893,8.33485035,0
2900,860.1076069,9.931740739,0.689559178,0.638224631,0.891489696,0.407363416,70.44247953,350.8006975,18.72967425,10.87913216,1
4173,3204.849643,30.9371126,0.425886103,0.398676112,0.772866858,0.159027135,75.57969244,1088.62604,32.99433345,10.6212587,1
1638,471.3104393,7.539404371,0.700441902,0.658755491,0.910046248,0.433968174,35.73498246,220.9755106,14.86524506,10.82762383,1
1831,1769.947495,22.90970354,0.441058068,0.414391915,0.827600953,0.171769272,22.4401011,588.0849968,24.25046385,8.04157269,0
4666,1983.883112,18.54149387,0.505296159,0.448931092,0.870189334,0.201597358,91.75629011,804.9465645,28.37158023,10.08346294,0
6515,2519.421634,23.03761016,0.444672223,0.393016235,0.820221819,0.154532676,90.83913389,957.1093675,30.93718422,10.25460376,0
9162,62.42776874,1.136461453,0.935505889,0.911941062,0.950446116,0.831636811,28.03990392,84.09393691,9.170274636,10.82940178,1
397,788.3693464,8.213367971,0.872360111,0.87011305,0.794238444,0.757099481,6.93944735,104.5780937,10.22634312,5.844538552,1
6955,326.7460393,5.380907521,0.696365308,0.621679815,0.93893723,0.386502377,52.64166829,201.6163265,14.1991664,10.67864064,0
1239,3054.41689,27.97150258,0.345730367,0.296837871,0.784925406,0.088182094,87.79135963,1257.0972,35.45556656,10.15504,0
5662,3070.38281,29.14102914,0.58306601,0.57645816,0.710502574,0.332321127,11.13870564,380.1079424,19.49635716,6.509527304,1
4972,3444.168164,31.0636238,0.487483779,0.47408303,0.77234392,0.224845378,76.27438909,1219.445074,34.92055375,10.58418654,0
5915,1938.797799,17.8216124,0.599684027,0.567992267,0.84841926,0.322659812,85.41135368,676.6153329,26.01183063,10.71807634,0
8514,517.7841782,7.037068224,0.802412951,0.783315672,0.885208468,0.613595019,34.59204414,416.0441279,20.3971598,10.13030882,0
7520,40.71125906,0.448657673,0.991935503,0.991700113,0.910829558,0.983469133,20.12995617,127.1623899,11.27663026,10.43823252,0
3357,84.94839723,1.891391032,0.705865933,0.398796379,0.928271377,0.159054444,20.21654887,56.80943123,7.537203144,10.70816312,0
3394,4229.425912,39.90242721,0.39421485,0.382577375,0.68820537,0.146480376,59.39449904,1447.361427,38.04420359,10.25448523,0
7867,1311.423775,12.99241689,0.696276552,0.673985548,0.870963748,0.454274157,71.46307934,462.9014256,21.5151441,10.71510636,1
4749,1577.092323,16.53457198,0.575392778,0.532764448,0.837007783,0.283896227,85.94324734,460.6522745,21.46281143,10.73804317,0
136,551.8676071,4.93464035,0.933201651,0.931403383,0.689236304,0.86751559,6.250963609,100.4987281,10.02490539,5.289319424,1
7674,332.6400074,5.050183802,0.768062845,0.718803627,0.92713613,0.516688239,59.3251019,151.0192069,12.28898722,10.56367693,0
3475,1959.636646,20.79243551,0.560018895,0.527015153,0.8275718,0.277803118,58.93382224,670.7933985,25.89967951,10.76834176,0
8649,1057.599565,12.32166126,0.450145864,0.352571474,0.901580506,0.124342968,84.21019771,598.3031114,24.46023531,10.81428459,1
544,59.54280978,1.879036704,0.811094641,0.438476891,0.930284089,0.192293023,26.14383717,19.84148345,4.454378009,10.74599528,1
746,2285.74439,24.66542745,0.490135449,0.469803023,0.828137256,0.220820301,64.28232164,781.0836802,27.94787434,10.73534546,1
4771,515.5083627,8.78437208,0.682570912,0.659262966,0.916576641,0.434641947,18.99070405,329.7295162,18.15845578,8.510828758,0
3200,293.9862156,5.076769652,0.726755365,0.649748351,0.928092767,0.422189107,36.43366662,239.9190068,15.48931912,10.91299654,0
3423,5691.005768,48.89692066,0.365035865,0.355899201,0.619852006,0.126765027,84.822931,1561.30196,39.51331371,10.44566715,0
3238,1156.459134,12.46800494,0.79404344,0.789340449,0.73856631,0.62307645,11.81764199,199.4385627,14.12227187,7.709371183,0
4443,2096.54948,22.9172834,0.548799723,0.532242995,0.797252357,0.283359426,53.0446324,677.3402331,26.02576095,10.79728232,1
6598,1703.431944,16.03940481,0.480281482,0.424131571,0.89643554,0.179922754,116.4212691,564.8938316,23.76749527,9.556733636,0
6102,41.86462539,0.595163064,0.984555442,0.983419204,0.803818063,0.967113419,5.39828422,13.86086256,3.723017937,5.49977214,0
7838,2014.561799,19.11120742,0.555984544,0.51101511,0.855419514,0.261180283,89.43062964,893.2160536,29.88672035,10.41304889,0
4595,921.3073654,13.768741,0.562918188,0.533915763,0.887379145,0.285084137,23.61644878,477.5244948,21.85233385,8.86546059,0
5153,3308.292683,28.62998062,0.543296709,0.530386887,0.788421021,0.281390901,94.46212806,1038.948217,32.23271966,10.34012706,0
6899,1547.680867,14.59667016,0.550459272,0.482009105,0.876847672,0.232380055,94.49249423,628.6166681,25.07222902,10.52483865,0
7345,81.03826892,2.275652824,0.710368575,0.431686253,0.945237564,0.186373034,28.99624797,63.05329835,7.940610704,10.67246172,0
962,1731.694749,26.76054749,0.254572915,0.227726802,0.847135566,0.05187082,102.2992739,1169.948713,34.20451305,10.05856812,0
7266,334.8534215,2.596008434,0.965187977,0.96007226,0.37538633,0.921740111,4.444930047,18.92115075,4.349844912,4.25939125,0
1692,73.89609779,1.815907142,0.887130067,0.839144704,0.931781619,0.704168454,25.09184185,91.93616513,9.588334846,10.67407066,0
5544,778.7352748,9.667661581,0.561195052,0.464489914,0.915554008,0.215785839,69.53942851,689.335178,26.25519335,10.81856959,0
761,1391.630046,13.46698186,0.631807861,0.592357645,0.887927584,0.350931262,84.09574892,670.567519,25.89531848,10.64467849,1
9607,1736.954915,17.54933487,0.616526401,0.586307327,0.83438192,0.343802547,68.69919155,625.2569889,25.00513925,10.78010194,0
4640,4248.927504,39.17664668,0.393209942,0.380145669,0.712148987,0.144620892,68.53312876,1405.222763,37.48630101,10.52826739,1
6651,3062.615645,26.36549497,0.445678059,0.4084349,0.799058197,0.166906869,108.8293813,946.8852528,30.77150066,9.708953476,0
7321,797.8414956,11.26953966,0.621623356,0.58180257,0.885250118,0.33852265,40.08291365,437.6236785,20.91945694,10.51268772,0
2350,1507.826185,15.91373052,0.544038437,0.498142091,0.864228188,0.248187091,76.72086277,478.2749575,21.86949834,10.75715224,0
7142,33.33206068,0.184557713,0.998237637,0.998116997,0.430254142,0.996237553,4.177441162,0.857322846,0.9259173,4.255542205,1
2560,2167.431532,25.99987226,0.296539874,0.264748761,0.830500558,0.070139348,89.81466021,1193.099227,34.54126847,10.28984686,0
2975,3055.285659,32.47860521,0.44055722,0.427383022,0.750105578,0.182691615,44.73862095,932.1662603,30.53139794,10.3227076,0
3,546.971374,10.01254567,0.452440179,0.359350912,0.936172841,0.129148282,26.1337529,643.6523983,25.37030544,8.383531705,0
3250,100.958006,2.923391834,0.696281502,0.543551385,0.959605006,0.295458018,29.18957792,141.0307777,11.87563799,10.78683095,0
9211,395.3283383,4.576786034,0.864124707,0.844654536,0.912754495,0.713450936,53.12613242,315.667973,17.76704739,10.91658942,1
120,89.99035372,2.65236143,0.739781464,0.613912277,0.958153861,0.376896713,26.86174582,88.98351768,9.43310753,10.87820973,0
4746,2197.058338,22.50475907,0.545255495,0.521896291,0.807006749,0.27243478,60.92155821,796.7760514,28.22722182,10.64194512,0
5752,45.50246503,0.373838792,0.994215743,0.993834843,0.522656625,0.98770777,4.245585391,5.435580911,2.331433231,4.277496724,1
9326,792.1890159,9.310381177,0.75754551,0.738583542,0.869647941,0.545516158,38.89232392,379.6581926,19.48481954,10.68728781,0
9399,732.6651112,13.28468088,0.545876755,0.522367795,0.898516514,0.272884196,16.32415225,318.1973936,17.83808828,8.044552987,0
679,1498.226715,15.73673379,0.729591333,0.722238681,0.804036237,0.521646477,40.16643202,555.9732725,23.57908549,10.4181498,0
8529,3509.603912,31.56623052,0.441953204,0.420884535,0.773009813,0.177323897,80.36755914,1235.656426,35.15190501,10.47350501,0
4901,1710.934231,17.69740767,0.71784382,0.712048633,0.779352055,0.507026001,13.99141968,364.7052557,19.09725781,7.898072601,0
4676,2038.787451,20.93664472,0.540358044,0.515771235,0.853584496,0.266079212,78.22281728,720.2570581,26.8376053,10.6709963,0
6547,1271.362644,14.40879953,0.523024919,0.437174077,0.868959374,0.191169321,79.72229246,556.8236371,23.59711078,10.83433656,1
9533,686.047576,8.009032127,0.693599386,0.611036561,0.909907768,0.373388703,75.10253696,263.0690062,16.21940215,10.75125388,0
7398,3195.218996,29.76982084,0.496392413,0.481989579,0.78625964,0.232396136,75.20995742,924.3307717,30.40280861,10.5978068,0
131,874.7243794,10.00452981,0.687615779,0.64797846,0.892557536,0.419912348,76.55091857,375.3854696,19.37486696,10.84885388,1
6106,59.33897212,1.235616209,0.893762698,0.795748307,0.864073716,0.633219642,7.783317294,16.56596885,4.070131307,7.798887693,0
6452,1746.22819,18.15049923,0.715089317,0.709078888,0.687014301,0.502830432,16.35982674,284.4811825,16.86656997,9.219364172,0
3392,2552.65392,22.6826012,0.572761409,0.548166032,0.817662141,0.300549301,82.1888254,912.6009164,30.20928527,10.46360485,0
5846,99.02640113,1.910563275,0.783994226,0.541557111,0.93548834,0.293291614,23.97148427,54.10640419,7.355705553,10.45406907,0
1255,716.2274783,9.287719281,0.641906072,0.582427722,0.900505536,0.339249371,62.86974103,352.0996489,18.7643185,10.95207009,1
1908,216.1228216,3.455800201,0.800764923,0.73766353,0.937134847,0.54415644,46.9044886,206.02183,14.35346056,10.75564534,0
8183,4752.836445,38.89206523,0.418181939,0.403351612,0.729363707,0.162825147,88.89434183,1610.378095,40.1295165,10.31823437,0
2390,2094.981199,18.88983602,0.639199711,0.61582178,0.822789268,0.379292419,76.42568108,847.8354083,29.11761337,10.68220514,0
9676,3694.487967,35.19446106,0.498615673,0.490041216,0.658084342,0.240168346,23.64025645,768.4924209,27.72169585,8.90285084,0
3561,1563.337341,20.54214692,0.548025315,0.535065621,0.851514803,0.286312045,16.74050376,404.5903015,20.11443018,7.98631845,1
9415,1036.384224,12.46608599,0.562805177,0.496031326,0.874689278,0.24608911,63.81282994,469.0225183,21.65692772,10.75415359,0
6568,96.95576797,2.067457829,0.84157581,0.777904834,0.943285731,0.605140863,22.77013497,124.5654055,11.16088731,10.40561484,1
3889,5514.605724,46.85419336,0.350327547,0.339258123,0.638657458,0.115233173,75.54158988,2043.674735,45.20702086,10.31092378,0
9102,21.62087665,0.810662325,0.880329612,0.793826016,0.966001976,0.630162888,7.320905543,26.88715234,5.185282282,6.925043083,1
5585,2300.490817,26.7727844,0.33463982,0.294201277,0.814917663,0.086586331,45.80138408,1056.025681,32.49654875,9.854298024,0
6363,1528.556328,19.66456573,0.485680773,0.461115859,0.877931817,0.212676481,53.45231868,896.1192686,29.93525127,10.4506519,1
3536,1857.000211,24.52398658,0.423998363,0.404762413,0.85943083,0.16387169,32.8958465,851.6232648,29.18258496,9.234253761,1
1676,1103.85954,12.33611708,0.793053878,0.789281632,0.803258626,0.622975459,10.14496528,270.2676755,16.43981981,6.556038959,1
5070,1978.572833,22.55160056,0.523745689,0.500860225,0.829103466,0.250882579,40.76221189,656.8204368,25.62850828,10.49960817,1
9984,1152.357666,13.85521382,0.658480814,0.636732654,0.8831184,0.405451245,46.40059774,601.5790516,24.5271085,10.61599337,0
323,1160.919528,13.76365246,0.647729821,0.623866428,0.869918563,0.389234539,56.61749617,543.3753983,23.31041395,10.7315799,1
844,2556.580928,20.40655372,0.552607272,0.505520082,0.836814334,0.255623526,117.5886489,734.6714128,27.10482268,9.379286214,0
704,1253.778495,12.97723915,0.561860217,0.503093485,0.907298004,0.253141387,91.80553086,648.9419207,25.47433847,10.42786407,1
2729,322.7406404,5.412237475,0.781169245,0.755486392,0.90566309,0.57076472,22.21858673,202.7599523,14.23938034,9.87906233,0
3929,1530.942253,18.50779163,0.499170524,0.465640368,0.852682247,0.216880987,67.12763236,798.0189393,28.249229,10.65008572,0
9042,5327.519752,44.61437792,0.372396848,0.35988583,0.662053497,0.129676816,75.05224485,1955.320055,44.21900106,10.23045322,0
5670,2490.10785,21.37227819,0.554099213,0.527213153,0.843142747,0.278020259,93.95989001,1004.348208,31.69145323,9.974502672,1
5778,859.6518357,11.68896726,0.565598143,0.49871047,0.900941503,0.24873412,52.33148987,436.938267,20.90306836,10.86719265,0
6694,1482.507192,16.75148506,0.653210039,0.641114002,0.858805989,0.41105585,51.81455793,515.1845768,22.69767778,10.7401639,0
3788,3516.233856,29.94682268,0.501475101,0.482136738,0.766777838,0.232565209,88.10540416,1100.74658,33.17750112,10.29008357,0
9715,692.2956885,9.851375818,0.625974905,0.564092456,0.882656932,0.318230722,53.31074115,334.9695263,18.30217272,10.37047209,1
1636,1118.861422,11.54078044,0.626469113,0.563929012,0.886812277,0.318052184,81.72879371,441.0301781,21.00071851,10.85963034,1
8756,4745.865088,40.97521732,0.402805456,0.39040707,0.699757396,0.152543733,79.40446909,1644.224293,40.54903566,10.41717136,0
4725,63.1844008,0.904302448,0.974647491,0.973261615,0.941862438,0.947238354,16.35416239,147.6253379,12.15011679,9.632625385,0
675,1574.134304,17.83097482,0.644447774,0.632361558,0.813092947,0.39991547,47.67896092,613.9097331,24.77720188,10.65080464,1
6527,88.49494568,2.006855793,0.818748152,0.723766172,0.963188425,0.523841164,33.09831873,102.0348377,10.10122952,10.87923433,0
18,666.6523083,10.17998801,0.717662196,0.705126512,0.921739827,0.497223546,16.34311699,349.8946037,18.70546989,8.185323311,0
3227,1818.475957,17.47571659,0.595890484,0.556949658,0.857587544,0.310232442,79.29808342,656.5179936,25.62260708,10.7746031,0
3128,1338.717172,14.85863135,0.604522284,0.570458032,0.881267635,0.325450861,64.54879372,619.9188772,24.89817016,10.78763116,0
7132,1815.822098,15.52033989,0.679154538,0.655759555,0.8559815,0.430042789,86.79791857,576.8887961,24.01850945,10.66764324,0
8880,698.6808857,6.102334505,0.916788855,0.909286823,0.862661242,0.826803278,25.70748783,344.255792,18.5541314,10.61311656,1
9772,2305.776356,26.79772278,0.341326221,0.307265793,0.808382454,0.094476366,54.1988258,1295.40251,35.99170057,9.735350322,0
1784,3346.85744,31.70804718,0.467814673,0.451307752,0.757772182,0.203749591,70.26285286,941.4131467,30.68245666,10.59304444,0
2439,1537.334566,15.36009848,0.645719607,0.616125855,0.848715058,0.379646375,74.44092308,629.2626638,25.08510841,10.65630186,0
4556,2932.578687,26.30105203,0.494431587,0.468306545,0.807236757,0.219388833,86.80082066,1030.313212,32.09849236,10.39565581,0
5683,407.5514506,7.518192438,0.629006485,0.552367297,0.906820879,0.305127325,27.00818637,175.235117,13.23764016,10.78527231,0
4815,2089.270386,18.16100272,0.565708714,0.518734804,0.858608817,0.269147411,100.2530903,665.6085089,25.7993897,9.862383886,0
9732,4796.19692,39.4984977,0.404934678,0.386264481,0.694251403,0.149335869,87.88668244,1793.137167,42.34545037,10.2448435,0
1436,2202.215373,22.96569544,0.569758945,0.557556722,0.826693281,0.310912348,77.10816489,787.5494215,28.06331095,10.65736369,0
6423,2298.363275,23.80354704,0.568179879,0.554436119,0.818577284,0.307442835,60.52452098,957.7844709,30.94809317,10.35454873,0
5702,2818.862879,28.57276357,0.487491515,0.472074361,0.795078395,0.222913364,65.60495627,871.2512291,29.51696511,10.68347043,0
7717,639.7513092,8.589575137,0.620482389,0.548801872,0.922583707,0.301204516,63.12909684,524.3328443,22.89831532,10.72930759,0
3339,889.6033477,11.00644277,0.738162755,0.713960079,0.856864143,0.509757046,48.23039049,362.8731341,19.04922923,10.69278512,0
6330,1514.806331,16.2496919,0.494501615,0.41383237,0.855040682,0.171311022,79.51969155,544.8870124,23.34281501,10.85000003,0
6757,822.1388576,11.3652386,0.634721937,0.607191311,0.923253237,0.368693339,56.78663414,866.2346302,29.4318642,10.21384494,0
927,1290.753248,15.97521439,0.562369836,0.519871792,0.856690448,0.270281545,39.1912963,417.0781279,20.42249074,11.05053627,0
4390,1518.519589,17.38905842,0.515899823,0.477067914,0.851403987,0.227648165,72.59530026,730.3268863,27.0245608,10.76775694,0
3986,1917.120034,19.14722633,0.579958952,0.554527624,0.84729388,0.30755575,92.71499453,582.4974448,24.13498384,10.51103596,0
1430,4801.830244,40.380244,0.424724612,0.413108578,0.690966981,0.17079124,73.70004687,1901.864514,43.61037164,10.20315435,0
2275,1594.135224,21.89517904,0.466519788,0.445891789,0.858759757,0.198842312,22.56303011,669.8003105,25.88050058,7.810741744,1
6080,683.1678067,10.4465468,0.659416428,0.628797231,0.867704637,0.395400179,16.59927309,251.6269909,15.86275483,8.485219858,1
410,3221.488395,27.04795409,0.463055101,0.42432993,0.79734635,0.18015381,99.05400324,1124.659119,33.53593773,9.801580341,1
2073,1825.278522,17.0976672,0.492296136,0.43888638,0.878569541,0.192662086,94.23928252,819.5810059,28.62832524,10.10368372,0
9133,3403.950834,29.00211491,0.539988995,0.526231632,0.765310022,0.277018038,90.54488992,1136.230594,33.70801973,10.3909178,0
7570,2555.648386,22.06163635,0.560953678,0.534193967,0.813374389,0.285423759,80.57985811,897.345976,29.95573361,10.59197393,0
8098,609.571886,10.84838562,0.488999761,0.422849458,0.93815624,0.178819559,25.85621762,662.5371662,25.73979732,8.362119314,0
3834,2326.842629,25.03423209,0.582151074,0.574020785,0.791949197,0.329530269,27.25159262,646.8620755,25.43348335,9.999553229,1
2739,4046.42793,35.46064721,0.474168266,0.461606223,0.68636722,0.213204354,77.50714354,1414.114984,37.60472023,10.43745289,0
7843,1636.846079,18.29666953,0.679129142,0.67198242,0.749304336,0.451584671,22.79138694,340.9396259,18.46455052,10.0779493,0
2893,3377.27194,30.62651622,0.429275446,0.398609339,0.757590764,0.158983973,88.11212221,1256.880601,35.45251191,10.36280693,0
4282,473.911748,7.097244293,0.681942444,0.613978176,0.914883349,0.376982805,40.8846866,290.8480273,17.05426713,10.6651461,0
2006,874.9358872,12.74417887,0.638384965,0.616127353,0.852854776,0.379629533,14.11267551,211.5591686,14.54507369,8.09436552,0
7235,22.068427,0.137028737,0.998855553,0.9986838,0.657149517,0.997369337,6.103928929,15.09342801,3.885026127,6.44047395,0
8613,3064.369367,30.33327485,0.461045597,0.446342747,0.80598353,0.199310551,74.75196019,1330.088004,36.47037159,10.46528381,0
6284,2902.185639,26.79515271,0.49276101,0.470422908,0.785423705,0.221375973,79.86838697,993.2773204,31.51630246,10.58003173,0
3613,662.5029408,7.984136449,0.844750655,0.840409009,0.796431718,0.706294059,14.01771237,201.1007614,14.18100001,8.080055982,0
11,1281.24595,14.24681829,0.627660196,0.592122169,0.868700965,0.350644167,78.10847716,419.512559,20.48200574,10.84374076,0
8715,497.6549829,6.594437262,0.69905161,0.634655255,0.928307834,0.402801884,65.08815448,216.9388782,14.72884511,10.59300711,0
7828,2464.411974,22.60754485,0.605298712,0.587509063,0.804416224,0.345251041,82.71402134,779.5446681,27.92032715,10.62856591,0
1374,739.8566567,13.41609502,0.457711691,0.408320473,0.920497185,0.166738868,28.55815998,608.6753312,24.67134636,9.132244544,1
4646,989.1696583,12.10597191,0.627179639,0.565138345,0.87030923,0.319401743,58.18488106,385.3119631,19.62936482,10.72716362,1
7316,1018.830701,10.84873532,0.693337456,0.658059561,0.893925474,0.433062462,77.10479151,429.2336786,20.71795546,10.79364704,1
4099,1902.768106,24.56752715,0.467804092,0.452913627,0.827700447,0.205161121,36.00062163,840.6430788,28.99384553,9.670316582,0
6896,2084.066167,18.44703524,0.605583854,0.578851112,0.829710407,0.335121015,99.84226226,553.3660568,23.52373391,10.16278399,0
309,105.2081724,2.046731364,0.885251331,0.849070255,0.878159287,0.720923806,16.93486936,57.77013102,7.600666485,10.15825807,1
571,942.4686251,11.5093783,0.611997708,0.551343555,0.908375006,0.303989051,51.19480577,415.8187478,20.39163426,10.81735461,0
8562,2672.171086,24.00769826,0.539098698,0.517167019,0.813025631,0.267583854,87.97249604,825.1250576,28.72499012,10.35833725,1
479,802.7786355,10.83990527,0.554438628,0.494530326,0.915264417,0.24461098,63.88226322,600.0466748,24.49585015,10.76261278,0
1177,153.7551761,3.695680444,0.657694387,0.530670682,0.959763953,0.281620443,28.47195447,226.8952246,15.06304168,10.62098337,0
3149,1956.182244,17.44088255,0.52941495,0.470331016,0.867208099,0.221251165,108.1459915,722.0083187,26.87021248,9.288177411,0
5847,1321.5196,15.99596661,0.58677204,0.555721682,0.870506788,0.30884386,43.96685369,531.6342056,23.05719423,10.72116482,0
5759,465.5300266,3.566460127,0.953194584,0.946195086,0.363115098,0.895287305,4.977705673,41.56607194,6.447175501,4.669425852,1
1543,626.3533199,8.141509368,0.631421453,0.552154897,0.915014322,0.304900031,69.24456146,285.2418989,16.88910592,10.84426819,1
9999,1095.986672,12.23912862,0.63635698,0.589640141,0.889769237,0.347701462,71.53072603,482.4662593,21.9651146,10.75826065,0
8429,2128.727458,20.36460061,0.433478115,0.377529588,0.838077261,0.142585403,91.40584203,803.3568422,28.34355027,10.36927998,0
297,3892.473777,33.14972927,0.575917144,0.569571612,0.671710274,0.324491457,30.01780678,1560.551613,39.5038177,8.414384666,0
4656,582.9918873,6.294515858,0.725439426,0.618655407,0.93046351,0.382749001,87.69092335,266.260049,16.3174768,10.94938006,0
234,544.9431311,6.800706611,0.719718083,0.641198371,0.906926393,0.411161341,68.10421203,209.0016033,14.45688774,10.74263629,0
1677,193.044619,4.530827062,0.682969474,0.596220819,0.942522114,0.355497523,23.02510477,200.7462062,14.16849344,10.21743112,0
8575,106.2688682,2.467404579,0.762166133,0.599434219,0.907856197,0.359338679,21.83358224,75.00152814,8.660342264,10.34685053,1
735,1727.431447,17.11148693,0.5058925,0.447739465,0.844423434,0.200532263,81.82894737,712.720129,26.69681871,10.71929115,0
2044,941.487112,14.01976222,0.553875002,0.52139902,0.858991492,0.271883691,44.08372471,466.3687127,21.5955716,10.53856803,0
3962,428.6745217,5.935863836,0.837153359,0.817157015,0.758347193,0.667750246,12.04288434,83.72801073,9.150301128,8.555527122,0
7341,1591.345963,15.61048525,0.768565729,0.764240347,0.757264609,0.584077398,10.8171961,317.4441178,17.81696152,6.84260668,0
9963,325.6568613,5.315641019,0.77233619,0.726811113,0.921579032,0.528268429,44.00120595,218.7085608,14.78879849,10.64938274,0
9850,1989.070651,23.84620417,0.486017954,0.468791463,0.822706579,0.219822886,55.02695208,955.0633456,30.90409917,10.56557059,0
2377,2658.487583,26.86457391,0.413083294,0.383360514,0.780734078,0.147057593,73.06063209,870.8458027,29.51009662,10.56429444,0
7073,948.2653744,14.0191194,0.526903434,0.483658031,0.898435268,0.233947835,35.22736021,617.928715,24.858172,9.983379565,0
437,2121.791964,24.86363037,0.457777731,0.436066052,0.826050474,0.19018823,43.91209025,775.314111,27.84446284,10.4786064,0
3056,3221.126574,33.98014725,0.412450723,0.39880101,0.767273684,0.159123675,40.63254725,1000.634171,31.63280213,10.37964738,0
4201,3090.904235,28.21127992,0.464817764,0.438544594,0.774651756,0.192428276,89.49041469,973.0805004,31.19423826,10.4098268,0
6376,901.1487263,10.20360127,0.691360463,0.647445945,0.910256053,0.419206059,68.31151511,786.3014235,28.04106673,10.65054188,0
6303,1042.907605,11.22648636,0.817098034,0.809518352,0.60142225,0.655337497,13.56096757,172.6061535,13.13796611,9.082337232,0
2807,811.6538767,9.310388563,0.688050026,0.651315194,0.923781099,0.424231131,71.415506,602.2930904,24.5416603,10.78593107,0
4956,620.6346378,7.736235512,0.670731343,0.592539021,0.920765679,0.351121663,66.83800154,321.6324012,17.93411278,10.78438781,0
4295,801.7060639,10.55893169,0.696195445,0.668532959,0.845982082,0.446967847,34.62157816,338.6962294,18.40370151,10.59485306,0
1496,346.0856703,6.614133829,0.602957424,0.510592354,0.924475206,0.260728483,38.33350422,265.4190914,16.2916878,10.78108154,1
1534,1338.48573,16.80476961,0.588897656,0.563749443,0.85859683,0.317829715,43.04745835,731.6382005,27.04881144,10.12938721,0
9912,1443.841343,17.93567546,0.437408607,0.386419821,0.872671289,0.149383045,57.9099242,966.9320709,31.09553136,10.23435076,0
237,638.622329,8.359505095,0.821334667,0.815629121,0.887642702,0.665274527,17.56061514,315.9059577,17.77374349,8.860821041,0
1649,1156.778807,12.01241298,0.785959847,0.779887973,0.830128858,0.608239774,53.47166049,416.9089046,20.41834725,10.695987,0
5180,1883.577856,21.96260331,0.515205676,0.490234764,0.807022876,0.240381931,43.36584444,698.951783,26.43769625,10.1008243,0
7189,1721.978652,17.49958278,0.613125798,0.587289259,0.835156876,0.344961214,78.59893133,515.1618172,22.69717641,10.75731908,1
3279,1767.470436,19.02356692,0.535833343,0.504195993,0.852675631,0.25425943,77.73968751,579.2880931,24.06840446,10.76114235,0
4025,2998.148396,33.08577138,0.446108747,0.436048988,0.702441419,0.190172165,22.73297759,580.3846222,24.09117312,9.195969142,0
3814,6562.278862,51.55637042,0.360021375,0.350178586,0.594089938,0.122829443,80.18927481,2577.457177,50.76866333,10.20537902,1
2467,61.2986977,0.620506869,0.990419923,0.990213863,0.878184372,0.980523526,4.183235376,12.85450088,3.585317402,4.051960523,0
9727,224.1747343,4.535702855,0.691852552,0.597365082,0.937511493,0.356858512,35.85428073,129.7004271,11.38860953,10.90119213,0
4680,3369.529213,29.06637809,0.464055837,0.436945795,0.762561543,0.191050702,95.7379631,1097.044231,33.12165804,10.10478326,0
8911,1043.448404,11.25956778,0.600214861,0.53777335,0.909793197,0.289227896,70.42420095,526.6879239,22.94968244,10.81261052,0
8548,1754.346442,17.80061084,0.586939521,0.560037439,0.866291618,0.313696771,76.71425593,740.7997663,27.21763705,10.66158286,0
6986,371.5151217,4.894020763,0.790210146,0.736551475,0.927840799,0.542521058,60.45498872,304.715136,17.45609166,10.53422589,0
2921,1399.742475,15.98213577,0.63777617,0.615798229,0.850180801,0.379227613,36.68525834,391.6554259,19.79028615,10.61928778,0
3173,3770.284515,33.1922055,0.434098921,0.417124808,0.746673,0.174113658,114.5898495,1008.085017,31.7503546,9.841390595,0
598,1309.039601,15.79500865,0.557770284,0.525735212,0.880132037,0.276464897,65.25082961,735.7504114,27.12471956,10.75395863,1
6260,781.7847135,9.659228902,0.690899075,0.651481121,0.897444414,0.424452157,48.04334148,434.5961303,20.84696933,10.71726458,1
4660,698.7186314,8.214424573,0.753570506,0.722997682,0.910764835,0.522744404,68.94232511,334.8181801,18.2980376,10.53772829,0
3141,822.0377542,10.61264813,0.638007263,0.592607605,0.919052235,0.351205783,58.92398731,629.3427254,25.08670416,10.53438558,0
760,3922.946908,37.75759299,0.458186512,0.449571891,0.65217336,0.202163955,26.53796107,842.8111614,29.03121013,9.165461607,0
3809,4943.702321,41.07634482,0.425606448,0.414152816,0.700592099,0.171693287,77.63384124,2048.675719,45.26229909,10.29589763,1
6645,370.8973109,4.691511325,0.841046944,0.817994022,0.905577249,0.669117493,40.43479048,169.9143868,13.03512128,10.90691588,1
10,1310.426046,14.52966478,0.658475726,0.638724925,0.874970564,0.407986467,66.23438976,539.1491184,23.2195848,10.68500549,0
5874,3223.176195,27.99489202,0.518136917,0.499769575,0.762610125,0.24989159,77.39123827,1109.2759,33.30579379,10.53027651,0
9928,2004.748623,21.45264974,0.539030098,0.517281983,0.831719961,0.267642671,58.88573083,771.9603466,27.78417439,10.66572738,0
7353,1172.588636,15.63473182,0.627710648,0.612701089,0.876371961,0.37542374,30.39289368,544.926102,23.34365229,9.609596129,0
5926,1445.074194,15.92802426,0.597352374,0.566747374,0.877069163,0.3212348,64.273804,660.2447785,25.69522871,10.91624209,0
7779,3770.405274,31.30817129,0.509069734,0.494056189,0.762919735,0.244181382,93.66130205,1284.219435,35.83600753,10.17296765,0
5211,172.5920475,3.34723738,0.787370797,0.718751669,0.953548294,0.516608694,37.90167751,148.8946805,12.2022408,10.94607241,1
6747,4314.659745,39.31957457,0.385739798,0.371693289,0.72113811,0.13828618,71.88062353,1512.678339,38.89316571,10.52809542,0
356,1437.269017,16.19149201,0.569499119,0.540487168,0.869274098,0.292171087,63.2830967,807.3019934,28.41306026,10.65547682,0
6305,2242.44697,25.42357153,0.425545139,0.397540039,0.825164102,0.158095113,57.8920025,881.0405732,29.68232762,10.64633262,0
862,2308.194289,21.22378122,0.518846533,0.48682039,0.838640348,0.237043727,86.59659199,939.6053937,30.65298344,10.46123741,0
751,3719.358521,31.58562262,0.494852768,0.472615961,0.740064475,0.22346424,83.27997352,1216.333113,34.87596755,10.54501015,0
1779,1594.414529,15.98201908,0.600461161,0.554527056,0.869064919,0.307550037,75.56090245,679.0023854,26.05767421,10.6827689,0
1886,20.54080307,0.318941757,0.967136642,0.834779729,0.727529046,0.69685983,4.704557625,1.904116195,1.379897168,4.90275215,1
9972,735.905909,9.445587422,0.59589439,0.528677066,0.923522728,0.27952007,70.96608943,414.5085033,20.3594819,10.71614588,0
1826,418.668531,5.753621499,0.864176916,0.858771838,0.813805196,0.737493395,8.52719954,69.46024351,8.334281223,7.195211973,0
1395,2112.437366,21.04412344,0.591401522,0.575563849,0.83653602,0.331338044,76.88340097,736.4990264,27.13851555,10.60570823,1
3324,3830.67557,34.40352649,0.455165647,0.439950109,0.737756211,0.19371001,75.91001299,1255.76651,35.43679599,10.57422243,1
6297,970.4336928,11.21024378,0.624413764,0.574154008,0.899251228,0.329681636,80.24948163,394.4983461,19.86198243,10.85970689,0
7604,425.2856704,4.634867901,0.852179249,0.821348821,0.919278955,0.674620291,61.03456857,250.0204816,15.81203597,10.81251892,0
3092,1026.038181,10.85070115,0.822238158,0.817224762,0.702025685,0.667865648,9.011283286,107.987446,10.39170082,7.36209558,1
8320,121.5111604,2.982203922,0.774793407,0.710321931,0.942054502,0.504562789,9.858511192,78.26583898,8.846798233,7.506908149,1
6993,2593.250272,24.01757863,0.475652275,0.43556252,0.800564158,0.189780312,85.89280364,908.486675,30.1411127,10.65680752,0
3693,2753.364696,28.20709348,0.506852447,0.494030294,0.793358276,0.24412119,54.58374638,901.0653937,30.01775131,10.64494617,0
6604,1666.947285,14.0266016,0.657393204,0.624996117,0.889801126,0.390652179,107.7374943,582.1652298,24.12810042,9.755148256,0
2963,114.4220535,2.421907591,0.795385238,0.649147069,0.918508971,0.421406081,28.15186601,103.8303915,10.18971989,10.70525831,1
1866,693.9326104,9.392259476,0.683048043,0.650823871,0.91777922,0.42359149,56.15633803,371.8336014,19.28298736,10.88574329,1
6473,1203.493525,14.93223763,0.62763291,0.607890167,0.896719001,0.369556771,47.11707951,866.9642391,29.44425647,9.751986894,0
7659,72.67539614,0.579179061,0.99287625,0.992776825,0.764163599,0.985605862,4.320752818,8.10147552,2.846309105,4.348062343,0
9006,1692.860551,15.16822176,0.630823843,0.577547517,0.866005349,0.333598259,87.24046394,620.7161704,24.91417609,10.68645682,0
6936,4560.895402,37.87444345,0.422847076,0.402654333,0.719356799,0.162253875,96.19410254,1416.550412,37.63708824,10.11909442,0
8720,815.8934777,11.24521726,0.552927785,0.495828493,0.893377459,0.245875415,71.37319411,312.4866261,17.67729126,10.76927151,0
5163,65.19469897,2.229760959,0.679019361,0.506818853,0.963438231,0.256873001,8.802996724,67.73393012,8.230062583,6.782432984,1
2649,1373.247115,12.99675627,0.685727694,0.648539229,0.871508866,0.420640934,78.45368877,570.3322642,23.88163027,10.65529497,0
3885,2475.923996,23.41277553,0.488450463,0.44789869,0.795991774,0.200694484,80.82652039,948.6331149,30.79988823,10.53498092,0
1498,4360.078283,42.57751414,0.336276792,0.323661038,0.657114513,0.104859589,46.21124171,1412.435711,37.58238564,9.950719071,0
4166,543.8865235,6.799089038,0.717235714,0.667843598,0.933522126,0.446036559,58.51739541,376.8168095,19.41176987,10.88360017,0
7018,3209.554591,30.07711084,0.487124075,0.47230822,0.765277343,0.223177383,75.72374752,1174.644979,34.2730941,10.55968887,0
3715,122.2895745,2.769170823,0.789445702,0.638318098,0.932005525,0.407460709,36.63524169,63.31135773,7.956843452,11.05728841,0
5065,92.95306015,2.372406126,0.837975075,0.790200886,0.965103792,0.624420781,21.77428625,217.1313485,14.73537745,9.7873083,0
1087,1609.400092,20.67377651,0.545746168,0.532307844,0.850386538,0.283369767,19.76421555,560.2466946,23.66953093,7.784092559,0
6052,3427.783792,29.75676331,0.610633313,0.603750802,0.682836298,0.364527594,13.00905485,568.3297389,23.83966734,7.020791842,1
3812,606.9099897,8.982920917,0.5658673,0.475752529,0.92003181,0.226357514,41.60524603,264.3006943,16.2573274,11.01168678,0
5403,40.6132437,1.089445879,0.890304634,0.758631515,0.926089469,0.575526232,18.91674252,22.22899147,4.71476314,10.62128999,0
3932,243.3041469,4.65816343,0.69655361,0.620695593,0.952170756,0.385275746,48.45953882,248.2716178,15.75663726,10.66537873,0
7855,614.1856297,8.211393683,0.669266933,0.608490325,0.904337898,0.37028795,66.80079337,206.9667972,14.38634065,10.70429948,1
9849,1821.592452,20.2674916,0.60256298,0.588873726,0.827109216,0.346802594,59.71728699,735.6070365,27.12207655,10.57313392,0
8117,1231.988744,14.11232459,0.659628992,0.634764661,0.873874405,0.402949829,62.83195467,603.4841687,24.56591477,10.81187051,0
315,5178.232962,46.40852093,0.382208772,0.372609741,0.578165219,0.13887736,29.6734148,1344.910425,36.6730204,8.839907246,0
6606,3074.7874,28.77022458,0.493572396,0.477675983,0.782974085,0.228251934,86.78664017,1020.327171,31.9425605,10.39999527,0
7017,1922.328739,18.86716226,0.471535572,0.422313159,0.874275338,0.178394326,106.0056217,782.9960933,27.98206735,9.571347168,0
2849,22.5554825,0.755549734,0.904461428,0.856111191,0.962900324,0.732927536,6.73646157,25.80458565,5.079821419,6.555503169,1
4427,135.1958887,1.92287196,0.919939006,0.903942127,0.83877632,0.81711546,10.22010646,58.02843401,7.617639661,8.226046277,0
9125,990.6552251,11.59503557,0.562380074,0.467175763,0.872722142,0.21829774,71.95468127,325.7544203,18.0486681,10.76967763,0
3363,3336.659969,29.30408364,0.473557393,0.450787403,0.786057286,0.203315672,86.41520267,1134.15546,33.67722465,10.33848809,1
2642,3847.285894,33.68794001,0.409921529,0.388796154,0.761020065,0.151308082,89.09245985,1274.583328,35.70130709,10.22590585,0
1985,872.255395,9.533344423,0.735580067,0.696123119,0.897780491,0.484603625,82.97702196,271.5003302,16.47726707,10.89081878,1
2485,2158.851318,20.67698306,0.543340482,0.518471842,0.861456668,0.268864547,90.82546431,931.009412,30.51244684,10.24401107,0
5648,1576.502441,20.05536394,0.499671045,0.470380086,0.823540044,0.221279803,27.70220811,534.1254257,23.11115371,9.190569945,0
5271,91.16984814,2.515947987,0.707539875,0.47081949,0.935286211,0.221690631,27.33498468,71.59958302,8.461653681,10.52305946,1
1945,1131.176782,10.94163421,0.708874839,0.678929848,0.899509796,0.460962013,86.25607237,437.4057568,20.9142477,10.74898637,0
5051,1161.618849,13.52330162,0.584420948,0.537579754,0.897856881,0.289021692,62.1545378,506.6632333,22.50918109,10.84272724,0
8563,2800.391343,25.97439244,0.571368152,0.559482384,0.785419159,0.313083883,73.91954118,899.0427919,29.98404229,10.56316128,0
5356,610.3312164,6.940858217,0.806615749,0.78600293,0.888201478,0.617812756,66.67144586,300.1800142,17.32570386,10.68116121,0
8629,2639.631409,32.54087665,0.345287567,0.328951468,0.762980103,0.108253603,25.03758933,776.4950824,27.86566135,8.405503413,0
2495,424.0462134,7.277284223,0.624655128,0.536071253,0.91715365,0.287404328,47.91315719,308.7098535,17.57014096,10.49284457,0
9375,2846.329201,24.24933572,0.547474366,0.512698251,0.808608531,0.262921208,99.37492157,903.9950437,30.06651034,10.13802743,1
1267,48.25578196,1.467020688,0.873201149,0.795593225,0.964640269,0.632972786,21.03988949,75.44706469,8.68602698,10.48303641,0
7971,900.1435879,9.437829569,0.755606433,0.73707566,0.906926434,0.543293312,73.64248842,380.4038863,19.5039454,10.79420022,0
4587,2542.213689,27.59462807,0.384929243,0.345275597,0.800739869,0.119263815,48.63431328,1264.876898,35.56510788,9.653919504,0
3151,1499.059779,19.02962807,0.413360391,0.362675833,0.872235477,0.131594306,71.2724989,955.2554561,30.90720719,10.64775166,1
9723,988.7726745,11.93383586,0.592399129,0.531362541,0.8592428,0.282379938,56.64007817,384.2909573,19.60334046,10.70643826,0
7922,1706.121069,16.61381641,0.616335249,0.586050424,0.858077338,0.343494947,69.33334676,570.6577203,23.88844324,10.67995059,0
9685,700.6065635,8.873776735,0.750337644,0.724863874,0.876553256,0.525446883,39.75512316,333.45165,18.26065853,10.6779269,0
239,2825.041773,26.69358788,0.46059457,0.423403943,0.788743597,0.179360677,80.54308011,915.3185906,30.25423261,10.72033203,0
2211,5505.350593,45.37316652,0.355754263,0.340945353,0.642028625,0.116399218,82.61083922,2009.202853,44.82413248,10.22078782,0
1455,1964.161431,22.65834105,0.498185446,0.476890777,0.822920644,0.227476264,51.92922629,800.1359079,28.28667368,10.46463849,0
3975,245.090863,5.672459124,0.619834944,0.549014234,0.944784643,0.301433001,29.69078717,383.9192454,19.59385734,9.764870255,1
3876,735.66701,11.31062192,0.547438102,0.486110765,0.887682379,0.236367767,49.62499404,414.0489492,20.34819277,10.55266933,1
7842,2531.447897,23.78580206,0.465443543,0.430671565,0.832187264,0.185547073,86.78288748,1018.383776,31.91212585,10.38407338,0
9899,30.47238914,0.378737911,0.991465227,0.991082724,0.639604608,0.982245132,4.438245808,4.135970419,2.033708538,4.566186363,0
7629,215.1469187,4.183696655,0.716293633,0.613071487,0.942444445,0.375875868,43.037138,129.4360985,11.37699866,11.01867527,0
8292,250.1389025,5.473920482,0.551759873,0.427276144,0.954094285,0.182575519,43.3219209,301.9939941,17.37797439,10.46111984,0
6560,1552.433425,15.59226509,0.556391321,0.509134438,0.87824655,0.259283405,84.57907743,610.3797526,24.70586474,10.68488028,0
6195,2333.148134,24.43626168,0.502541659,0.47898806,0.833740677,0.229483179,67.07459532,1110.505843,33.32425308,10.3969027,1
3753,1051.474319,9.763990935,0.823781061,0.814436517,0.842655451,0.663320371,66.36481149,433.0791807,20.81055455,10.55725888,0
5684,2519.833102,21.82680387,0.503007978,0.46378258,0.835608441,0.215170195,98.92577763,874.1633469,29.56625352,9.704091562,0
3362,2931.284784,30.94281196,0.452402769,0.438804215,0.770956534,0.192604208,44.12585193,949.2833133,30.81044163,10.12603321,1
8938,3704.82749,33.64007424,0.431735645,0.414687236,0.753317924,0.172082875,77.35304027,1344.336747,36.66519804,10.42772289,0
1868,2414.658633,30.18725916,0.350414302,0.331397917,0.810201477,0.109884526,36.99952587,1190.167095,34.49879846,8.899758596,1
6647,1964.243628,20.36734164,0.648528516,0.640052132,0.810642587,0.409697326,37.96742041,722.4477633,26.87838841,10.10731616,0
8585,1586.349021,14.80129179,0.547799392,0.484105292,0.873275316,0.234409755,85.66026101,647.4465546,25.44497111,10.77003002,0
9494,1792.143736,19.52534134,0.463581995,0.418363716,0.836689634,0.175091389,74.70175912,702.1675277,26.49844387,10.71971613,0
2991,3610.733359,37.24298686,0.36703775,0.352041204,0.706617499,0.123978035,34.78354812,951.9077552,30.85300237,9.235414275,0
7957,558.4519997,6.497887175,0.872441793,0.866329774,0.715829307,0.750534642,9.923293756,78.8369737,8.879018735,7.849144272,1
4781,1418.827291,14.8917403,0.540514662,0.480785504,0.870893716,0.231209209,76.44218637,619.9036766,24.8978649,10.74182726,0
7705,1207.358622,12.32346456,0.652456021,0.611142712,0.884014005,0.373523048,72.92986708,435.0149406,20.85701179,10.77942905,0
6369,623.5469365,7.187676227,0.783837838,0.747088298,0.883094829,0.558158427,65.31771782,209.766253,14.48330946,10.63022686,0
2877,1891.214362,22.2203194,0.474851201,0.447008041,0.826316981,0.19986387,55.88311488,835.8260706,28.9106567,10.51431451,0
1466,210.1788132,5.56770836,0.578280413,0.480326813,0.949170614,0.230729851,28.88858832,216.577909,14.71658619,10.59633126,0
5069,3883.957323,36.7618598,0.40595504,0.391522275,0.731686691,0.153412213,65.95639632,1464.496934,38.26874617,10.43796296,0
3860,2736.63451,23.67778203,0.600775199,0.587085341,0.794728287,0.344742262,86.70764394,866.540702,29.43706341,10.54621062,0
4093,2045.473061,18.37548635,0.623571107,0.595345946,0.839205919,0.354490355,87.63349075,681.5494569,26.1065022,10.56984975,0
58,38.22906132,0.537471592,0.986094605,0.985509628,0.867484278,0.971229451,21.39695604,31.62836087,5.62390975,10.99017099,0
516,100.0738043,1.751115376,0.894467578,0.869530264,0.947634876,0.756086288,27.89024981,130.3925181,11.41895433,10.78749198,0
7711,1484.808617,14.64862914,0.688983109,0.670779809,0.866077357,0.449968053,77.16826666,677.6880062,26.03244142,10.75118706,0
6032,815.7818974,8.245316059,0.630097482,0.546209168,0.936302921,0.298354238,98.68671124,415.843532,20.39224195,10.21775056,0
8165,1244.192635,12.86522796,0.683782987,0.658197827,0.888625343,0.433250309,69.15479277,471.4177409,21.71215652,10.64743984,0
7410,637.120121,10.74097296,0.394834934,0.268961217,0.891670085,0.072371146,54.07002354,402.5552009,20.06377833,10.64005372,0
9505,492.3139904,8.471208871,0.599046236,0.548786651,0.921658583,0.301196707,53.44869573,295.7910025,17.1985756,10.75827536,0
6795,770.4285872,6.884423373,0.903771825,0.899696168,0.6458942,0.809459695,5.160058173,46.88942679,6.847585472,4.745158866,0
3793,159.1964684,3.285732873,0.819601138,0.758370753,0.91587405,0.575134683,25.76438285,101.4016671,10.06983948,10.66913049,0
8120,1926.472827,21.1199892,0.477457947,0.445563868,0.862366573,0.198573281,83.66435772,930.3158271,30.50107911,10.6454868,0
1185,1032.00938,13.30610272,0.544592749,0.483398631,0.875216779,0.233709807,62.75090777,407.4397202,20.18513612,10.84160736,0
4292,215.0291912,4.018921523,0.773706002,0.686487349,0.925924739,0.471275605,45.66753072,109.5991794,10.46896267,11.1223209,0
4814,1739.443886,20.64370856,0.552596722,0.533966772,0.833562977,0.285184068,42.76927448,685.2509178,26.17729776,10.29088511,1
9852,181.7045395,3.144200999,0.860482963,0.815659716,0.925233279,0.665308041,37.59470967,122.106658,11.05018814,10.89738902,1
2202,170.1781218,3.651410823,0.708763804,0.6011696,0.95704064,0.361411367,37.70403478,204.036983,14.28415146,10.95893465,0
1941,4987.423508,43.70217463,0.373342514,0.361598108,0.675365873,0.130870106,78.76072394,1611.908665,40.14858236,10.49566616,0
7182,985.6749672,11.92505041,0.71926907,0.703280407,0.871777864,0.494622156,41.66684986,560.6286462,23.67759798,10.42526682,0
5983,3988.620283,37.90405381,0.397217419,0.384497156,0.739470258,0.147946073,75.50768278,1692.175871,41.13606533,10.3225708,1
1073,153.5774561,3.428197647,0.718121648,0.514721529,0.919180898,0.264958179,25.37738764,115.6093108,10.75217703,10.53868165,1
8470,3294.93122,29.49083921,0.438575036,0.41082842,0.788450633,0.168858995,91.99772185,1262.043822,35.52525612,10.03283825,0
1405,497.9277647,7.079444048,0.714336448,0.658486907,0.92049206,0.433619832,54.02357261,301.9682345,17.37723322,10.74941816,1
1952,4189.868843,37.11512774,0.420764883,0.406426045,0.715667543,0.165282155,76.16767047,1491.881545,38.62488245,10.54003216,0
6970,161.0739402,4.274536502,0.677163227,0.568739923,0.937924396,0.323479856,19.40362783,139.1787406,11.79740398,9.862708859,1
2249,2898.398249,25.4242546,0.574426868,0.559362374,0.794887963,0.312937996,80.78188087,823.694594,28.70008004,10.58599765,0
4610,499.0839044,6.692130817,0.704320251,0.642894245,0.920648002,0.413325731,58.6996192,332.9250788,18.24623465,10.55549106,0
1451,371.1789769,6.697946043,0.57820051,0.467692124,0.913637917,0.218761015,44.18167592,231.1326173,15.20304632,10.73133659,1
5166,3286.413994,28.57301716,0.413858764,0.373297713,0.773332477,0.139467376,100.7256565,983.0216448,31.35317599,9.757887101,0
8060,3210.906782,30.16153247,0.412056659,0.389576289,0.796999621,0.151862142,82.50073173,1320.672492,36.34105794,10.40136228,0
3778,728.5428604,7.365486856,0.888194932,0.884856518,0.666624172,0.782973684,7.125013996,70.14784704,8.375431155,6.272932399,1
6486,4572.260984,44.89729647,0.287602838,0.273254228,0.643634667,0.074716297,19.75695777,755.651663,27.48911899,7.557028862,0
3349,13.03281697,0.126908285,0.998081165,0.998041481,0.612707521,0.9960868,4.076874922,1.202303593,1.096496052,4.08123962,0
2076,951.4670149,12.87557798,0.615330865,0.584383262,0.904605664,0.34152981,48.73365538,702.671927,26.50795969,10.44216498,1
7337,1928.579457,21.23934594,0.487384132,0.452537479,0.828747976,0.204860839,61.35174972,794.2689323,28.18277723,10.70345845,0
7243,1217.784406,13.18492484,0.565069882,0.494363961,0.889292192,0.244434688,76.58961347,595.1991428,24.39670352,10.75445653,0
4412,917.5856309,10.77506206,0.636087217,0.573771116,0.904449546,0.329239166,58.39660468,465.7378151,21.58095955,10.70350608,1
211,1389.681187,13.08165157,0.809583428,0.805235598,0.735401051,0.648423519,8.84365942,227.5667412,15.08531542,6.125834262,1
6155,1969.886225,18.29026186,0.415814202,0.359201391,0.876445619,0.129077908,112.5898844,860.7651259,29.33879899,9.488396985,0
6396,1433.730862,13.57045258,0.686089515,0.656095093,0.869728423,0.430493091,78.08756096,501.9467694,22.40416857,10.67727594,0
3763,4127.628642,33.41563363,0.460519136,0.44299411,0.744030657,0.196346202,93.42361525,1557.457388,39.46463464,10.14388495,0
2564,3128.675545,27.12889596,0.438446907,0.403940456,0.803420334,0.163259366,103.5325496,1094.096988,33.07713693,9.679455769,0
7769,2794.33707,24.54591611,0.484230386,0.455260083,0.831429939,0.207334696,93.39033013,1003.124792,31.67214537,10.17451663,0
8780,4866.747647,41.86513503,0.385723539,0.372356254,0.692198798,0.138784187,82.35348361,1593.383018,39.91720204,10.33307994,0
966,4513.131289,40.44219379,0.403215265,0.391755535,0.693092151,0.153600522,67.25720706,1516.67883,38.94456098,10.44485947,0
6702,404.985089,4.348252001,0.92594593,0.922022552,0.607788109,0.850130104,5.664217132,34.48683148,5.872548976,5.367950289,0
223,2454.174199,23.58069067,0.555555317,0.532893616,0.815545062,0.284018607,67.09190257,717.0417185,26.77763467,10.63935705,0
9016,1722.505741,19.98224152,0.54957002,0.52804166,0.86021296,0.278861147,46.7408867,508.591884,22.55198182,10.92632576,0
2303,3997.695795,42.17234988,0.308478272,0.296073009,0.686258101,0.087729967,32.72824661,1115.994872,33.40650942,9.161298132,0
7420,1981.772511,19.24784235,0.573418586,0.542936561,0.836775805,0.294849475,80.84215453,668.2678009,25.85087621,10.78167678,0
94,1088.615191,12.69857273,0.619637463,0.574882768,0.888428423,0.330514705,57.9541722,487.9340727,22.08922979,10.93458144,0
3710,912.9569101,12.74580629,0.592868337,0.553669542,0.892685693,0.306576486,57.93806945,358.3824892,18.93099282,10.6706541,1
6220,3234.00214,27.57550636,0.414941019,0.373562404,0.800521089,0.13963724,96.78437005,1265.316698,35.57129036,9.916367759,0
620,1630.93594,15.82400432,0.653723643,0.628260776,0.857314096,0.394759368,76.51461637,674.2869097,25.96703506,10.75823805,0
1780,573.9893779,6.832255183,0.803659817,0.779452416,0.875878471,0.607556696,60.68498513,217.9957085,14.76467773,10.70311167,1
5883,3613.582425,30.98753469,0.481867194,0.462538438,0.74928272,0.214047392,81.60369551,1283.608605,35.82748394,10.5530496,0
1858,32.50845228,1.102495044,0.833324984,0.480842775,0.942147922,0.231223133,14.79880221,25.66838413,5.06639755,10.58678538,0
9127,250.6688425,4.626539324,0.703676918,0.594236178,0.937960878,0.353130403,42.41252392,165.2219497,12.85386906,10.81521396,1
7668,530.7984845,10.18104331,0.441535811,0.346124206,0.90874008,0.11983207,48.39448682,306.5870538,17.50962746,10.91730163,1
6262,175.5266406,1.590867497,0.975061635,0.971972441,0.393291212,0.94473099,4.372074563,8.000573168,2.828528446,4.367968272,0
8907,4290.995692,36.57745186,0.445484473,0.431573306,0.719410639,0.186380671,81.78802425,1491.98776,38.62625738,10.38888851,0
3271,559.5038482,6.482810504,0.758768038,0.709713002,0.928337851,0.503701587,60.49363911,260.3777274,16.13622407,10.66765961,1
4006,1354.936291,18.2607478,0.564506743,0.546364418,0.858466663,0.298541836,27.41021618,611.5906139,24.73035814,9.0391119,0
2451,1744.89736,16.12210569,0.677127301,0.652607808,0.845506187,0.425929106,86.45027019,625.5342218,25.01068215,10.71808372,0
9237,1379.014988,18.28432896,0.550314635,0.526979475,0.867752051,0.277722392,25.75756746,526.5638809,22.94697978,9.208526943,0
2555,3726.8973,31.64534481,0.489130979,0.472209827,0.761836244,0.223088524,91.99525398,1381.255887,37.16525106,10.0760209,0
6791,894.8001316,9.740888204,0.778718916,0.757889502,0.887391296,0.574414349,45.42061228,581.825169,24.1210524,10.64620841,0
9822,4126.62757,37.61684686,0.363559163,0.346246932,0.732879724,0.119980498,78.33109828,1402.083147,37.44440075,10.44774906,0
6599,1084.495934,11.23773648,0.823177948,0.813938052,0.564901921,0.662510391,11.23031808,127.1463611,11.27591952,8.667515597,0
7232,515.6521236,6.154516458,0.762410741,0.716617425,0.923084992,0.513548613,62.10750964,250.9217045,15.84050834,10.66622222,0
7370,2021.894127,23.56727283,0.473190898,0.44967809,0.831008113,0.202277437,65.15892283,787.218381,28.05741223,10.67711408,0
7508,3249.936715,27.57932937,0.502358717,0.480036383,0.796567029,0.230530718,89.57751143,1200.272068,34.64494289,10.2418315,0
9273,3637.143083,32.71558887,0.448472295,0.432176087,0.774946557,0.186869883,92.9181921,1348.192762,36.71774452,10.218049,0
3353,939.3816248,9.859240234,0.655147785,0.580463922,0.890996337,0.336968589,73.4413305,388.1897704,19.70253208,10.69073206,0
4951,1822.977788,24.02221241,0.447163224,0.428713176,0.823070208,0.183841721,35.86375405,837.6114263,28.94151735,9.575262537,0
5661,155.8170752,3.418732892,0.823657775,0.787247404,0.927029059,0.619766947,26.62978843,175.765829,13.25767057,10.33054568,0
7926,2468.19172,22.63279052,0.523370993,0.493332585,0.821462009,0.243453893,89.45983852,859.7279718,29.32111819,10.45990202,1
3538,2065.561063,18.41822179,0.612739321,0.580164427,0.842080761,0.33664595,88.92268353,720.3520941,26.83937581,10.54692693,0
3755,1931.459082,21.59196466,0.548207473,0.529380419,0.799004591,0.280284262,48.44388182,614.4068613,24.78723182,10.65190704,0
3867,1744.998795,15.76925112,0.707089896,0.692842943,0.849866429,0.480071652,78.30766584,707.3976346,26.59694784,10.60426585,1
8850,3165.975802,26.89265502,0.593118032,0.58175335,0.759755496,0.338532486,84.60707246,1101.228601,33.18476459,10.53192434,0
6047,1842.227948,20.97391426,0.545197469,0.525792752,0.840163946,0.276503113,65.51800999,540.8312555,23.25577897,10.82041596,1
9857,4628.235844,39.69462716,0.425038379,0.412796273,0.72364001,0.170529173,86.14531659,1847.089349,42.97777738,10.37522358,0
7166,708.0192654,9.130199427,0.728169943,0.688007194,0.87053317,0.473373997,56.3865496,249.3448375,15.79065665,10.74230517,0
5123,5128.575679,44.464727,0.367935554,0.356697614,0.649161022,0.1273909,69.93644018,1883.551977,43.39990757,10.19598328,0
9259,32.94390514,1.290987286,0.801521222,0.613767344,0.954942955,0.376717996,12.73920863,43.82139634,6.619773133,9.329039351,1
4754,4221.489887,34.95186394,0.496263328,0.484970887,0.734320203,0.235312806,88.96591634,1394.561492,37.34382803,10.3081166,1
9897,50.01315649,0.481654756,0.990683276,0.989723691,0.353879082,0.979553132,4.493497328,4.994639639,2.234869043,4.631446578,1
6415,497.4725025,7.24352933,0.705073175,0.663307046,0.916893214,0.439996564,53.10862376,276.2446605,16.62060951,10.74174601,1
6838,2261.064398,24.38885284,0.448287988,0.420548386,0.844778872,0.176912469,74.99787813,1101.468603,33.18838054,10.58058614,0
4431,1546.868018,18.60530542,0.617718153,0.604855968,0.818884404,0.365871065,32.57320365,548.5340418,23.42080361,9.909717503,1
5339,312.1685055,6.479607144,0.596330395,0.480731544,0.909321875,0.231128238,29.99739058,230.5310847,15.18325014,10.57864289,0
2280,492.8473056,6.879872131,0.683465159,0.607852631,0.91125492,0.36949908,45.08614993,281.9192472,16.79045107,10.72619207,1
1493,566.7249166,5.442518244,0.914663803,0.912204941,0.766666702,0.832118092,20.56958742,229.4363216,15.14715556,9.531229343,1
5139,534.6179275,7.722645261,0.664059697,0.605837892,0.920439513,0.367062436,33.12907965,347.8626762,18.65107708,10.31969135,0
6655,1749.816887,16.83785384,0.518319479,0.453969102,0.877641848,0.206125486,95.35680968,748.4227407,27.35731604,10.0457562,0
4903,872.949878,9.692503093,0.787170448,0.775141796,0.868570714,0.600855487,29.9618263,324.6371818,18.0176908,10.40842264,0
5818,1666.581886,16.48143276,0.566033955,0.517546234,0.853099914,0.267912374,85.59112223,561.1251871,23.68808112,10.75279315,0
3685,2580.245227,23.91965039,0.468731633,0.437122824,0.807159402,0.191174106,96.77058402,869.4442487,29.48634004,10.14858418,0
3018,426.7728778,6.252849612,0.746920515,0.697124466,0.906833271,0.485993956,48.75865549,170.9024682,13.07296708,10.83307963,1
6778,5463.31855,44.04710781,0.404439202,0.392959796,0.674800972,0.154602097,79.88817262,2047.982327,45.25463873,10.38584084,0
4910,4800.880234,40.18479366,0.445191353,0.434460994,0.701886911,0.188977151,79.41287284,1963.010364,44.30587279,10.3624418,1
50,1632.625215,16.95966456,0.562957535,0.518591381,0.868761731,0.268985002,80.21432105,793.4475671,28.16820135,10.79640923,0
6929,1613.589142,15.88247933,0.60590365,0.564200098,0.868662565,0.318352537,79.20010926,571.5314989,23.90672497,10.69991059,0
4929,1747.807118,21.13728618,0.565178284,0.552111048,0.83142191,0.304873131,31.22662299,682.5266647,26.12521128,9.545288076,1
6943,708.1064204,7.937429011,0.749905804,0.713279995,0.89695988,0.508790218,72.09736494,280.1945761,16.73901359,10.74139294,1
6269,1220.548813,15.48229019,0.468737331,0.419337775,0.875339223,0.175946833,71.66811539,561.0093724,23.68563641,10.85302623,0
4593,1135.279011,11.58555712,0.822033513,0.816418594,0.684739858,0.666552716,8.585609275,135.6291529,11.645993,6.76149857,1
5610,1423.602045,14.78484833,0.524289174,0.473154107,0.887207178,0.223916504,95.79066221,569.0930959,23.8556722,10.31219118,1
199,1837.602665,17.92530479,0.637593381,0.618187335,0.846422627,0.382198559,75.41972521,630.0185186,25.10016969,10.67462261,0
2838,55.36621569,0.394522929,0.995321691,0.995043703,0.590047446,0.990112185,4.189065716,2.51357892,1.585427047,4.249344722,0
3337,212.5226794,2.313118577,0.9609918,0.960213652,0.845680228,0.922010636,5.025084957,33.75363156,5.809787565,4.73642078,1
3048,3118.685818,30.48926018,0.458031747,0.441747602,0.779541606,0.195219483,65.37008074,1122.946065,33.51038741,10.66664101,1
5799,2859.980981,26.98942426,0.551657887,0.537132671,0.782846739,0.288578966,76.69589146,987.30297,31.4213776,10.61491978,1
3147,1967.853034,18.73494634,0.57957101,0.544762382,0.842558511,0.296819818,79.25373007,792.6488106,28.15401944,10.68079871,0
8820,1579.836858,17.15514905,0.562302035,0.52186913,0.851713161,0.272411957,67.62468983,691.9100994,26.30418407,10.70923017,0
263,1215.664932,11.19246825,0.844240977,0.840983791,0.725893495,0.707259254,8.152430281,168.5313256,12.98196155,6.278393498,0
8557,2442.135915,23.60137216,0.65323787,0.647080792,0.75269984,0.418759955,16.48811983,637.4693837,25.24815604,7.876284776,0
8751,359.1817407,5.061972867,0.735925964,0.657832599,0.94025335,0.432756847,60.21138512,312.3645012,17.67383663,10.69177663,1
8033,1657.769741,18.76269772,0.676085526,0.668362815,0.692435024,0.446730121,26.03584294,337.5789386,18.37332138,10.0828681,0
2231,1560.956441,14.56402083,0.627289976,0.580647469,0.866765591,0.337198795,82.75769106,611.3945733,24.72639426,10.76320508,0
579,169.02292,4.11516802,0.742190544,0.677016802,0.928203476,0.458363916,28.7550309,129.6669199,11.38713835,10.71467172,0
9534,679.6800256,8.268579771,0.599029693,0.489544448,0.918005535,0.239679642,64.54371002,409.714265,20.24139978,10.81283616,0
7016,585.9121692,8.54526827,0.663473423,0.608509408,0.892750344,0.370303829,40.32494577,295.694568,17.19577181,10.67398787,0
3456,1726.055517,17.71248261,0.57179845,0.537636386,0.858836388,0.289104125,75.07682286,693.1340209,26.32743856,10.71037849,1
2327,1556.475992,17.82587463,0.666933334,0.658293694,0.833090157,0.433377061,25.85935277,502.2581198,22.41111599,10.08801249,1
2475,1731.229386,18.72271496,0.569662865,0.544831172,0.859939727,0.296880765,68.15916253,599.8186129,24.4911946,10.69554535,0
9304,2167.395642,20.46129157,0.597486385,0.571120237,0.818193807,0.326243997,81.86338909,749.414798,27.37544151,10.68475806,0
6192,815.1413965,11.83013655,0.559046582,0.489130172,0.875370509,0.239272698,43.61406835,336.1933347,18.33557566,10.72683298,0
7183,792.9965083,10.15892784,0.563089247,0.48020998,0.914843694,0.23062324,56.95122674,417.0261051,20.42121703,10.75030638,1
9181,720.4173755,9.139088754,0.636833201,0.563973941,0.915974322,0.318090763,71.39682271,376.9070943,19.41409525,10.75389911,1
3768,1693.319151,17.80354205,0.513428549,0.464069842,0.879739688,0.215407038,83.00294294,821.7071442,28.66543466,10.61132929,1
849,785.5536524,10.19659254,0.651688257,0.597553948,0.85725886,0.357082973,22.57759181,311.4993419,17.64934395,9.363788389,1
7387,1670.071112,18.56409434,0.573300305,0.550272939,0.840028125,0.302865182,66.98907012,585.7896064,24.20309084,10.78328412,0
6591,1828.226712,23.38629384,0.475706958,0.456924651,0.855104585,0.208806101,41.65224634,939.590765,30.65274482,9.679022766,0
3568,2368.825338,21.90402774,0.523306763,0.491082393,0.826410106,0.241225373,89.17963403,823.4643094,28.69606784,10.44969458,0
6214,2274.746275,21.04584843,0.492807073,0.454238407,0.842350565,0.206420554,92.71718424,992.7378047,31.50774198,10.04591355,1
943,1331.678556,14.99769122,0.578117393,0.537037149,0.870408233,0.288448521,70.21853492,507.3224148,22.52381883,10.70091281,0
1025,112.8699942,3.288448335,0.640739725,0.467895471,0.951770705,0.218941823,36.71764162,112.0587029,10.58577833,10.90995369,0
9310,1351.504572,16.97340708,0.567679174,0.538299836,0.870228582,0.289785521,42.13333629,487.9232125,22.08898396,10.79726348,0
9683,2101.805456,23.18596535,0.593573271,0.584935131,0.779025903,0.342180797,17.12757335,443.4876155,21.05914565,7.933326681,0
2767,1195.317112,15.54172679,0.502840913,0.45295292,0.854963455,0.205234388,63.1235807,521.2997116,22.83198878,10.73267385,1
7358,919.9023295,9.7878778,0.722887359,0.689514196,0.896625741,0.475444478,66.42924943,410.4915755,20.26059169,10.69512631,0
4757,668.6623028,8.24827397,0.823837858,0.81064798,0.757093845,0.657163247,16.94760971,158.2491328,12.57971116,9.423384794,1
3429,3015.1264,27.2837584,0.546174804,0.529636051,0.775966883,0.280583511,75.82979643,967.4817711,31.104369,10.65827493,0
3398,193.7552832,3.090147534,0.886481276,0.872329007,0.935460622,0.76096016,35.69940256,265.2559854,16.28668123,10.61267928,0
3707,1175.414238,14.27090765,0.665042281,0.650325617,0.883065519,0.422934878,26.47372742,535.1969139,23.13432329,9.361505315,0
5237,974.3246546,12.49718135,0.584545628,0.540633859,0.913933452,0.292316947,61.43004476,654.72584,25.58761107,10.78241064,0
7670,3689.81721,36.5391873,0.407845667,0.395427042,0.741931546,0.156456957,58.51001054,1450.774552,38.08903453,10.26951435,1
4892,3187.462309,32.17253766,0.501983661,0.492949952,0.751331857,0.243021814,41.63852522,541.6234754,23.27280549,10.69686814,0
523,21.54453764,0.922769627,0.87922091,0.604127774,0.929066932,0.364985798,11.86582155,13.05765124,3.61353722,10.26618906,0
4190,2460.335079,25.73812088,0.469192373,0.438890717,0.820434331,0.192673077,69.23340985,1105.72244,33.25240502,10.52903609,0
4696,185.2541662,2.879287013,0.887349305,0.873138091,0.921557459,0.762372551,6.744238911,67.80896469,8.234619888,5.66820002,0
7376,2724.846673,24.49916959,0.481577864,0.447314304,0.810539858,0.200161872,83.3809596,985.2789607,31.38915355,10.51753466,0
7167,134.09517,4.239902181,0.556739782,0.383446612,0.942823845,0.147053778,17.79357054,151.679297,12.31581491,9.118983916,1
3000,1915.028534,20.19396029,0.506658918,0.470107414,0.843154224,0.221072992,69.13761201,873.9890552,29.56330589,10.81816955,0
644,1060.662668,15.36253744,0.446919573,0.384447637,0.89768238,0.147832349,56.53456887,748.4983988,27.35869878,10.87605006,1
2915,1631.121604,18.36413515,0.500598885,0.459896965,0.861487641,0.211561236,69.82819911,691.202548,26.29073122,10.7566434,1
6408,82.26349193,2.533997658,0.839927289,0.812309908,0.896886256,0.659851193,7.09316959,29.9073908,5.468765016,6.621195405,0
3491,1714.326027,16.64759798,0.558917303,0.504933579,0.870913807,0.255005829,81.32183115,842.1947914,29.02059254,10.76061115,0
2513,1353.101112,12.80744738,0.681088586,0.647471474,0.885121335,0.419252872,90.24090724,501.8681486,22.4024139,10.60998754,0
2618,4059.049384,38.38393472,0.427106312,0.416992786,0.702555249,0.173959886,41.77148825,1270.038769,35.63760331,9.777213593,0
7473,2962.772384,25.40586122,0.587115326,0.571211378,0.767614163,0.326367582,86.92542101,1086.897325,32.96812589,10.49379471,0
4594,2426.824515,21.51100834,0.55753866,0.533038303,0.843283302,0.284185173,98.10887219,1082.226953,32.89721802,9.854601539,0
2846,3842.411168,33.06682315,0.366835394,0.335278689,0.758716181,0.112494945,94.46186005,1503.442268,38.77424748,10.01203611,0
2325,32.97196002,0.717667767,0.966193476,0.958723508,0.962246807,0.919150849,13.17569923,94.72180312,9.732512683,9.216723394,0
720,3397.966485,38.73347112,0.291558503,0.276252635,0.725049657,0.076354405,56.59864658,1559.00914,39.48428979,10.21378268,0
1434,66.383362,1.084887156,0.947486437,0.931634881,0.948395339,0.867943922,26.38595037,58.04494006,7.618722994,10.92409928,0
5826,4171.639937,36.33052843,0.42947809,0.413557347,0.72801419,0.171150885,83.24438261,1535.67752,39.18772155,10.48545772,1
174,459.0340098,8.361339707,0.531771194,0.422181375,0.899334013,0.178266962,49.72400378,306.7022399,17.51291637,10.35748506,0
8087,143.343027,3.154884757,0.768475708,0.683003559,0.918864872,0.466504466,18.08345859,121.0052743,11.00023974,9.543626682,1
7222,1177.906148,14.78679156,0.609232618,0.583938195,0.886042328,0.341010615,56.25510121,702.0304588,26.49585739,10.57412659,1
4916,670.3571089,8.840980152,0.716166637,0.652045556,0.831232294,0.425185516,34.50366648,170.6834129,13.06458621,10.98999257,0
6972,687.6782601,10.52919955,0.489655838,0.363879788,0.859665027,0.132420811,19.50882295,240.2930125,15.50138744,9.3695948,1
4580,3837.245891,33.56761341,0.384088167,0.355582727,0.763212065,0.126528661,101.7909656,1332.423325,36.50237424,9.713027549,0
1650,1720.709608,19.40680873,0.492989294,0.441397453,0.833872312,0.194879669,68.55503989,896.611574,29.94347298,10.47437196,0
450,675.9896471,8.406980379,0.651370492,0.571411026,0.914771922,0.326534255,59.97313833,516.059162,22.71693558,10.86280942,0
7074,1570.759823,15.19282007,0.651800714,0.619554576,0.84473486,0.383892312,78.21569374,633.097475,25.16142832,10.78526858,0
4437,1190.992967,13.66493157,0.50241939,0.413952197,0.887819364,0.171403048,81.35178571,522.7243495,22.86316578,10.8031855,0
9089,4261.392156,34.75924314,0.49601387,0.483634147,0.709192625,0.234017105,82.52701288,1534.876097,39.17749477,10.30855497,0
7814,1776.44821,17.80893251,0.664284626,0.651855202,0.845146653,0.424945951,63.10429111,782.0665172,27.96545221,10.72806904,0
9017,349.2269163,5.485085604,0.74645279,0.684799505,0.926121725,0.468964985,46.2067728,303.0897516,17.40947304,10.42519914,0
978,1401.173534,14.64344486,0.666011523,0.64427495,0.883909266,0.415124543,67.94424179,542.4505499,23.29056783,10.63304118,0
8067,2617.228099,21.60828631,0.574228578,0.54483334,0.834177865,0.296892976,105.506401,947.4956704,30.78141761,9.649890188,0
3955,91.26422281,1.861836949,0.881280136,0.850473898,0.955392903,0.723308064,19.00032067,141.9230095,11.9131444,9.67868773,1
9641,3358.156666,31.55457028,0.485854466,0.472478134,0.758996515,0.223350329,74.58053106,1220.581391,34.93682,10.51769653,0
5681,89.93434907,2.609657079,0.783808654,0.697910151,0.959655716,0.487083553,14.66145228,130.1375434,11.40778433,8.542710888,0
5061,922.1596954,8.989280889,0.790854439,0.770418111,0.899314793,0.593555362,61.24433888,397.4703381,19.93665815,10.84837703,0
2891,2555.94212,22.70258485,0.583928587,0.564596074,0.816549067,0.318845669,92.63479399,760.9995569,27.58622042,10.31544333,0
5954,1565.448514,18.98964512,0.498815309,0.471468255,0.873043917,0.222333695,68.79540771,1023.822532,31.99722694,10.62600957,1
941,2680.322636,22.59944708,0.715604403,0.708045721,0.635028302,0.501357756,12.97435464,510.2496802,22.58870692,7.039284568,1
3884,61.89102011,2.034904548,0.78238137,0.541469185,0.941039648,0.29320687,28.63650588,45.93273858,6.777369592,10.33524512,0
9924,193.6569307,4.39822817,0.647058454,0.507497265,0.941286937,0.257574683,37.90741789,178.3023006,13.35298845,11.23197352,1
7234,2822.875104,23.51734284,0.539401223,0.511987457,0.818412143,0.262197882,102.2207316,1054.641645,32.47524665,9.813797238,1
4664,2521.879635,25.06514933,0.519247532,0.500588209,0.81107571,0.250641756,59.38891191,950.495614,30.83010889,10.50165701,0
9484,41.08188878,0.756158304,0.94608386,0.872029698,0.775494655,0.76044034,5.926788354,7.784899352,2.790143249,6.547925394,0
585,3432.032995,29.03711267,0.48764242,0.467109827,0.793427886,0.218315424,92.54705378,1175.477096,34.28523145,10.270384,0
447,191.7317433,3.733052511,0.74084085,0.627824105,0.948390715,0.394175084,49.97420105,144.628581,12.02616235,10.51474712,0
2716,600.0819592,8.91757342,0.60918686,0.530375057,0.887411663,0.281334621,50.81656096,345.5539671,18.58908193,10.32294216,0
3009,828.8409671,12.88031811,0.474157728,0.394614575,0.871602062,0.155766715,40.50588713,499.641416,22.35266015,10.19048893,0
4122,1707.809054,21.21052846,0.5554938,0.542143385,0.856041778,0.293958312,50.47642745,888.7423726,29.81178245,10.33665464,1
4672,4402.33228,43.17594029,0.344457657,0.333376031,0.68817853,0.111216234,59.95272113,1727.31365,41.56096305,10.42620142,0
3405,93.21850572,1.848981718,0.854548712,0.777358176,0.956896333,0.604290986,41.85630982,123.4818568,11.11223905,11.05756859,0
2868,4425.506091,39.30233296,0.396172183,0.381976428,0.717608928,0.146009401,78.9325563,1542.567025,39.27552705,10.40037038,0
3611,2253.456494,25.21793619,0.43300409,0.402267852,0.827764813,0.161900694,65.65319884,1108.361729,33.29206705,10.42874096,0
4027,1108.804787,16.9777707,0.438540342,0.398973482,0.889884585,0.159205512,30.92059259,739.1931019,27.18810589,8.953360635,1
7963,1950.261982,20.55347239,0.616672638,0.60442717,0.837316453,0.36535828,53.44520305,917.8124103,30.29541897,10.17787266,0
2388,809.6136168,10.30240366,0.482695057,0.394225868,0.934884823,0.155439835,84.29828749,689.1357397,26.251395,10.72954602,0
5832,36.02638907,1.029049361,0.848511887,0.737700731,0.958719762,0.544206516,10.36281111,51.75538113,7.19412129,8.282275502,0
4697,2426.520369,22.00170116,0.528806353,0.495620182,0.835710841,0.245697624,92.3866221,819.1034129,28.61998276,10.21033269,0
6088,1757.422165,19.38212678,0.622079227,0.610232577,0.826890712,0.372412225,48.65787429,685.4671703,26.18142797,10.48622339,0
4475,1048.374882,10.40285312,0.707208793,0.668030506,0.900356477,0.44628213,89.61320039,403.9396531,20.09825,10.88756991,0
4777,2330.743654,24.38516442,0.551511843,0.537936304,0.789036595,0.289444132,57.61368011,1018.321947,31.91115709,10.38818163,0
4040,1567.727042,16.81665656,0.61027811,0.5864031,0.875202687,0.343921876,65.6860451,744.6189052,27.28770612,10.74526338,0
2056,1551.74216,14.40787449,0.58958856,0.521986692,0.86741346,0.272496394,76.2731176,628.6094437,25.07208495,10.49559034,0
8318,800.7010089,7.733485897,0.765071687,0.699516036,0.894865949,0.489340295,73.23117386,314.7917275,17.74237097,10.63257742,1
7819,1199.70236,11.19864306,0.715456029,0.682735889,0.885086015,0.466170428,89.62027443,535.9404487,23.15038766,10.74771472,0
7014,1095.113862,18.01655252,0.470361827,0.448237267,0.897667418,0.200933708,44.24646949,769.6123143,27.74188736,10.50154722,1
3068,2045.765053,21.04114034,0.499055156,0.460290932,0.852376109,0.21192441,64.70174122,751.2444251,27.40883845,10.81997229,0
3862,29.21238245,0.428473965,0.986661173,0.985654646,0.956251133,0.97151519,10.6017327,65.72049958,8.106818092,8.668487121,1
230,3464.332,31.40740871,0.405658324,0.377514584,0.771078172,0.142618386,95.26944621,1153.815486,33.9678596,10.16764539,0
7411,3094.1853,25.43265198,0.486749809,0.451578939,0.805631254,0.204011954,100.8965586,1216.877267,34.88376796,9.821195306,0
3879,1191.436355,11.05518481,0.754637441,0.732853069,0.876521986,0.537095327,70.71155938,483.6812966,21.99275555,10.74126613,1
1930,2765.033774,23.53971159,0.500540831,0.464503923,0.814213508,0.215843831,101.6950482,880.180977,29.66784416,9.771145748,0
5608,1339.265609,14.38828578,0.653141931,0.62607175,0.870647597,0.391985798,61.20901324,537.4233316,23.18239271,10.69579968,0
7349,922.5549174,10.45150994,0.818413346,0.815169895,0.847992733,0.66450677,7.838846224,184.685283,13.58989636,5.569952387,1
4345,227.9085451,4.936155874,0.554093645,0.347481803,0.931450319,0.120766122,45.79556217,175.9745764,13.26554094,10.72352772,0
365,1961.783551,18.66321128,0.607322623,0.577792962,0.841510754,0.333901482,85.87670236,756.0675215,27.49668201,10.64915612,0
6361,104.6664177,2.424627503,0.794728115,0.730496479,0.903751974,0.53362856,7.179146919,29.95389149,5.473014844,6.762931143,0
2304,31.6164018,0.632301078,0.966560389,0.957039797,0.690803594,0.915926745,5.096246816,5.118277227,2.262360985,5.52428984,0
8193,644.9839226,8.744548433,0.701327265,0.656120915,0.873061617,0.430509437,39.07037407,305.4336089,17.47665898,10.53996898,1
7011,1965.444952,18.19342962,0.532385973,0.480874805,0.838354392,0.231309445,88.19336336,690.606128,26.27938599,10.65992444,0
1596,2201.397853,21.68640347,0.513862661,0.483314464,0.837438893,0.233654331,80.80491515,859.6768252,29.32024599,10.62563286,0
253,338.2848301,4.01357835,0.796659415,0.701522872,0.942320573,0.492140397,79.74165036,152.1311663,12.33414636,10.86108387,1
1856,3018.219923,33.38794737,0.378260234,0.36233796,0.770219923,0.131347315,37.50632911,1028.617173,32.07206218,9.366009795,1
7220,935.264313,12.93990287,0.594501483,0.561405752,0.874823314,0.315228053,60.84715921,416.9790955,20.420066,10.77308281,1
5472,857.7224182,10.3797323,0.746999972,0.721256015,0.839630934,0.520217548,29.343028,289.5278877,17.01551902,10.76342503,1
1825,1538.559658,18.78240789,0.567220312,0.549920626,0.869961402,0.302447205,59.77066311,772.6133975,27.79592412,10.71776641,0
6994,1405.73076,16.70274469,0.545373843,0.499651437,0.836882652,0.249722549,65.07967652,497.4081625,22.30264923,10.84638322,1
6634,2385.105827,24.2102124,0.560873298,0.54799141,0.808632413,0.300345005,79.36552484,878.9159083,29.64651596,10.56681705,0
5698,4180.642701,38.76775258,0.401811724,0.389387835,0.725804728,0.15174605,65.54111142,1606.769847,40.08453376,10.31586574,1
1714,1464.605923,14.0073787,0.657192071,0.630487908,0.888591129,0.397551025,88.75825294,659.1132873,25.67320174,10.40905711,1
7805,2929.607116,24.25851352,0.492697631,0.457634897,0.805845668,0.209521097,97.36358725,1148.681468,33.89220364,9.917259983,0
9225,396.7653116,4.438111632,0.886455474,0.856933941,0.798123179,0.734337435,18.6574066,195.040456,13.96568852,9.117915517,0
2551,1086.990192,14.30951491,0.623593811,0.591124422,0.833647791,0.349445421,31.94752734,339.9100098,18.43664855,10.66440994,1
193,1064.220291,15.63316596,0.510120066,0.470068005,0.886771986,0.220978772,21.07779313,491.9665159,22.18031821,8.068514507,1
4630,621.8816801,9.272658992,0.609401812,0.538375107,0.922308228,0.289855458,35.43079154,529.6448749,23.01401475,9.771674094,0
663,2357.23715,22.78500694,0.494734185,0.465814862,0.827755565,0.217053739,94.06711934,813.9779091,28.53029809,10.32237445,0
2873,397.0622888,6.242717955,0.734729979,0.68093076,0.920546803,0.463691089,43.04197864,299.8260296,17.31548525,10.66149312,0
2219,1195.456385,12.98658424,0.655277053,0.600022299,0.883283306,0.360061199,80.64284861,483.904448,21.99782826,10.77115195,0
3419,485.0832057,6.027429295,0.864278636,0.858098986,0.865723009,0.736338969,37.29749662,214.3848919,14.64188826,10.90611194,0
3294,236.0464934,2.740884889,0.945396014,0.943460821,0.728547909,0.890125585,6.034750452,29.80741576,5.459616815,5.965124146,1
9623,3169.366402,33.04999716,0.398798594,0.381558579,0.7566901,0.14565494,61.30218397,1254.965714,35.42549525,10.37729599,0
8871,2423.061248,23.9012625,0.548903814,0.533080458,0.821225788,0.284262565,75.63130837,874.8457304,29.57779117,10.62411498,1
4750,129.7943137,3.321304165,0.769520429,0.683837686,0.945776999,0.467644056,28.47321652,116.3731897,10.7876406,10.85284448,0
8547,1928.27244,18.12337198,0.626763686,0.603115777,0.864242778,0.363798184,67.89131793,969.1879071,31.13178291,10.69083883,1
453,2608.57554,26.39091462,0.521073699,0.506314052,0.807203845,0.25643574,65.92995442,1161.27821,34.07753233,10.50917883,0
4438,274.8803928,4.999858684,0.624131376,0.50652175,0.953770612,0.256577753,55.5423535,275.29318,16.59196131,10.52337854,1
201,867.8737634,11.58093713,0.648970631,0.602710021,0.861872337,0.363284549,59.83898574,270.2038684,16.43787907,10.54169895,1
316,2424.953957,22.5683187,0.50069098,0.465561511,0.819159657,0.216821127,86.46847858,911.3974401,30.18935972,10.4853083,0
3171,32.90761935,1.208771717,0.85803018,0.687187259,0.936896874,0.472234788,13.817318,33.47373595,5.785649138,10.30555195,1
8051,1124.339295,17.08825999,0.394134845,0.345455615,0.902178941,0.119368444,48.38227814,1121.46583,33.48829392,9.842522592,1
9914,1448.033319,17.63669582,0.611509786,0.597242303,0.857994171,0.356716106,24.20962933,563.5980781,23.74022068,8.628595433,0
3908,2445.74768,21.82147241,0.58761389,0.568671417,0.830457056,0.323451561,87.01490107,775.5091013,27.84796404,10.47035279,0
9671,837.7823986,9.391757089,0.652123414,0.577329356,0.90182971,0.333334392,71.46551653,316.4960493,17.79033584,10.65823963,0
6290,1422.751156,16.62658291,0.670348272,0.66045922,0.820541882,0.43622184,13.06686539,262.4653531,16.20078248,7.420149743,0
4953,1298.754955,15.08290567,0.72992929,0.724692069,0.837487647,0.525198158,10.72977596,309.9029315,17.60406009,6.11969477,0
4080,1882.204154,20.37959597,0.641559266,0.633042462,0.796762543,0.40077086,18.00997318,455.3870034,21.33979858,8.133570067,0
7675,1019.816559,10.53736866,0.670952436,0.602903888,0.894805205,0.363531328,88.54498836,415.1423786,20.37504303,10.69266863,1
8258,1748.608534,17.68906066,0.62055535,0.597938428,0.863257849,0.357576012,58.62137297,806.3591186,28.39646313,10.42193521,0
6123,2658.003898,22.76873169,0.560727287,0.531597804,0.8197652,0.282662345,96.86158253,893.6504009,29.89398603,10.18536903,0
9885,1234.391778,13.65293992,0.631620839,0.60079025,0.882913664,0.360983093,70.28834817,642.3035616,25.34370852,10.75683943,1
3904,3297.996062,32.84081327,0.433447199,0.41913823,0.761807961,0.175734348,53.45598706,1200.177081,34.643572,10.1863807,0
7169,4143.452408,33.38689724,0.489863477,0.470289149,0.733380445,0.221278397,92.64099192,1409.966454,37.54952003,10.18453167,0
8904,1113.007547,10.70166599,0.764437439,0.748176856,0.873894422,0.559785449,69.62914788,530.3526241,23.0293861,10.70777719,0
4875,238.2152579,4.312680898,0.629816883,0.45157982,0.948024427,0.203938506,50.36343319,192.309038,13.86755343,10.49157847,0
1885,4115.16765,35.96853722,0.362146151,0.340722391,0.752463682,0.116194152,98.40995187,1421.796808,37.70672099,10.08742183,0
4752,1099.097261,12.29032755,0.567245325,0.497295195,0.87529324,0.247358279,75.55715814,425.093055,20.61778492,10.75898822,0
5876,148.7403348,3.069408222,0.755846848,0.637373804,0.950984766,0.406260168,38.70384924,177.1504208,13.30978666,11.14477135,1
6570,2133.007497,20.54332946,0.551725232,0.522190541,0.85022683,0.272743875,84.42531993,724.3533544,26.91381345,10.64060053,0
1462,4282.30241,37.38978842,0.433803851,0.42069793,0.725283643,0.177139885,73.92178742,1397.968018,37.3894105,10.4383362,0
6519,1606.898352,17.74708019,0.697323554,0.691388918,0.790749618,0.478030661,10.51797345,250.7187823,15.83410188,6.507977063,1
7205,3197.96332,23.67952684,0.617781602,0.567225215,0.83555748,0.32181332,112.4630801,1068.281455,32.68457518,9.938249689,1
1855,3048.306726,31.70105054,0.441060408,0.42838099,0.782494586,0.183557774,44.36212518,989.6405795,31.45855336,10.30197485,0
6201,1456.306114,16.10138844,0.59013719,0.556207548,0.86173578,0.309403827,68.79613334,560.5379713,23.67568312,10.80262156,1
6399,372.9480614,6.803945292,0.61595388,0.528395986,0.930963742,0.279224686,37.81798057,411.3158186,20.28092253,10.15940935,1
2217,1622.009307,18.13173247,0.618328325,0.604208027,0.837999426,0.365114232,54.14485452,840.3989742,28.98963563,10.45034193,0
3500,3559.307859,35.55737557,0.46246713,0.453330147,0.719306254,0.205534786,16.0439401,639.7005409,25.29230201,7.211986327,0
1797,2865.050264,27.02603861,0.392113092,0.352166498,0.791200023,0.124125302,96.12146893,791.883796,28.14042992,10.16352421,0
1865,566.7885076,7.514158386,0.622279127,0.534304786,0.924217449,0.285502747,67.79305717,335.0750059,18.30505411,10.86613216,0
1245,70.04714228,1.233111254,0.925021332,0.887543518,0.916254936,0.787735433,24.42050221,94.18042861,9.704660149,10.33057428,1
7407,144.0445635,2.45871752,0.847508888,0.76027263,0.943695519,0.578020567,48.32898189,103.629907,10.17987755,10.94251591,0
6543,3068.685558,30.23790523,0.412133774,0.387044106,0.781216211,0.149900396,90.68866644,1087.923827,32.98369032,10.29353981,1
8512,2576.395076,27.90431097,0.507732621,0.495223403,0.78518788,0.245303951,50.94172505,1084.22293,32.9275406,10.29889458,1
2282,229.1808813,3.360852504,0.812061962,0.753607664,0.955592098,0.567929497,57.9101906,163.6329909,12.79191115,10.72311017,0
1105,2672.439508,25.94349953,0.42976941,0.393540545,0.771412135,0.154978092,78.73425525,1044.968978,32.32597992,10.60954399,1
4534,2863.823546,27.02289636,0.529455628,0.513092872,0.763549727,0.263355611,73.94297263,1002.585826,31.6636357,10.63760953,0
5085,1568.653884,16.06705733,0.608292268,0.57225955,0.877948188,0.327511094,77.32045549,534.3199584,23.11536196,10.72227032,0
7507,2078.250792,22.16311978,0.502085658,0.468080558,0.823220874,0.21914018,75.6970073,631.9272038,25.1381623,10.61304885,0
2544,3794.746693,33.22131158,0.455686675,0.439888908,0.763972158,0.193594594,83.9328279,1260.321139,35.50100194,10.43242695,0
1149,2914.831382,28.9929314,0.485286032,0.469823315,0.802662303,0.220822679,67.39097349,1064.759315,32.63064994,10.62086918,1
4759,4015.479569,36.04734653,0.422142034,0.407888194,0.732707764,0.166478211,66.44779246,1599.025231,39.98781353,10.10069881,0
518,1830.733861,19.09445323,0.562518388,0.530101771,0.864047363,0.281046557,76.90512149,644.8075929,25.39306191,10.70283004,0
4308,1510.471516,17.945298,0.60564077,0.590411806,0.878405764,0.348610605,52.5277789,675.4776326,25.98995253,10.7738298,0
2441,211.0172927,3.336661511,0.888732434,0.869666757,0.848996301,0.756328496,11.0457172,92.01014651,9.592191956,7.930549148,0
6618,4779.070638,46.17204499,0.329734824,0.320003845,0.643082307,0.102468748,49.09234649,1909.717022,43.70030918,9.695598711,1
1308,518.8861004,8.21309566,0.769416772,0.758273317,0.873073116,0.574996429,15.7355547,177.7090235,13.3307548,9.382244676,1
4540,1778.104918,21.60854126,0.433142285,0.398128306,0.838435618,0.158559129,52.25146098,1126.31393,33.56060086,9.879725308,0
3088,2661.378456,23.30933685,0.578687663,0.55734934,0.81438373,0.310717937,86.02446407,856.2070559,29.26101597,10.53686783,0
2626,3389.408261,29.86893453,0.46215323,0.442214722,0.782491849,0.195634474,105.5592165,1119.521319,33.45924863,9.719543782,0
9504,4985.634731,41.30859388,0.391356093,0.376196355,0.681744315,0.141667106,82.20276887,1717.006271,41.43677438,10.32296031,0
5368,255.9807995,3.730666839,0.841675276,0.803969247,0.924983389,0.64637128,39.27500153,168.1741445,12.96819743,10.93765143,0
8902,62.78502582,1.057184856,0.87220598,0.665826303,0.799045757,0.443335737,6.866302462,12.38085517,3.51864394,7.665607897,1
6400,1473.062337,16.83955437,0.652437537,0.635961807,0.842543658,0.404462988,46.41773399,550.4904472,23.46253284,10.72992013,0
4963,4714.138248,39.85292196,0.427083123,0.41543121,0.712825457,0.172724267,86.83804387,1792.425723,42.33704906,10.39254437,0
728,2266.164566,28.37178944,0.307183362,0.272170442,0.808214709,0.074085014,17.15171698,572.3359474,23.92354379,6.809523089,0
5312,3065.41878,27.2503255,0.548344883,0.534639474,0.784220644,0.285921164,81.80304512,1168.231995,34.17940894,10.40711499,0
2749,988.5027045,11.0594087,0.663419126,0.610945526,0.880494779,0.373284561,63.8980117,373.3854658,19.32318467,10.82894828,0
2026,254.8931776,4.682738946,0.754820642,0.677805351,0.916666044,0.459430241,22.72166798,197.0541612,14.03759813,10.02328445,0
3274,2287.844647,26.01377396,0.486437902,0.471633895,0.803129492,0.222486487,69.02192383,946.8040604,30.77018135,10.55248925,0
8979,824.9725764,13.60687435,0.520462002,0.48228845,0.880061142,0.232628242,24.08855302,410.8485013,20.26939815,9.084890363,1
9907,1260.305919,13.27418279,0.596509194,0.542768557,0.883247415,0.294635779,75.45246143,604.3090159,24.58269749,10.84921033,1
7859,2002.189747,18.95564809,0.549720673,0.505521236,0.827640642,0.255604908,85.73649485,771.4731538,27.77540556,10.70780084,0
5673,4179.80485,35.90477794,0.455843707,0.439066414,0.719291652,0.192906232,82.01009448,1465.826502,38.28611369,10.45849223,0
5357,4691.21254,40.14503684,0.402241728,0.389263277,0.688103647,0.151664564,74.7284303,1735.680147,41.66149477,10.3447914,0
129,1901.299123,17.40516616,0.573528185,0.525433378,0.848756977,0.276135566,94.65677368,560.2421798,23.66943556,10.53597396,0
460,699.8185557,10.576472,0.64543371,0.609223033,0.9155003,0.371164017,21.81497921,505.6500683,22.48666423,8.013117545,0
3780,334.9226934,4.651014621,0.790382472,0.723648124,0.921718037,0.52367678,56.12257019,190.8811699,13.81597517,10.61041274,0
4768,3259.386955,27.12599253,0.571404158,0.555735254,0.767808401,0.308932204,89.27621734,1044.452998,32.31799805,10.4326008,0
1333,920.8357246,9.029437293,0.86605525,0.862527454,0.722689248,0.743957665,8.49291145,145.3575356,12.0564313,6.778618265,1
820,2643.634045,27.91460433,0.475478436,0.458094204,0.762675328,0.209942199,59.53359261,1062.862873,32.60157776,10.50583559,0
8383,2823.019269,26.7736911,0.517021205,0.499778186,0.812964664,0.249826285,81.41006662,867.5078261,29.45348581,10.62938854,1
8581,524.9622058,6.650806514,0.677635418,0.564448102,0.920085301,0.31861443,69.63464903,213.5299281,14.61266328,10.74321574,0
7361,850.7785064,8.9387863,0.683044534,0.605133339,0.897020872,0.36620924,75.16003163,328.0504523,18.1121631,10.77368952,0
257,883.2850528,10.8195223,0.586051514,0.509753635,0.877990118,0.259896172,67.90492812,378.212612,19.44768912,10.83252891,1
160,1401.899315,16.69659418,0.55769651,0.522364626,0.843486246,0.272910604,53.09235029,590.6346188,24.30297551,10.74443606,1
1243,934.457443,11.07786091,0.618901176,0.553849404,0.874249059,0.306795026,65.85866837,340.801808,18.46081818,10.82061581,0
3496,2496.010106,24.27886887,0.587524525,0.574534388,0.797947899,0.330145676,76.73116452,756.8490676,27.51088998,10.71308031,1
8553,175.9601588,4.664685488,0.555483512,0.39424192,0.96551004,0.155435735,27.65705345,322.7068952,17.96404451,10.35955136,1
6358,1691.844825,17.42418954,0.682593515,0.671428815,0.819089745,0.450868311,66.26487633,600.3527381,24.50209661,10.77316388,0
5046,1590.932923,14.24886048,0.583698508,0.531679064,0.879000163,0.282723644,109.3332152,533.869299,23.10561185,9.25653505,0
6315,1140.422541,13.12521878,0.617025254,0.570521595,0.901988903,0.325516713,79.44762145,572.6860187,23.93085913,10.873003,1
7071,2853.058116,31.65827384,0.429027123,0.415065979,0.713952967,0.17235221,66.48075788,756.6998471,27.50817782,10.74338748,1
3263,1803.407753,17.33427859,0.597182554,0.56040643,0.841247624,0.314101797,87.6387487,655.8757123,25.61007053,10.70278145,0
2912,1604.88673,16.85125641,0.53650749,0.488774378,0.843600993,0.238968429,77.8806265,602.6158238,24.54823464,10.81794303,1
8130,1211.80813,11.21170371,0.843382327,0.839550011,0.724812683,0.70484669,6.627681518,107.3286998,10.35995655,5.685268958,0
9158,66.00002115,0.635017045,0.99032924,0.990081359,0.624002957,0.980261313,9.363349967,35.09407187,5.924024972,8.383309491,1
9861,1770.971667,18.04612355,0.562874658,0.53192575,0.854370214,0.28299244,82.93841153,659.405801,25.67889797,10.75867452,0
2940,64.23733615,1.639080863,0.795401292,0.584391847,0.940148743,0.341522529,19.59461619,49.95091108,7.067595848,10.75517825,1
4467,92.10764526,2.272958764,0.770512871,0.564997267,0.952073371,0.319233279,38.39707405,72.0447748,8.487919344,11.03718234,0
343,2430.182212,21.57110534,0.582560135,0.555340232,0.824370798,0.308457143,85.19044426,748.0400931,27.35032163,10.57305643,1
6545,3227.65305,27.44360856,0.537481331,0.517743916,0.78047676,0.268142528,92.7854531,1071.929916,32.7403408,10.23962643,0
4651,522.5045164,7.115761313,0.626296681,0.496427635,0.914697146,0.246475774,64.09823342,261.6019401,16.17411327,10.85419205,0
2795,1647.964877,20.50040283,0.502221078,0.477452357,0.836497514,0.228008237,40.13064886,799.8680769,28.28193906,9.875538043,1
5483,1504.285484,14.66738719,0.537822266,0.46683821,0.879113584,0.217972824,84.94637319,563.9199856,23.74699951,10.73370422,0
4205,853.3363371,8.948980234,0.714079703,0.66501983,0.900155052,0.442271105,78.79132261,359.9600754,18.97261383,10.8617069,0
6607,86.98830307,1.009712128,0.977805842,0.975701645,0.419958391,0.951994378,4.687372449,4.809942586,2.193158131,4.908902263,0
2024,178.7162078,3.612526546,0.83154209,0.797556031,0.863274507,0.63610844,12.02140012,71.61962047,8.462837613,8.766341757,0
2771,573.8962033,8.442447697,0.722105918,0.698260238,0.912922599,0.487576035,28.22700266,464.4393477,21.55085492,9.566774383,0
4976,788.0175337,11.82337823,0.461485783,0.373748236,0.870581459,0.139759429,59.28300405,358.352511,18.93020103,10.72404193,1
2046,301.7005346,4.915717501,0.81105825,0.777643187,0.891802553,0.604741769,33.00423583,195.432099,13.97970311,10.91296386,1
3823,5501.733771,46.00757481,0.383643907,0.373837442,0.65791596,0.139910242,92.1214354,2108.171822,45.91483226,10.33489783,0
1529,3848.443869,38.0641313,0.366239547,0.352289844,0.730429661,0.124206403,64.91829008,1527.701659,39.08582428,10.26396944,1
6389,1616.463776,16.57550671,0.622485388,0.596006158,0.847010354,0.355268698,67.86445235,640.3453279,25.3050455,10.70145203,0
6255,4126.855028,36.34252775,0.425189302,0.409987643,0.729672366,0.168221044,83.08547775,1273.747228,35.68959552,10.42487766,0
7124,1158.692353,12.83198849,0.545114507,0.486011805,0.897828022,0.236240937,84.40086019,525.8467049,22.93134765,10.71686323,0
3452,2665.970571,22.88045195,0.62608471,0.610669338,0.803809139,0.372975331,83.53937008,784.8432822,28.01505456,10.70379598,0
1001,2043.534467,18.00604394,0.660514699,0.635893065,0.822101534,0.404397141,92.57503162,553.3381877,23.52314154,10.68832237,1
2578,4504.182683,38.72197839,0.459202868,0.449592863,0.699689408,0.202278032,81.12827792,1783.320407,42.22937848,10.38074428,0
7127,1713.249673,16.08623295,0.587254235,0.528886773,0.868598564,0.279829672,85.29200581,635.1148294,25.20148467,10.72442684,0
2652,2189.15988,21.63709812,0.458430264,0.422417459,0.842897801,0.178502938,79.8324142,1152.81145,33.95307718,10.36069525,1
1559,6279.867373,50.50958123,0.355175172,0.345038461,0.604930478,0.119241382,80.45705432,2438.146185,49.37758788,10.24168847,0
1171,646.8627252,8.896799071,0.702688507,0.665765829,0.890676369,0.443258576,30.52802478,291.2239231,17.06528415,10.55522579,0
4303,1508.75058,19.40017544,0.508009272,0.481253305,0.840171609,0.23166364,36.09497822,656.4515086,25.62130966,10.19806719,0
4924,2656.995762,27.81106901,0.497882225,0.482639433,0.784844569,0.232990875,48.92862632,943.384243,30.71456076,10.46694169,0
5904,1732.584531,18.62616039,0.693305342,0.687800308,0.829539975,0.473078411,51.71919456,610.562418,24.70956127,10.46158999,0
6166,1912.814656,21.55174964,0.504400393,0.474961054,0.838396393,0.225632928,57.13810967,727.9572721,26.98068331,10.71856317,0
1422,845.8454081,11.72371954,0.531401896,0.472881901,0.882221792,0.223650908,68.82066344,360.732129,18.99294946,10.82754857,0
5565,924.4100728,13.86056195,0.50408296,0.453814569,0.862670645,0.205974891,36.1685977,463.0451447,21.51848379,10.3018732,0
3529,4629.852441,43.0847311,0.366155262,0.355415604,0.667229827,0.126452337,64.17870475,1812.744743,42.57634018,10.2650771,0
3520,4486.797151,36.57012752,0.480758463,0.469071991,0.731588763,0.220208051,97.89277041,1550.312713,39.37401062,10.23615695,0
9425,2330.708108,20.95679885,0.544569275,0.505116333,0.824342336,0.25521031,88.86278161,777.7895378,27.88887839,10.46588059,0
4359,741.8806225,12.79117813,0.578903172,0.55665685,0.907206946,0.3098898,21.66166516,428.3441593,20.69647698,8.87122404,1
4740,859.2457753,12.66834098,0.618047431,0.591875611,0.880969922,0.350344843,21.21628952,390.8155837,19.76905622,8.769562941,0
9550,1990.519872,20.46659172,0.619313654,0.603680103,0.830965148,0.364478721,53.33136792,779.5260444,27.91999363,10.6655193,0
5546,1233.206253,12.65811908,0.663634159,0.632162397,0.87598936,0.39967145,83.55488812,484.2568987,22.00583783,10.7613325,0
6979,889.6682261,12.97186937,0.635067106,0.614762482,0.868357769,0.377948604,27.69009108,391.2124521,19.77909129,9.765791393,0
900,504.7714022,6.777884997,0.719364308,0.66307254,0.928829802,0.439684587,72.1292649,384.9402755,19.61989489,10.69424399,0
2093,1388.409836,13.42542553,0.649050549,0.603800266,0.853535018,0.364614117,80.90872876,570.6768873,23.88884441,10.79289329,0
802,2971.388513,26.23934459,0.562852894,0.547788528,0.793567684,0.300146635,84.52039152,915.2133187,30.25249277,10.56317503,0
2914,541.729678,5.850915886,0.842396602,0.809109893,0.913699854,0.654669886,66.88923486,372.2251022,19.29313614,10.78226193,0
7543,1526.697134,21.25916871,0.496292326,0.479963074,0.855912507,0.230390364,24.43951772,654.9519521,25.59202907,8.341307536,0
4736,3726.117907,31.24328429,0.492721588,0.47396779,0.753848824,0.224753728,90.52287795,1215.22884,34.86013253,10.28672654,0
7835,2741.869765,28.08089357,0.457500995,0.43806219,0.793739136,0.192000767,68.56419005,1070.871841,32.72417823,10.5981831,1
2052,1295.208948,13.3347049,0.628878033,0.583018915,0.868011417,0.339963696,89.90641604,418.0024721,20.44510876,10.76275346,1
8560,1971.756673,22.13269012,0.392635341,0.344064407,0.853500166,0.118433072,76.29659855,1218.479307,34.90672296,10.51677389,0
7681,1838.541482,18.21493719,0.538797654,0.498760188,0.84194062,0.248821452,87.15154307,652.80937,25.55013444,10.69823939,0
8070,3228.642066,29.13653828,0.47551446,0.451849667,0.79357671,0.204246012,85.90192058,1014.194692,31.84642353,10.45530698,0
3727,2293.643467,25.60482699,0.547016417,0.537815641,0.8036978,0.289280444,18.85150508,571.3929825,23.90382778,8.045640069,1
1221,55.21185118,1.254563174,0.884746224,0.74922095,0.8698976,0.561338427,7.492158155,18.3917507,4.288560446,7.537296611,0
9351,149.5343609,2.310768257,0.876694655,0.850021567,0.963469195,0.722538605,44.96818766,174.7349952,13.21873652,10.97315687,1
4226,5341.172427,49.50643573,0.281986668,0.269651603,0.642187735,0.07281942,74.41352584,2350.388723,48.48080778,9.989896111,0
9985,2408.850499,26.54199648,0.521592894,0.509058374,0.765367094,0.259162271,14.3647114,361.8256904,19.02171628,7.131676978,0
8815,1462.524582,15.66741572,0.583053395,0.538061394,0.865259762,0.289544114,73.57682388,519.6530241,22.79589928,10.72413138,0
6379,703.0981687,7.614006401,0.758373714,0.725221564,0.898744323,0.525958233,72.0040908,287.4765617,16.95513379,10.75187378,0
5159,1512.660601,17.80295447,0.630604115,0.616594876,0.831266706,0.380228334,41.45222295,631.4381735,25.12843357,10.17573915,0
7714,1150.981458,12.04195361,0.70293606,0.677091823,0.893454036,0.458480454,61.71175615,525.1432382,22.91600397,10.8288802,0
5335,429.7328714,5.425273068,0.797775971,0.753308851,0.924870654,0.567481808,62.52377388,270.3265006,16.44160882,10.84624508,0
4838,1832.634973,19.73518699,0.514477043,0.484548965,0.821391788,0.234847582,74.11483163,636.4230604,25.22742675,10.74717184,0
3156,160.0808208,2.500386259,0.883703328,0.838452084,0.936428701,0.703004819,41.82696556,136.8621556,11.69881001,10.86723506,1
458,2242.19518,21.2921562,0.600852535,0.584941701,0.829517561,0.342210088,77.47937281,968.7656933,31.1250011,10.57631705,0
4650,391.9578727,6.662274122,0.642253488,0.547064954,0.927737488,0.299295026,31.70651263,310.5571916,17.62263294,10.52995827,0
4717,19.42330995,0.28615237,0.98983497,0.989168766,0.965318033,0.978454858,19.4725197,100.6613483,10.03301292,10.69961277,0
5658,1579.107861,17.32040649,0.568947109,0.54310322,0.874626576,0.295003581,81.96641452,697.5532701,26.41123379,10.67133412,0
2169,1055.514831,12.74651234,0.597303704,0.547271306,0.858700036,0.299560216,69.72438163,322.3893587,17.95520422,10.87589788,0
8284,1335.101825,14.52423891,0.636408692,0.609499252,0.875733868,0.371513641,62.47391917,408.860222,20.22029233,10.68065367,1
4146,51.01620436,2.211600812,0.704076597,0.512439793,0.959392369,0.262607197,15.86675505,81.25569623,9.014194153,9.543106624,1
4764,676.4647721,11.3593818,0.618038473,0.586145911,0.853806706,0.343602497,28.88259618,328.8875015,18.13525576,10.04696274,0
8950,671.0461907,9.090412711,0.726372379,0.694048259,0.830251874,0.481716086,30.06044207,206.3273725,14.36410013,10.8167854,1
3370,2041.996116,22.74989195,0.569864423,0.557585095,0.816788077,0.310950809,47.7589904,906.8233912,30.11350845,10.26727712,0
4034,3357.291666,28.29262253,0.479061702,0.44843071,0.778134944,0.201192829,89.23444312,1045.512714,32.33438903,10.38187332,0
6802,437.669803,7.309082441,0.697745773,0.651730889,0.910026359,0.424767793,20.81930399,283.3345411,16.83254411,9.422837005,0
8257,2505.755547,25.73165763,0.497220294,0.478853972,0.795584653,0.229372805,64.9285952,910.6944022,30.17771367,10.71866609,1
2293,192.9728006,4.72309727,0.528496316,0.283384006,0.957311873,0.080316731,14.27020589,237.0098542,15.39512436,7.529421617,1
8304,2572.010639,24.16444032,0.561800374,0.545356874,0.807756308,0.297458202,87.30516733,836.8445145,28.92826498,10.52001554,0
526,2482.59972,24.83090358,0.551364418,0.535918311,0.774136006,0.287279321,75.50849125,812.0150817,28.49587833,10.65894171,0
2372,2124.520001,23.65824761,0.402137311,0.351796428,0.845198811,0.123809724,67.48561847,1055.734767,32.49207237,10.5331315,1
8934,1279.488623,13.06350635,0.650949393,0.60831376,0.869673516,0.370085668,78.587244,479.0570559,21.88737207,10.88983436,0
1412,1460.090709,14.93824316,0.655342557,0.629865411,0.856252028,0.396759712,69.48535896,517.1489754,22.74090973,10.66041601,0
7875,925.4347753,8.993342214,0.818326837,0.803331119,0.888932516,0.645353851,55.98245347,493.4420653,22.21355589,10.79855999,0
776,1560.170133,18.48283737,0.568158579,0.544409019,0.883857131,0.296409353,63.88010471,933.3125012,30.55016369,10.63586576,0
5392,699.4469085,9.32114208,0.650791792,0.592140717,0.924170287,0.35064294,68.97182925,305.8639294,17.48896593,10.55350127,0
8135,1122.973738,13.06366932,0.574297336,0.514698744,0.880410861,0.264960717,76.84675443,497.4283542,22.3031019,10.80968531,0
4525,314.6309963,4.764929074,0.739574415,0.647259155,0.93895747,0.418956702,58.08560589,212.7074564,14.5844937,10.57388833,0
5014,31.99756023,1.059215803,0.829244366,0.647473892,0.923047935,0.419229988,7.090422706,18.47877069,4.298694068,7.177772242,1
9547,3464.152766,32.52382765,0.505738431,0.495469483,0.738458868,0.245601904,64.45917213,1323.551749,36.38065074,10.39188694,0
5529,1600.271599,21.92252115,0.467811987,0.446933224,0.814659601,0.199784844,19.31126591,426.2311395,20.64536605,8.112703217,0
5653,616.1351035,8.02848738,0.768049672,0.747672022,0.885500213,0.559040126,50.04947807,311.1331561,17.63896698,10.68938271,1
7989,2044.885295,21.5072555,0.49929263,0.471251328,0.839073898,0.222125319,61.89599293,812.0641187,28.49673874,10.7105587,0
1829,1384.966835,14.47440191,0.682787019,0.664610439,0.883538097,0.44172655,63.33512512,667.7949661,25.84172916,10.53930558,1
3997,155.1817336,4.72835465,0.596297765,0.473986743,0.959307079,0.224673118,18.89480679,257.6431973,16.05126778,8.616016429,1
6370,4207.703319,42.65452331,0.326624084,0.314491018,0.701769629,0.099001729,46.17338737,1575.998778,39.6988511,9.821022466,1
6277,231.044294,2.298837719,0.965327505,0.963993214,0.661216173,0.929283823,4.690026606,22.71067392,4.76557173,4.568874671,1
8749,3280.554997,31.14050217,0.479090337,0.464596774,0.758130465,0.215951789,67.95393215,1068.586929,32.68924792,10.64033147,0
618,1418.543639,14.84532995,0.61562708,0.578393305,0.855169853,0.334592038,67.62550156,633.6550737,25.17250631,10.79239657,0
9597,119.7055836,1.812696902,0.922583409,0.894695814,0.924351932,0.800481975,35.33355511,160.700839,12.67678346,10.86168561,0
3851,4459.402244,39.70253201,0.404806125,0.392133257,0.72418054,0.153934342,71.52891801,1665.604628,40.81181971,10.3827775,1
6894,1658.064232,22.83420725,0.328612409,0.289462223,0.852821684,0.083826123,58.80734016,1161.06088,34.07434343,10.04235676,1
2567,1945.588236,18.22591942,0.56484652,0.527406721,0.862904418,0.278215712,84.38144557,822.6819563,28.68243289,10.5213146,0
2643,2189.771729,19.5985863,0.588963877,0.559606951,0.837013483,0.313242646,83.31219774,872.628817,29.54029142,10.58233734,0
8381,1693.58666,15.77480045,0.568684211,0.51820631,0.870585939,0.26859987,90.12460709,619.522192,24.89020273,10.49449361,0
4999,3570.401398,37.37166804,0.37088051,0.358598399,0.731930059,0.128683927,40.24323827,1196.104098,34.58473793,9.573095541,0
6703,986.6679843,12.84405309,0.521862721,0.467910215,0.916318638,0.218967778,68.26792854,894.5225764,29.90857028,10.7324218,0
7112,264.2680097,2.322421214,0.966204405,0.963952363,0.51332413,0.929205112,4.492652746,15.95863382,3.994825882,4.372881581,0
5513,57.03959543,2.268684534,0.709639093,0.530492065,0.961801451,0.281435109,24.09379146,79.95597417,8.941810453,10.55612867,1
7201,310.6594969,5.24740237,0.686306339,0.570604219,0.927798772,0.325610348,48.36442781,163.8489815,12.80035083,10.68898524,1
4886,735.76416,9.532445803,0.785235834,0.773938617,0.829267874,0.599002132,12.51181547,161.3914264,12.70399254,8.032174825,0
1567,1206.062128,12.45872652,0.655437334,0.612101139,0.875713891,0.374714721,74.76857913,485.5382811,22.0349332,10.81952983,0
3237,463.7624245,6.370986181,0.719891652,0.658222135,0.9230938,0.433275749,42.74556257,270.7748129,16.45523664,10.70702883,1
801,1821.387621,18.50690002,0.493105675,0.452287575,0.87852404,0.204612684,90.35998569,876.2840413,29.60209522,10.21189692,1
8827,973.5924702,11.60745783,0.621353219,0.565923748,0.896278841,0.320302349,59.86653885,617.1961761,24.84343326,10.64211766,1
4948,2112.146381,20.32701172,0.524198634,0.488594014,0.835699777,0.238788361,90.37320194,698.5488858,26.4300754,10.50174787,0
8074,388.4752359,5.926750208,0.83726017,0.82327615,0.897545142,0.677793515,22.03493359,275.352136,16.59373786,9.927719898,0
4895,1143.613499,15.81277626,0.554890989,0.521024496,0.861999294,0.271491717,29.74413392,430.0722996,20.73818458,10.03888975,0
6813,1761.795665,18.13878611,0.565913697,0.52733392,0.844746974,0.278124437,77.56632608,587.313926,24.23456057,10.85632105,0
9719,4599.053391,45.91285649,0.28557969,0.27360438,0.655342311,0.074912784,36.4232687,1352.259466,36.77308073,9.531643922,0
4942,294.901276,3.621835938,0.931272098,0.9296601,0.85470065,0.864268611,5.386386762,42.24967705,6.499975157,4.928161696,0
9439,1158.412365,13.61972046,0.66977654,0.64349864,0.858635721,0.414126164,52.80695138,525.8678163,22.93180796,10.77204259,0
3711,1150.031308,10.49711825,0.721632647,0.665855792,0.901680873,0.44338346,86.32798929,503.9177922,22.44811333,10.77653906,0
780,399.7322302,7.769013661,0.563259562,0.485807451,0.925427027,0.236019416,17.20366224,285.3367871,16.89191484,8.146962071,0
5146,1953.746854,23.94559415,0.438287395,0.411735282,0.838713868,0.169558028,35.08604704,921.5552372,30.35712828,8.91893995,0
8144,2232.990066,23.81350714,0.585041017,0.576280913,0.803110124,0.332117309,12.98906669,333.0616683,18.24997721,6.969680724,0
4469,1358.137279,17.45589259,0.508568593,0.476113048,0.845009927,0.22671015,43.15228703,456.1870768,21.35853639,10.65374835,0
2757,4971.417786,41.39115057,0.425666152,0.414101219,0.676788519,0.171668857,78.39650821,1528.1436,39.09147733,10.43674433,0
2103,66.55564127,0.396898753,0.995816663,0.995484812,0.471917062,0.99099014,4.078518927,4.69849825,2.167601958,4.035483436,0
9064,1824.127258,21.96844054,0.541153006,0.525566663,0.834721457,0.276254261,35.76322781,725.1591413,26.92877905,9.978131625,0
6268,1406.047,16.76826406,0.434671422,0.372222975,0.887475436,0.138580743,81.09059233,629.0078458,25.08002882,10.65206673,0
650,778.0258683,9.248999457,0.778401275,0.764461648,0.907843735,0.584411566,66.7625008,537.5683454,23.18552017,10.6457617,0
7634,769.3947901,8.622980449,0.832934222,0.828358218,0.838878913,0.686182288,9.456981581,152.5550419,12.35131741,6.640429655,0
823,3487.767807,30.89830566,0.493960796,0.479153759,0.753309166,0.229704927,92.42286751,1171.800847,34.23157675,10.36894663,0
3770,1238.290326,13.12422177,0.77645183,0.771199462,0.80744387,0.594752891,8.461035857,167.4005455,12.93833627,5.788993541,0
5605,451.9346786,6.280980405,0.722547695,0.655357755,0.929748465,0.429501465,59.55073163,340.9520241,18.46488625,10.76768965,0
6907,719.6373594,11.07322956,0.55500122,0.50360195,0.903166155,0.253664543,57.25842644,480.7659024,21.92637458,10.66562914,0
372,2051.981013,25.78161981,0.36600238,0.333183356,0.837209618,0.11105159,35.17629821,976.3087717,31.24594008,9.037648603,1
8015,3323.326254,30.67518279,0.527606651,0.516402247,0.782421174,0.266721935,77.48489331,1065.533258,32.64250691,10.59646425,0
7312,137.5022223,3.240582845,0.765389123,0.691784879,0.959525674,0.478573193,28.38488545,167.5385431,12.94366807,10.7609166,0
9728,1182.419849,12.48616231,0.796423679,0.792279633,0.793372106,0.627717274,9.607169345,213.5086013,14.61193352,6.544371703,0
3857,3856.035091,41.36900931,0.309067152,0.295760079,0.694011782,0.087501323,46.18613785,1252.595387,35.39202435,9.478967659,0
9770,1092.395646,12.10689014,0.723564936,0.708213147,0.889896726,0.501593359,50.90533633,421.9264985,20.54084951,10.73273387,0
5577,1587.294281,15.84905403,0.574665659,0.531772815,0.866821972,0.282832719,85.32899506,571.833545,23.91304132,10.71914318,0
2428,2560.58329,21.46458394,0.573354475,0.54652711,0.823519003,0.298754646,88.44845404,882.2486137,29.70267014,10.32089536,0
4611,2726.637871,28.01200235,0.443340605,0.424080789,0.806599374,0.179932906,65.41526363,1046.528036,32.35008557,10.75760314,0
8946,631.976977,7.299063092,0.732500899,0.680780145,0.920689127,0.463473417,52.10362065,322.0867419,17.94677525,10.88390562,0
1373,1153.36472,14.75185557,0.557799971,0.526053015,0.90594653,0.276760856,58.58307436,861.0142557,29.34304442,10.5449668,1
6596,307.4714172,7.272673323,0.562297706,0.492042954,0.96666839,0.242110743,15.62095086,403.7926319,20.09459211,6.908415414,0
3598,151.7043569,1.87521906,0.954743047,0.952228493,0.906394602,0.906739762,22.00167259,184.6370451,13.58812147,10.17491802,0
7872,1692.382573,16.13478274,0.70906778,0.69814712,0.855620856,0.487447714,74.44760402,628.4003778,25.06791531,10.70377899,0
9177,140.8004187,3.027719313,0.840220598,0.799640117,0.931552186,0.639429084,18.0859783,154.3189668,12.42251854,9.458245981,1
2865,4093.434955,36.77799563,0.431977175,0.419780016,0.750053503,0.176327074,86.61820461,1606.689419,40.08353053,10.38841974,0
3364,464.9272506,7.645093842,0.746849249,0.72889215,0.897827917,0.531306953,25.57170114,344.143433,18.55110328,9.650630321,1
461,3905.55552,33.48202359,0.461929403,0.443865707,0.742296408,0.197137944,86.99372157,1312.265879,36.22521055,10.37875991,0
2505,3950.751504,37.05774747,0.463789093,0.454932434,0.67980256,0.207023178,29.50484274,922.4133315,30.37125831,9.66267298,0
4468,1003.149168,11.71360493,0.697755832,0.660064938,0.876437703,0.435709222,66.41794909,333.147651,18.25233275,10.7168914,0
3667,2228.40136,20.02544639,0.630521688,0.612068952,0.827934183,0.374726305,85.58313299,730.3964947,27.02584864,10.62820891,0
8972,842.6044882,9.836805605,0.679655495,0.635010133,0.915179807,0.40324836,51.53706761,436.007293,20.88078765,10.65526931,1
9889,3557.157065,28.45152345,0.564603145,0.55020253,0.767115854,0.30281257,96.42545967,1320.154913,36.3339361,10.04627359,0
4489,347.447176,4.858906499,0.781893593,0.713006162,0.934967068,0.508386705,49.33557577,260.9809533,16.15490493,10.71146455,0
4912,3100.326248,29.77204389,0.472711765,0.454281943,0.785023757,0.20646142,69.09102993,1223.91565,34.98450586,10.48040849,0
8471,3962.669222,39.34980796,0.397363947,0.387475428,0.691429665,0.150199667,36.73521732,1091.301619,33.03485461,9.878000071,0
1757,325.2148055,5.50290564,0.715065439,0.656366109,0.925878482,0.430826929,36.16376656,184.097842,13.56826599,10.73743667,0
1419,2634.719883,25.8623209,0.550083554,0.537885879,0.800432023,0.289400082,65.2039273,1074.40408,32.77810367,10.29511471,0
56,1957.23804,21.85399819,0.503508637,0.472881532,0.816950902,0.223675145,53.42929782,849.98873,29.15456619,10.48180945,0
5639,487.987339,7.464860231,0.584914282,0.482525839,0.923349959,0.232850112,47.68016836,457.3299929,21.38527514,10.36815023,0
2368,3864.541992,34.68877374,0.409491487,0.391104672,0.763782178,0.15306382,79.51641309,1460.603072,38.21783709,10.45868031,1
9142,2779.386325,26.93708953,0.514236207,0.496365234,0.798710817,0.246448281,75.81812342,867.595276,29.45497031,10.58676775,0
3616,2782.105562,24.63693502,0.484741158,0.45125504,0.818941621,0.203736548,99.83709123,1013.977592,31.84301481,9.707188354,0
5858,1941.349025,20.57043133,0.57070957,0.550359735,0.825929258,0.302941815,55.38841074,1039.541936,32.24192824,10.03420651,0
2234,1362.688039,15.70086286,0.646241127,0.623451816,0.875158557,0.388710837,43.98409819,658.6876934,25.66491172,10.67728068,0
4889,1418.557229,14.34647862,0.702855054,0.676045451,0.847648571,0.457056515,72.34831782,447.0907005,21.1445194,10.94916999,0
3620,682.7423962,7.05111162,0.829856158,0.803724933,0.882766125,0.645985348,66.11689773,328.9115143,18.1359178,10.62887445,0
5361,4780.977124,45.52705834,0.328734527,0.318068072,0.639842592,0.101245775,39.76644514,1327.065485,36.42891001,9.987215482,0
2188,3285.426987,29.23085411,0.514748429,0.497743504,0.749580197,0.247826701,77.15459865,1179.733916,34.34725485,10.54662089,0
5977,1281.109459,12.60221402,0.63564712,0.579762059,0.868165387,0.336161033,85.96289515,530.4019757,23.03045757,10.76476767,0
6424,1938.127967,22.74863529,0.510378692,0.488711495,0.823204687,0.23886748,28.94774853,680.8500641,26.09310377,8.816036806,0
4519,495.8009035,6.174703764,0.657486117,0.521337346,0.935184624,0.271813496,74.03317688,259.1541082,16.09826414,10.66118299,0
5298,329.2242943,5.048561652,0.825968763,0.800002206,0.910101509,0.64000935,30.87202363,258.06533,16.06441191,10.89971796,0
3877,109.751211,1.788804323,0.910364303,0.870509854,0.922387372,0.757790153,33.59823004,114.7403224,10.71169092,11.20816354,0
4357,3944.203193,34.13424885,0.442251729,0.425218254,0.75253393,0.180920444,84.30646736,1362.164875,36.90751786,10.31032341,1
4424,284.6791615,4.65497156,0.68579304,0.585287245,0.944077525,0.342574298,58.40324382,161.6519503,12.71424202,10.62641442,0
9660,1419.044227,13.64115856,0.653683202,0.602685812,0.893265695,0.363260482,81.85893838,685.742364,26.18668295,10.64605117,0
5152,1839.835267,16.20396562,0.537296547,0.475066308,0.857634325,0.22574362,91.08708069,762.7268668,27.61751015,10.46938469,0
4581,2402.124911,23.99890265,0.575686357,0.562413804,0.806203717,0.316361712,68.14573861,936.1798845,30.59705679,10.55785871,1
1791,3506.657997,34.85741941,0.40423453,0.390651855,0.773990986,0.15268824,83.21294972,1365.348521,36.95062274,10.4712996,0
2143,2219.549051,22.92994694,0.533402521,0.507511191,0.805040261,0.257618848,67.28781696,614.2607352,24.78428404,10.69455113,1
6429,2423.805458,23.89302262,0.574226412,0.56106917,0.821693926,0.314841629,68.67530628,825.1175926,28.72486018,10.68545811,1
8653,329.9493646,5.647402938,0.688622785,0.610587725,0.935222101,0.372835874,53.88817374,161.0800911,12.69173318,10.74197053,0
9215,1774.658545,20.20760514,0.599361586,0.584918321,0.847578624,0.342170688,56.26737795,915.6955637,30.26046205,10.55393519,1
3010,1079.199843,13.71509924,0.613557108,0.587908501,0.87787999,0.34567407,51.31713824,621.0210078,24.92029309,10.54050201,0
278,52.84277089,1.464125148,0.81645352,0.590062992,0.897060061,0.3481879,11.64414079,28.14673896,5.305350032,9.422166719,0
4821,3287.857899,31.55208038,0.479148768,0.465753864,0.748708951,0.216994715,72.51975891,1158.698061,34.03965425,10.58762706,0
5119,973.7922049,12.85097494,0.671831975,0.653487304,0.883888905,0.427060764,37.1025679,494.9398633,22.24724395,10.53502066,0
2699,123.9678722,2.592094044,0.866302091,0.841283394,0.881136446,0.707761081,7.429249175,42.27340073,6.501799807,6.529944535,1
6438,1342.855805,14.60342012,0.561024562,0.511470069,0.87028517,0.261650444,74.99314913,561.430968,23.69453456,10.87731802,0
6383,3307.387587,31.76461301,0.489542789,0.476651055,0.756379507,0.227272267,71.82057711,1405.515915,37.49021093,10.34121504,1
8684,4366.509653,36.08259163,0.43005264,0.411073786,0.714324772,0.169137511,87.76642716,1396.716973,37.37267683,10.3166416,1
5209,21.17398573,0.278291615,0.99364972,0.993375346,0.92941458,0.98679458,8.026489233,51.10678977,7.148901298,6.964521034,0
7766,21.0885798,0.487207804,0.933675649,0.702943653,0.816392212,0.494136918,5.473060649,3.602800364,1.898104413,5.792857087,1
8411,967.1765183,11.4382782,0.678541488,0.647386766,0.88599233,0.419143501,58.22705865,419.4558769,20.48062198,10.67048207,0
9305,3858.899998,32.54657638,0.38213265,0.350714677,0.758979177,0.123115323,95.13879588,1395.096338,37.35098845,10.0745592,0
9613,2084.714787,19.3198864,0.631846101,0.610046351,0.817371558,0.372208325,85.93863121,734.3740919,27.09933748,10.80648853,0
7208,4730.978756,42.11176476,0.423338733,0.414398023,0.625591278,0.171851269,49.87178159,1715.286622,41.4160189,9.810342094,0
8356,4147.640696,39.73154835,0.358329653,0.345149582,0.735137949,0.119227955,86.615875,1736.064823,41.66611121,10.37413249,0
5310,2154.322629,29.78615142,0.201329056,0.172239564,0.793852115,0.029692157,108.8948169,1211.493689,34.80651791,10.06469379,0
9460,5215.049222,45.76661135,0.366044789,0.356312534,0.644004017,0.127104831,66.71642753,1904.046439,43.63538058,10.25401825,0
6451,2776.163009,24.5278475,0.420678452,0.373426076,0.822583935,0.139516757,97.16518387,1133.805988,33.6720357,9.766463425,0
3920,402.8228024,8.205404819,0.568105423,0.510465114,0.935479641,0.260589551,17.23056199,310.6146107,17.62426199,8.374553566,0
3654,351.3410242,5.585302739,0.688596866,0.621136779,0.941635516,0.385824795,50.67050736,302.3980159,17.38959505,10.70239345,1
8393,2178.409637,18.36096225,0.671889517,0.650354779,0.825976086,0.423007672,89.01788889,910.3850713,30.17258808,10.42696056,0
2996,977.2309923,10.00117024,0.630508302,0.552482772,0.911304881,0.305257404,86.80669257,439.4133663,20.96218897,10.82723689,0
6729,2756.873585,22.32272619,0.558482154,0.525767566,0.812396219,0.276505799,108.007283,877.0156905,29.6144507,9.416122704,0
3513,4471.995091,36.76802786,0.475134988,0.462382802,0.700262915,0.213945438,82.03290435,1560.802764,39.50699639,10.4542201,0
5264,2170.890495,21.17799585,0.48005805,0.444332276,0.861296637,0.197494894,90.29993828,872.9165172,29.54516064,10.26648127,0
8655,3104.815845,25.47149927,0.542073383,0.516644351,0.793712506,0.267063566,100.9521034,837.1857427,28.93416221,9.885179994,0
1891,785.4303112,9.399423057,0.604098743,0.524115041,0.923095559,0.274724935,68.69033253,645.5858191,25.40838088,10.82142144,0
9230,2066.953752,22.32370893,0.441682343,0.401578084,0.8486303,0.161328694,78.86066543,993.3649804,31.51769313,10.61111895,0
5076,316.1634196,5.592281729,0.698684197,0.59805448,0.905314966,0.35768638,30.94467122,204.0762743,14.28552674,10.6972762,1
2324,565.9114534,9.686464199,0.620523161,0.582125179,0.909821445,0.338890595,40.74308105,363.0065024,19.05272953,10.49967936,0
4056,2871.577566,26.37993725,0.491906746,0.467696827,0.809381462,0.218853725,83.1054712,986.3578322,31.40633427,10.45666608,0
5871,742.9475061,11.02502121,0.557720871,0.490354969,0.895562694,0.240493324,60.97542715,301.2842877,17.35754267,10.77202281,0
3449,953.8416048,12.80663758,0.696905569,0.685645899,0.88159501,0.470130776,25.16141289,560.7835434,23.68086872,8.921846931,0
2805,2849.061257,25.97984208,0.523322587,0.497116026,0.762067984,0.247209181,80.84007086,1101.907608,33.19499371,10.60118526,0
7354,1454.354528,16.3151101,0.565806031,0.532026467,0.855259375,0.283092597,75.11685334,469.7081021,21.67275022,10.82021215,0
5220,364.8525889,6.241401574,0.489224426,0.302350431,0.936018389,0.091439349,53.20145838,621.1401608,24.92268366,10.15189121,0
4544,291.0404756,6.176961598,0.664424321,0.599251378,0.920164545,0.359119117,36.46626482,208.0472947,14.42384466,10.77960665,1
3336,1902.64475,19.55494435,0.630054953,0.616741992,0.82850043,0.380411054,51.01452942,873.4638104,29.55442116,10.40187683,0
4338,2143.735748,20.22036236,0.66732203,0.657448486,0.783469398,0.432278856,66.0702228,869.2606268,29.48322619,10.48640504,0
4577,1446.10862,15.3713142,0.649873384,0.625906481,0.858123885,0.391799566,74.53179998,540.6454689,23.25178421,10.81232515,0
3612,1967.85981,22.37227905,0.526985933,0.506940919,0.809222836,0.2570131,40.99971999,543.1758446,23.3061332,10.64086992,0
1021,162.3791487,2.24840528,0.932280845,0.924712447,0.770158389,0.855094844,6.964381504,34.77622301,5.897136848,6.434421569,0
485,1649.023928,17.73633551,0.692462723,0.68566523,0.791123853,0.470149276,9.312033814,195.8235342,13.99369623,6.243846157,0
2760,2209.264986,19.86226077,0.733561393,0.727475657,0.661575571,0.52923218,9.037204172,238.3143332,15.43743286,6.281053354,0
8842,820.4187378,9.945656076,0.647932639,0.590542098,0.894152139,0.348761485,70.41860088,334.1130222,18.27875877,10.7921326,0
9943,45.4234162,0.290261483,0.995716788,0.995107311,0.286322388,0.990238614,4.020752823,1.106796422,1.052043926,4.009784144,1
4514,2851.489231,28.06811293,0.436419143,0.409210806,0.79139961,0.167528592,73.1568531,978.1391388,31.27521605,10.61590795,1
8217,2656.575027,24.8621091,0.527646371,0.509013206,0.814249759,0.259181458,101.914574,869.9247652,29.49448703,10.05334873,0
1737,38.1499447,0.390412237,0.965910133,0.916548937,0.823107123,0.840062697,5.170439414,8.282915405,2.878005456,5.484892998,1
6549,459.3858826,7.928138746,0.62534217,0.567302527,0.923373021,0.321859969,42.41237983,401.5422046,20.03851803,10.41814264,1
6808,764.5517622,10.07932511,0.562620644,0.474516291,0.912763633,0.225199851,58.56390013,613.8035996,24.77506003,10.8209639,0
5251,1543.035189,18.85351222,0.575022773,0.557349838,0.85376994,0.310683326,42.46215273,850.7999903,29.16847597,9.99298287,0
4859,725.6751928,9.930963202,0.744583012,0.730265297,0.861190924,0.533297991,22.9559125,254.5232083,15.95378351,9.849345691,1
3881,3357.029418,28.59632213,0.519373038,0.500183503,0.777225563,0.250275931,91.13774365,1077.61639,32.82706795,10.26647777,1
5820,350.4574953,5.763567082,0.760679671,0.704183826,0.895072713,0.495889158,25.28062871,204.2319238,14.29097351,10.40183417,1
9740,3696.141782,38.15757831,0.399185896,0.389241514,0.711444677,0.151566184,46.89724325,1277.47716,35.74181249,10.33562928,0
3682,447.5123565,6.118568186,0.730210879,0.657221372,0.919189111,0.431963814,55.45311408,181.4558361,13.47055441,10.7663804,0
9680,625.2306325,7.748412319,0.842624198,0.838294004,0.833809818,0.702739679,6.978774352,81.46636592,9.025872031,5.748302655,1
1703,72.44850446,0.736659807,0.988051001,0.987506174,0.624978285,0.975168542,4.200753077,4.822046892,2.195915957,4.192555174,0
4747,266.3967302,2.989454338,0.946247494,0.94422728,0.61766584,0.891568953,5.61190314,28.08332915,5.299370637,5.560833869,1
3185,2391.887198,22.32942413,0.487369565,0.447237148,0.822876313,0.200106873,91.06918429,839.1617795,28.96828921,10.34806149,1
8844,1298.192504,16.40072126,0.622192765,0.605927818,0.854466479,0.367236421,46.92377728,619.9320524,24.89843474,10.42673398,1
6131,2302.047668,24.87557167,0.502005222,0.483112803,0.82343385,0.233495463,57.19891136,933.5976639,30.55483045,10.67754849,0
5553,858.0560911,12.42318682,0.671233674,0.656767931,0.900231047,0.431363828,28.80289205,592.1764329,24.33467552,9.359633014,0
3019,3542.216289,33.82483444,0.439467651,0.425061107,0.751019467,0.180772547,72.59143362,1168.531691,34.18379281,10.59972617,1
2612,158.6201597,3.554213719,0.779365357,0.688299025,0.92518201,0.47376901,27.79261657,113.8945032,10.67213677,10.78057639,1
9605,416.1650239,7.132604164,0.727175832,0.69399983,0.93042884,0.481647605,21.9248218,386.6400521,19.66316485,8.718955804,0
1286,3560.600642,33.68100411,0.432093523,0.416317345,0.755864751,0.173412095,73.93110592,1131.698589,33.64072813,10.5856425,0
7179,1931.106519,19.67334771,0.570450142,0.537070193,0.848715025,0.288484133,72.83270677,860.4105075,29.33275486,10.75321453,0
7974,3015.156576,28.33220357,0.439244867,0.415814555,0.794799159,0.172977611,96.55296201,975.7286288,31.23665521,10.12783975,0
3360,6449.745863,52.69656315,0.341567085,0.332378839,0.557121677,0.110653123,56.23814458,2591.955173,50.911248,9.490606943,0
8840,769.7353328,12.89800627,0.425008695,0.339374113,0.927916836,0.115195262,33.81056073,823.3978821,28.69491039,9.323466148,0
665,3324.855345,32.24546826,0.453281354,0.439173762,0.774787688,0.192962835,68.09822744,1403.969121,37.46957594,10.39726422,1
3042,1894.931845,21.18490954,0.445400904,0.404586347,0.822419188,0.163780261,76.23160778,601.0773357,24.51687859,10.7336928,1
4319,2600.610954,30.04647771,0.334394146,0.310785299,0.817693837,0.096660274,66.35148305,1284.08218,35.83409243,10.31143913,0
9464,3185.580231,29.01580064,0.433362361,0.408153151,0.792820972,0.166690995,86.47740785,1172.653662,34.24403104,10.30114864,0
2735,1816.617768,18.41606314,0.533243991,0.500757343,0.878185522,0.250814661,77.60701004,925.5633908,30.42307333,10.56623463,0
1664,786.6307366,8.391910084,0.626015576,0.525912634,0.92165422,0.276608326,86.5109095,380.6863518,19.5111853,10.7604296,0
3389,1022.48424,11.70219878,0.672035235,0.62732618,0.880754335,0.393563342,57.82276255,435.65456,20.87233959,10.80471678,0
7948,2464.187574,24.02683,0.505600864,0.480494423,0.821621749,0.23094532,74.48302785,901.2077696,30.02012274,10.62781895,0
3774,1852.06614,20.62681021,0.647034704,0.640659429,0.817513346,0.4104689,14.44895896,484.4266938,22.00969545,7.260178595,1
7275,3593.249662,31.60167527,0.490984131,0.475499108,0.73826294,0.226228101,83.1891218,1221.163974,34.94515667,10.48267659,1
1060,3283.811576,36.79565939,0.348519317,0.334451906,0.703371776,0.111899024,53.29502875,763.0604724,27.62354924,10.65651818,0
2274,5289.897439,47.98360045,0.343456186,0.334134409,0.639184643,0.111721136,52.92593314,2253.739986,47.47357145,9.903684167,0
8164,820.6217166,11.58009305,0.532259879,0.4603511,0.899068321,0.211951878,49.54062212,631.9588789,25.13879231,10.23014857,0
7251,434.6117068,6.32546495,0.706296179,0.63868525,0.939205155,0.407924067,25.45310578,439.4798889,20.96377564,9.062297205,0
9809,2278.469458,20.48641745,0.639378988,0.617430614,0.818777169,0.381277497,74.0913854,849.3974348,29.14442373,10.65279413,0
2568,3344.047093,33.81994871,0.433099082,0.420065059,0.75315389,0.176538107,54.47873865,1216.501924,34.87838763,10.42126941,0
8399,1216.619883,12.21501155,0.76413182,0.754651231,0.86025784,0.569512704,54.93342995,550.607066,23.46501792,10.70963417,0
2086,2331.972537,24.81450973,0.503207044,0.483002204,0.81647387,0.233336794,57.88324485,799.4064189,28.27377617,10.78481303,1
7967,596.8579689,8.734087649,0.656223957,0.61097763,0.915702599,0.373313876,45.1532109,338.4221594,18.39625395,10.84300538,0
3003,30.98108716,0.669296041,0.915068586,0.840307314,0.946093769,0.706117027,10.3947805,35.35161326,5.945722265,8.985207808,0
405,55.60471655,0.474631954,0.994077625,0.993853414,0.749987005,0.987744715,4.316803577,20.04963424,4.477681793,4.126881426,1
7945,43.28590863,1.598452817,0.848448229,0.781281294,0.955950916,0.610407654,14.08301566,64.44574064,8.027810451,9.506507283,1
8999,2204.165908,23.7722179,0.564752437,0.552452839,0.820210633,0.305232891,48.08971441,681.3039118,26.10179901,10.6194586,1
6259,151.6043702,3.330517664,0.726004669,0.600235758,0.950185155,0.360293886,41.72839356,97.90615451,9.894753888,11.15347516,0
3329,30.82410813,0.422164371,0.990267654,0.989697609,0.939183289,0.979501384,4.565793459,15.34707441,3.917534226,4.472466071,0
7185,535.4482986,7.849514027,0.594325359,0.499601461,0.920232774,0.249622819,50.07372085,274.9667649,16.58212185,10.76097925,0
2191,978.8209597,12.16418455,0.685507585,0.66486074,0.887746662,0.442054143,52.83643055,441.1251544,21.00297965,10.81490703,0
6090,945.6133447,11.27272582,0.646344284,0.596285608,0.884555042,0.355589139,62.50567138,512.382087,22.63585843,10.71222933,0
4429,2615.537463,23.70023443,0.470251084,0.428551665,0.801810644,0.183734153,80.46041272,978.0530233,31.27383928,10.51133712,0
8633,873.8577765,8.468021799,0.738596232,0.693379671,0.906348328,0.480792765,82.35455755,321.8213276,17.93937924,10.91359326,0
1581,4292.135667,36.09060541,0.412666405,0.3910561,0.713641498,0.153037625,90.16469942,1775.731425,42.13942839,10.12813325,0
1654,945.1081105,12.97403954,0.603931688,0.568831063,0.906987091,0.323586434,38.36031961,927.2796988,30.45126761,9.050082368,1
3982,849.7784431,7.758270309,0.85434336,0.847292104,0.887209996,0.717911304,80.84700105,475.8037737,21.81292676,10.72631294,0
5930,1155.189127,16.68104338,0.463918167,0.417842946,0.869662335,0.17462686,40.47110469,670.4113122,25.89230218,10.10690797,0
879,605.8400157,8.491923373,0.600262874,0.517490945,0.930213596,0.267809101,60.80766907,385.1959161,19.62640864,10.86218787,0
5628,447.2821121,9.931388885,0.478460088,0.423278306,0.938028022,0.179181941,26.09096577,483.9035933,21.99780883,9.175339906,0
4692,263.1010043,2.83671132,0.953308709,0.952316592,0.805957875,0.906907513,4.813915815,26.42658554,5.140679482,4.603594955,1
1672,165.3791197,4.064779677,0.616920745,0.481173339,0.960262323,0.231546394,34.44141115,289.7789606,17.02289519,10.88210613,1
9807,1163.799141,16.62525574,0.474570388,0.436409069,0.865990779,0.190494362,37.27479207,634.5311219,25.18990119,10.15558745,0
4340,1379.734416,16.25061997,0.654854082,0.641323011,0.843183907,0.411320033,33.75069924,610.5573158,24.70945802,9.907528822,0
1033,1497.491255,18.25274576,0.639645246,0.630570272,0.83187644,0.397646424,29.33486134,544.0105001,23.32403267,9.99940709,1
3522,881.7164627,9.603480878,0.659733398,0.606128114,0.919705658,0.367410842,76.52821894,426.0212343,20.64028184,10.6980621,0
8812,1399.220525,13.45611396,0.546152503,0.46612504,0.889738674,0.217312152,87.17697345,631.4061648,25.12779666,10.64032742,0
6197,398.6563657,6.926971194,0.656688457,0.586026203,0.922027934,0.343448451,47.73050952,253.4371355,15.91970903,10.6282592,1
9497,1330.882104,16.9758263,0.65560833,0.647297436,0.86226068,0.419008777,9.619251096,266.0923705,16.31233798,5.680466635,0
3941,3318.599945,31.55774516,0.471474042,0.456832668,0.751452054,0.208783915,65.49661864,1079.232053,32.85166743,10.56195232,0
3787,1132.481879,11.78926328,0.595413393,0.527243746,0.88940129,0.278027744,83.64891063,434.2528145,20.83873351,10.69008425,0
998,905.2011234,12.86909159,0.617981132,0.590428152,0.860728906,0.348619215,37.12907458,431.5582301,20.77397964,10.19179113,0
2676,2488.329903,26.1323567,0.538451454,0.527061691,0.799047139,0.277837574,46.70944363,971.9210125,31.17564775,10.25180777,0
637,139.26329,1.293612661,0.979393747,0.976185171,0.385041684,0.952937855,4.377452356,8.205132852,2.864460307,4.386629522,0
2208,2248.571115,20.72028822,0.566308437,0.538770686,0.831923237,0.290328928,92.45373597,721.4220327,26.85930067,10.39071525,1
4992,1009.278037,13.21193887,0.541181747,0.485518586,0.870944666,0.235760852,38.57530457,441.1441011,21.0034307,10.45303691,0
7063,1495.250112,17.44596023,0.600405206,0.58159498,0.867878287,0.33828428,54.57958668,803.0107144,28.33744368,10.54695263,1
431,5064.499801,45.14995073,0.331016403,0.317038706,0.66691003,0.10063608,68.23990826,1663.191133,40.78224042,10.35191715,0
1306,1684.616086,18.35920438,0.455031933,0.401553747,0.860914594,0.161313272,82.61182172,720.6019519,26.8440301,10.73105659,0
6456,385.8089557,6.077367964,0.694281021,0.61400586,0.922698835,0.377024504,52.16472109,221.9204148,14.89699348,10.62726555,0
9714,3128.788009,27.88177372,0.463010834,0.438683464,0.801118741,0.192524096,100.6045941,959.4099815,30.97434392,10.01116684,1
7833,1580.012676,17.44019835,0.591760406,0.567559908,0.847773788,0.322152318,53.2892198,572.889716,23.93511471,10.7242336,1
9197,62.71679585,0.887375761,0.972751183,0.969993795,0.950156947,0.940888279,24.6803363,168.0604366,12.96381258,10.62567878,0
1995,370.0970722,5.007964666,0.785826767,0.730580192,0.923708038,0.533758938,58.31208379,275.9553427,16.61190365,10.64760452,0
5420,4762.568055,39.5977653,0.429934405,0.417325678,0.70547958,0.174303349,78.46162129,1607.882122,40.09840548,10.44448508,0
2159,2208.867355,21.78515539,0.62299294,0.610343048,0.794305904,0.372574846,67.56976744,885.0257323,29.74938205,10.61471981,0
8029,3523.446791,36.37661514,0.393869562,0.381142582,0.736557701,0.145365842,52.86910995,1390.651356,37.29143811,10.08439162,0
1827,937.5733946,11.05094098,0.773520099,0.76290733,0.857402387,0.582032214,22.69599767,305.8612926,17.48889055,9.65234756,1
9867,4676.481699,45.78863226,0.298387833,0.285909904,0.656880591,0.081834145,68.25429984,1687.540484,41.07968457,10.22118637,0
9545,255.1590845,4.462954534,0.786455288,0.737544836,0.915409982,0.543980572,30.33583885,126.3562107,11.24082785,10.89075934,1
4484,852.7262039,9.486833634,0.785031512,0.765366736,0.880037235,0.585800707,51.95516637,372.0524399,19.28866091,10.76881284,0
7190,2170.235618,23.06275687,0.521457488,0.500318304,0.789882817,0.250403914,56.67258652,707.603274,26.60081341,10.68074123,0
5035,1475.587901,18.22033673,0.616766612,0.602915279,0.783249934,0.363530662,15.36882477,299.9135689,17.31801284,7.836057652,1
4262,4120.668849,35.58467513,0.461531238,0.447252866,0.727047619,0.200147292,84.84978308,1478.318936,38.44891332,10.45050358,0
6237,1050.113108,12.09044538,0.681877158,0.638760973,0.871295649,0.408040757,63.28472795,460.8531139,21.4674897,10.78637526,0
6562,2319.894056,24.1449239,0.538791218,0.523340127,0.808950264,0.273942812,55.09752329,830.4577092,28.81766315,10.63250244,1
712,2596.751887,24.73547985,0.498142289,0.469923001,0.797907311,0.220904628,82.16808273,759.1608534,27.55287378,10.60754348,0
6267,745.6343657,8.519151537,0.836474379,0.831474435,0.81989428,0.691352378,9.106638039,118.1295599,10.86874233,6.872176844,0
1024,2504.155913,27.04355682,0.550652638,0.542877141,0.775314509,0.294742426,22.24947681,649.9081136,25.49329546,8.88707593,0
9180,260.3714866,3.681049279,0.881117834,0.861515136,0.907500951,0.742214975,51.92544223,180.3875198,13.43084211,10.72937335,0
3585,1961.422635,18.95862762,0.650822219,0.637388974,0.822998951,0.406296748,50.70286374,600.8554035,24.51235206,10.72486266,0
9288,158.8459874,2.975209717,0.817679201,0.759722486,0.947231676,0.577183974,33.01578555,144.8512305,12.03541568,10.60955417,1
8403,3613.267536,31.93576125,0.463927657,0.446362035,0.758176535,0.199327739,84.48200219,1253.766278,35.40856221,10.50470316,0
6847,3874.676368,31.18022522,0.479313553,0.448997286,0.758425998,0.201715587,98.75193493,1292.588304,35.9525841,9.90806893,0
8753,1708.741574,16.75908048,0.570268343,0.538574687,0.873851134,0.290105158,103.3863954,630.310007,25.10597552,9.825787779,0
9051,900.7963025,12.95490897,0.551412153,0.498107252,0.893560585,0.248123319,20.47051406,448.3892858,21.1752045,8.133035458,0
4695,55.01162411,1.312973252,0.879208888,0.693003202,0.885330393,0.480261197,10.77527771,18.02984911,4.246156982,9.619947321,1
6027,1327.776152,15.28760341,0.539902183,0.487614568,0.882619584,0.237805423,75.46872302,556.8541258,23.5977568,10.83438557,0
1265,3462.590989,33.75922489,0.429857781,0.41372964,0.740420695,0.171233578,57.1767718,1111.009499,33.33180912,10.43399371,0
9704,118.3836845,1.748284797,0.913729421,0.875579556,0.926655374,0.766643443,47.62142292,60.02832287,7.74779471,11.29758846,0
5725,2621.391047,22.83463192,0.558041577,0.529737299,0.81701081,0.280683445,90.54736934,892.2071103,29.86983613,10.31240127,0
9919,104.7319916,2.201726693,0.828860832,0.706843534,0.904045315,0.499640525,22.99194608,48.33512352,6.95234662,10.56193198,0
5570,426.5419018,6.386342959,0.660490901,0.567107999,0.935428615,0.321628916,48.21905492,365.7403741,19.12433983,10.76598287,0
9995,1505.273039,15.77359909,0.66625136,0.648680948,0.848059697,0.42082127,62.68135743,459.3972916,21.43355527,10.60337404,0
9939,3354.010285,28.89894071,0.520221985,0.50334106,0.75001307,0.25347737,82.02909042,1147.893407,33.88057566,10.52459284,0
5853,86.89614167,1.576285542,0.911430358,0.881361889,0.948323787,0.776800074,38.10906173,102.4971447,10.12408735,10.9680476,1
2102,1073.321146,13.84123936,0.608938118,0.576899163,0.870189204,0.332838093,48.39664804,522.6270693,22.86103824,10.54448372,0
8254,2015.877677,20.8944181,0.56519446,0.54255389,0.841992785,0.294402265,64.53721011,628.773451,25.07535545,10.64041828,0
3581,152.1960146,2.8643622,0.79007816,0.700653292,0.950397336,0.490922793,40.05181293,116.3459229,10.78637673,11.05197042,1
2017,1517.505173,18.49474006,0.534516475,0.507797754,0.837365217,0.257918135,66.01665683,512.6363585,22.6414743,10.79543072,1
8281,4225.743858,34.80876206,0.542371462,0.518725788,0.745871837,0.269172747,60.35812167,1022.753742,31.9805213,10.74837373,0
1161,890.3117643,10.26179209,0.644605116,0.588560272,0.892850179,0.346435972,66.12706624,484.5426385,22.01232924,10.88870409,0
4926,267.7890721,4.398292846,0.761457404,0.685330373,0.930310937,0.469691335,46.65846481,191.07098,13.82284269,10.66363449,0
27,2084.05213,19.56037726,0.464695527,0.423333455,0.877138809,0.179265478,99.01303037,876.1636252,29.60006124,9.907460037,0
4416,3509.726664,29.94394987,0.494632483,0.471839002,0.769828224,0.22275174,90.7111153,1156.18074,34.00265784,10.1646994,0
2137,954.9460256,10.64778036,0.756346817,0.741612239,0.880635244,0.550001059,55.56763333,445.560741,21.10830976,10.79996505,0
2671,1740.709177,22.43232166,0.523825023,0.511064697,0.84812883,0.26120773,24.31400448,651.9778613,25.53385716,8.385756302,1
4032,2856.029909,26.90193246,0.530165159,0.515147158,0.792287368,0.265440846,66.58872912,907.7363667,30.12866354,10.67951626,0
2244,1524.096826,21.38385852,0.361149258,0.315106057,0.868834745,0.099319554,37.0806887,1059.70123,32.55305254,8.821788853,0
7905,147.326754,2.534350806,0.874590935,0.846771872,0.954051385,0.717024993,22.95842835,240.1363762,15.49633428,10.54951323,0
8910,4105.406385,36.33454701,0.437912958,0.424833291,0.740630933,0.180608672,76.52717586,1469.479424,38.33378958,10.35637956,0
5487,526.3711776,7.254242696,0.793695602,0.781257797,0.904844359,0.610369666,20.52995566,320.1979029,17.89407452,9.1224939,0
4652,5335.578303,46.30230313,0.346521402,0.334888425,0.657396341,0.112300465,77.39202371,2060.75927,45.39558646,10.29884967,0
6632,1030.139621,12.54441021,0.615972918,0.579421822,0.907858825,0.335745762,59.62578316,500.0565926,22.36194519,10.85514041,0
7207,1673.700973,17.54217498,0.584708602,0.555679321,0.854486852,0.308834036,81.13340925,622.1460638,24.94285597,10.73710478,1
6041,683.4428236,9.440604215,0.601587122,0.532551574,0.923010584,0.28363433,65.19937318,337.4922405,18.37096188,10.68315689,0
1616,2759.578946,27.96391679,0.494727071,0.477138411,0.791283151,0.227704597,58.51326615,844.3523507,29.05774166,10.67662912,0
7954,1851.496854,19.43723527,0.682598407,0.676227752,0.78268466,0.457330925,25.56650852,680.9345944,26.0947235,8.755498812,0
3345,934.1755788,12.67627071,0.594560559,0.553700387,0.916653266,0.306599006,50.77999212,804.8620691,28.3700911,10.21226258,0
2592,66.82727286,1.581460506,0.896239244,0.833178079,0.9059665,0.694197524,21.85671236,35.14077804,5.927965759,10.75483105,0
9652,2755.950421,26.09168143,0.409636757,0.370905526,0.80173188,0.137653278,90.81589239,1063.528738,32.61178832,10.212407,0
7807,2123.413583,22.69665772,0.441212008,0.39256236,0.832514296,0.154147578,75.73261314,760.5015262,27.57719214,10.66603313,0
5970,1542.326245,16.8476845,0.649309555,0.633474838,0.868637122,0.401311694,52.49311378,600.1138218,24.49722069,10.70193598,0
1281,3621.456726,31.87943998,0.515520107,0.502668315,0.746955274,0.252779515,84.14844235,1033.527046,32.14851546,10.44494074,1
6906,2407.710719,26.99421104,0.492765299,0.478501223,0.760717977,0.229007888,40.13019324,838.4936294,28.95675447,9.875987078,0
3466,2929.2998,26.36907518,0.476084951,0.451162696,0.81466276,0.203623163,90.40752367,1088.329839,32.98984448,10.23496016,0
6460,1327.790897,13.5221365,0.580076377,0.516813291,0.879881351,0.26713962,83.83339365,505.2932864,22.47872964,10.8101131,0
5720,1404.853546,15.54585001,0.616050301,0.588757894,0.850514428,0.346670592,49.39120129,598.711606,24.46858406,10.61628675,0
6939,2711.642689,25.70741291,0.533712586,0.516915049,0.785872165,0.267269576,66.25802742,820.6692025,28.64732453,10.6124942,1
8100,1937.581298,21.78008365,0.613095805,0.60394538,0.766121267,0.364768716,36.47349613,358.3430835,18.92995202,10.69526083,0
1089,1661.943766,20.19976197,0.578246903,0.564541487,0.848363131,0.318717484,17.27614274,426.7302396,20.65744998,7.772751807,0
2229,35.19009482,1.467991654,0.745780045,0.504231601,0.957689555,0.254260403,14.71681202,55.13613208,7.425370838,9.935282345,1
6927,2450.72388,22.15105307,0.585977773,0.564472517,0.82764533,0.318678127,88.20692375,804.4779995,28.36332138,10.5889948,0
6944,638.570343,9.146344852,0.740947284,0.722995441,0.912806524,0.522732502,24.02837239,456.898353,21.37518077,9.074632596,0
6282,1078.603326,10.34533945,0.849045756,0.845729701,0.775650628,0.715280053,12.71352885,267.238423,16.34742863,8.375948284,0
8039,2210.440009,26.94268986,0.376621254,0.345094825,0.793463353,0.119124456,46.46799629,928.0352201,30.4636705,10.16675501,1
6141,1065.402188,13.08863002,0.52789218,0.453279187,0.90251233,0.205485384,51.78536,644.1563523,25.38023547,10.6897823,0
7184,1535.590452,14.35758276,0.688423956,0.659702749,0.857487617,0.435246364,76.0212505,548.3075543,23.41596794,10.76016977,0
4018,593.767445,10.12849101,0.579734497,0.534130397,0.94300915,0.28530549,34.0159062,757.4714794,27.52219976,9.152309547,0
7514,3523.60574,33.5188814,0.447574072,0.434403277,0.751999481,0.188795722,63.92725688,1398.919658,37.40213441,10.42569836,0
5540,4246.836629,36.70827337,0.422296122,0.407002975,0.742770065,0.16578207,86.92601635,1543.411149,39.28627176,10.29091233,0
6407,1026.45641,10.34123005,0.675706405,0.618928334,0.891006091,0.383099005,79.56298756,432.7266845,20.80208366,10.76308769,1
6126,2942.28039,29.60462425,0.541055634,0.532918579,0.736804116,0.284044098,19.59651815,573.4242485,23.94627839,8.783683008,0
1090,1781.948008,21.8790707,0.523710713,0.505457097,0.835662365,0.255550577,39.79046028,806.4595267,28.39823105,9.871186877,0
2385,2897.727743,31.03597842,0.483901955,0.473827695,0.731993953,0.224575762,30.51480605,754.7701421,27.47308032,9.664801398,0
9202,1809.008956,18.75766881,0.604899882,0.580114511,0.8548633,0.336561867,64.83535961,658.342045,25.65817696,10.8404016,0
6755,1582.112737,15.38402222,0.632108977,0.597037458,0.867996068,0.356508612,80.27845809,530.2728962,23.02765503,10.75603672,0
734,1310.096988,17.5238286,0.579418008,0.563140157,0.83250494,0.317143437,13.68366125,289.5203746,17.01529825,7.395366501,1
3819,1451.476325,14.0473471,0.69523627,0.673528608,0.870551976,0.453688453,78.32151667,746.0411051,27.31375304,10.69566969,0
3859,184.5374705,4.840233043,0.569953884,0.432743615,0.958046697,0.187278048,22.89797508,306.7026528,17.51292816,9.460144067,0
6721,2170.733547,19.69173894,0.638375225,0.621599467,0.832155043,0.386426866,92.97361327,651.400382,25.52254654,10.46222452,0
1029,1329.654399,16.65914661,0.553004981,0.514122049,0.860593693,0.264354626,47.98181735,553.8239956,23.53346544,10.65901416,0
2118,1143.899007,16.40213653,0.531227606,0.498271611,0.838994391,0.248319583,38.12406121,526.2263005,22.93962294,10.02748991,1
1738,2242.116536,28.60398055,0.415075683,0.400873642,0.75878753,0.160737913,28.09534509,700.2324694,26.461906,9.321494104,1
5494,1344.651324,17.08048878,0.546986917,0.513877742,0.839694057,0.264112311,38.707821,512.077268,22.62912433,10.35345323,0
8106,2556.114784,23.6433199,0.568072654,0.549987652,0.810026007,0.302545016,89.60148254,742.7050174,27.25261487,10.44535805,0
364,1631.880958,21.55820879,0.364876335,0.317375494,0.849354386,0.100764748,35.86414636,997.5575461,31.5841344,9.024455209,0
1263,1401.362136,13.45090749,0.563593971,0.477780091,0.883500803,0.228316229,96.01049971,553.564638,23.52795439,10.40026754,0
6700,303.5205672,3.703276843,0.857751313,0.812789247,0.927091642,0.660633673,69.36937318,150.6051535,12.27212913,10.51862716,0
6922,702.5997046,8.632657035,0.689560847,0.631351837,0.897892102,0.398636338,55.06263965,351.7694525,18.75551792,10.65750747,0
1226,1047.683518,10.77124605,0.827347512,0.821791654,0.693186292,0.675345459,6.771426856,76.10049666,8.723559861,5.793601565,0
2168,189.5617043,3.866661732,0.803591274,0.748681537,0.92012371,0.560540653,37.13852758,120.5133934,10.97785923,11.01186866,0
1034,1868.861345,18.64167916,0.58377257,0.557123538,0.849527572,0.31042602,75.64768173,707.0671556,26.59073439,10.64669863,0
9838,1247.39728,15.51985606,0.65319051,0.640308059,0.81478165,0.410007713,13.43995163,240.2790448,15.5009369,7.496785898,0
2853,1349.746297,14.5770401,0.580526134,0.537925146,0.874898957,0.289385658,74.50178863,442.272962,21.03028678,10.71847284,0
2127,2228.048839,21.00658793,0.564555554,0.538162452,0.805749559,0.289684815,88.96664395,571.9400563,23.91526827,10.75401928,0
7103,3185.149649,27.46571618,0.418696754,0.368311766,0.770874226,0.135759999,94.03944949,1252.789984,35.3947734,9.980139856,0
1431,36.89716718,0.391399018,0.992539969,0.991882855,0.92608758,0.983831614,15.67182148,108.6606849,10.4240436,9.6852907,0
8831,1466.941466,15.71535094,0.576573973,0.531503986,0.853872597,0.282552327,76.56681261,578.0055186,24.04174533,10.79912106,1
856,2246.887194,25.10090064,0.462678708,0.436643423,0.802046359,0.190736374,59.1627087,780.5874427,27.93899502,10.63335488,1
3054,2353.438435,21.99831295,0.519932686,0.479006187,0.8207027,0.229516132,74.27291716,916.4085449,30.2722405,10.67514177,0
2531,1392.111058,18.78059787,0.559237418,0.541414549,0.77958306,0.293138727,18.60365334,297.7654891,17.25588274,8.394785313,0
4116,169.8891289,3.4626999,0.795538323,0.747787546,0.937077472,0.559193071,35.74996714,157.8666935,12.56450132,11.1089795,1
1961,1480.8189,18.41051514,0.64847451,0.640761334,0.83290472,0.410585829,12.31174396,269.7726348,16.42475677,7.339564864,0
1947,621.1912402,8.007636897,0.724030492,0.687154093,0.925556433,0.472195328,46.87576015,507.0746507,22.51831811,10.76109472,0
2088,121.3474126,2.79712381,0.844926657,0.796013804,0.874260067,0.633645701,7.638542665,37.04205141,6.086218153,6.837508553,1
9900,1453.873775,15.456435,0.572438846,0.53032081,0.858773983,0.281290432,85.77997718,488.18636,22.09493969,10.81550341,0
4557,3312.459559,29.69035302,0.443222119,0.41905213,0.78767268,0.175719199,91.80318478,1232.458268,35.10638501,10.07566758,0
1246,3030.322297,25.74145391,0.525751203,0.501457459,0.782367684,0.251546373,84.02862432,1135.192282,33.69261465,10.48428668,1
3176,43.19721156,0.512749804,0.986905434,0.986246536,0.896081291,0.972682305,13.15113395,91.86915509,9.584839857,9.403090867,1
4854,406.3524445,7.303141019,0.669599308,0.622495506,0.925944775,0.387508041,16.17996304,229.3759804,15.1451636,8.35213439,1
5147,886.8095029,12.69907165,0.560455095,0.521281322,0.909895681,0.2717746,44.48215179,623.0369126,24.96070737,10.48462586,0
7635,1951.58724,19.44736263,0.587411056,0.564480308,0.84655434,0.31869916,79.49657081,820.813862,28.64984925,10.77439697,0
3065,2235.215592,21.2574144,0.518395339,0.479233515,0.83521538,0.229742015,93.00621089,864.5529199,29.40328077,10.28226928,1
2259,77.23196696,2.255756326,0.696820068,0.53607183,0.966998536,0.287379505,20.84109414,139.687401,11.81894247,9.994234913,0
4421,1829.591848,19.93940488,0.613195872,0.599215871,0.775727566,0.359078207,14.52806419,268.319744,16.38046837,8.072330988,0
2201,966.553995,15.84423973,0.492812106,0.463748647,0.903706051,0.215083238,23.78089859,645.7701717,25.41200842,8.024650725,1
1065,3426.258249,33.43386105,0.483291826,0.473377344,0.711169697,0.224154745,42.30858681,1009.547559,31.77337815,10.18983713,0
9067,3651.471163,33.57134447,0.457333959,0.443185256,0.750703672,0.19652452,75.75984784,1106.013001,33.25677376,10.54455533,0
286,1091.444826,11.39919055,0.729735172,0.705866102,0.867865608,0.498268478,69.21751162,353.4976122,18.80153218,10.64519627,1
9358,43.62917344,0.892294323,0.910203077,0.840016306,0.937809371,0.70562957,19.19106399,51.14253953,7.151401228,10.51142816,0
1049,245.0130333,4.058940557,0.857428504,0.837480231,0.901149749,0.701383171,23.25833138,171.4940488,13.09557363,10.51925738,0
8952,192.6704699,3.255602699,0.871087155,0.841216358,0.920002184,0.707647548,18.53727257,133.6467147,11.56056723,10.23393136,1
505,100.8689931,2.539468637,0.73912309,0.626122845,0.960234944,0.392039259,22.59570893,207.45852,14.40342043,9.921902716,0
4011,326.4770917,4.975638052,0.843809192,0.823538019,0.868230667,0.678218177,31.32216456,181.2289034,13.46212849,10.62780906,1
8922,365.769877,5.776646644,0.82185662,0.806108236,0.870264855,0.649827506,15.94419677,180.8124017,13.4466502,8.895580357,0
6828,2329.001713,23.91108627,0.56029949,0.54566002,0.804892732,0.297813699,60.66227996,879.8886111,29.66291643,10.62163364,0
7058,396.4834606,5.96109953,0.73449126,0.685973855,0.920670676,0.470578292,52.18290139,285.7280646,16.90349267,10.6533201,1
9419,1534.299028,15.35385031,0.598639987,0.549499522,0.850715874,0.302001059,83.42141008,496.7510608,22.28791289,10.75513987,1
5084,2359.214602,20.95122446,0.564463981,0.536292905,0.833044214,0.28770453,97.23676414,598.0858123,24.45579302,10.3168303,0
7226,405.161372,5.873436687,0.737551227,0.684541256,0.927775454,0.468608058,43.18843576,273.5228122,16.53852509,10.93458571,0
9196,285.5002758,2.610322751,0.962168746,0.961228277,0.792490285,0.923959874,18.16940969,129.6755213,11.38751603,10.11527197,0
6959,3734.161449,31.48581892,0.450391104,0.425044165,0.763293896,0.180780582,95.86647083,1294.106113,35.9736864,9.850869556,0
3400,1839.634193,17.78636764,0.467677429,0.409495536,0.872218728,0.167745479,91.12564601,830.5548716,28.81934891,10.16192327,0
9274,786.0736308,10.58841948,0.635750037,0.579515462,0.848604682,0.335855796,31.30333236,293.971175,17.14558763,10.59606523,0
6742,1198.585296,13.05590184,0.6944215,0.671096088,0.835344568,0.450407073,68.64150477,405.5993865,20.13949817,10.72427796,0
8330,1252.684907,10.84713861,0.857233186,0.844231462,0.483644335,0.712732581,7.860650974,125.8750021,11.21940293,6.639737095,1
9925,1847.691993,19.07225089,0.580395717,0.55594161,0.848587984,0.309119888,74.75127031,554.5495223,23.54887518,10.65128144,0
8371,71.98606636,1.098088211,0.968487119,0.966089017,0.908611868,0.933328395,21.39402615,92.88572974,9.637724303,10.66650263,0
2218,2650.391521,26.14077094,0.524127681,0.51011973,0.812551397,0.260286526,70.40211569,1301.892366,36.0817456,10.44377248,0
9487,2140.98528,19.79294948,0.620176196,0.598430341,0.833584718,0.3581599,82.45168415,695.8894578,26.37971679,10.70214979,0
2172,833.9130185,10.38000597,0.666188934,0.632111026,0.920424589,0.399584119,59.56281924,733.7154446,27.08718229,10.65897846,0
3650,3786.863586,38.1394319,0.419673594,0.41049615,0.687787745,0.168541162,27.54150242,862.0511833,29.36070815,9.462803809,0
952,336.6249188,5.708074985,0.763815441,0.726079482,0.910482958,0.527206566,45.43875301,199.6775506,14.13073072,10.75222915,0
2307,3232.261884,28.42311078,0.573960675,0.564587835,0.774343546,0.318835205,92.4042423,1126.356433,33.56123408,10.33598728,0
6276,73.83852854,0.690164484,0.987699256,0.985564198,0.365869649,0.971337087,4.26797551,3.596154516,1.896352951,4.312690776,1
4733,1050.775215,11.73873239,0.632564555,0.57865427,0.904028279,0.334872791,76.96114351,559.857276,23.66130335,10.79215222,0
3776,2205.997767,23.91894375,0.566740352,0.555464628,0.806736403,0.308592586,48.48498904,855.4362311,29.24784148,10.49000199,1
3118,1590.642194,14.58906675,0.652232307,0.588804385,0.893761697,0.346723117,89.52945921,778.2280812,27.89673962,10.35421379,0
5772,1999.90132,19.89220279,0.570178926,0.54595572,0.844113447,0.298131955,73.71500743,851.3979981,29.17872509,10.63625844,0
2931,809.7105588,10.18132661,0.652577798,0.58445337,0.864080726,0.341624009,62.00607817,333.3363153,18.25750025,10.68786448,0
5039,502.6634033,6.46423209,0.715049735,0.634758388,0.923952769,0.402933501,71.50629924,216.6101019,14.71767991,10.7751153,0
3592,1101.948158,11.04180977,0.660944048,0.60115691,0.908130958,0.361403676,84.95293269,396.7146191,19.91769613,10.83273529,0
1104,615.6630517,10.0585846,0.554111964,0.481345919,0.905779983,0.231712586,38.94774004,366.7234884,19.15002581,10.42505712,0
4447,154.9547929,3.155314102,0.778705022,0.652398133,0.934855982,0.425636222,39.13315693,102.8211989,10.14007884,10.95690715,1
1728,1668.112771,15.12400444,0.6777644,0.650719883,0.86227008,0.423475821,91.95689403,561.3194241,23.69218065,10.57032184,1
8578,2615.513235,30.24196993,0.406956855,0.391232053,0.801834075,0.153104082,61.01259564,1192.305197,34.52977262,10.32144348,0
6174,2291.329811,25.83583439,0.477620589,0.458070647,0.785732039,0.209869056,43.07859202,933.2470474,30.54909242,9.853057347,0
4143,1801.893295,19.98233937,0.586156621,0.56691175,0.841809547,0.321426455,60.49208135,749.8935982,27.38418518,10.58019503,1
1996,1778.845307,18.25889908,0.655070727,0.641399198,0.833348541,0.411443317,60.65052694,676.8441889,26.01622934,10.68510617,0
5093,163.5443754,3.584254343,0.762233887,0.702379822,0.940848794,0.493345494,20.77576349,158.3514751,12.58377825,10.02413765,1
7111,3866.135928,36.69915302,0.416461668,0.402944528,0.715379293,0.162415717,48.02264828,935.4533496,30.58518186,10.36757453,0
8103,5347.006745,42.99360505,0.41077782,0.397920214,0.665928979,0.158511151,87.4164372,1940.93948,44.0560947,10.34379375,0
4973,2631.888289,25.19752497,0.568343359,0.55427541,0.79151698,0.307283329,65.72595614,891.9060477,29.86479613,10.50452084,0
1030,110.7601957,0.922412187,0.987378584,0.986630861,0.620026464,0.973440942,4.43641509,16.49327232,4.061190998,4.336002736,0
2030,4649.620514,43.87648219,0.330100947,0.317906082,0.657775633,0.101127112,38.49029861,1152.236695,33.94461217,9.576321367,0
6902,2061.400752,18.91037139,0.556358375,0.51790157,0.833092887,0.268287724,90.74645571,686.0450882,26.19246243,10.54951227,0
3821,2978.34023,28.14483956,0.43361854,0.409764016,0.81548862,0.168022974,91.92495411,1037.66611,32.21282524,10.24278224,1
3566,2563.916743,26.96172603,0.478110956,0.458799752,0.811106772,0.210558215,62.70627803,1270.405656,35.64275039,10.3267422,0
2955,2067.175731,20.24236358,0.507034945,0.463987524,0.822816806,0.215359949,84.89789453,717.6595715,26.78916892,10.65921761,0
6630,3639.400975,29.68718539,0.496600033,0.470879991,0.769634939,0.221823433,93.57329284,1237.402603,35.17673383,10.11063462,0
4024,2087.021033,21.81580942,0.553663554,0.535741078,0.840923301,0.287080626,78.54720242,896.0915395,29.93478811,10.72009397,1
9165,858.3627666,10.64929045,0.69244166,0.65763402,0.884589828,0.432531485,57.17192081,433.2563385,20.81481056,10.83783413,0
5105,3208.727362,28.21318006,0.492923869,0.471330593,0.796901805,0.222246132,93.25419287,1051.369968,32.42483566,10.18900619,1
5079,479.9424105,7.82810049,0.657169938,0.598022141,0.907397775,0.357660864,54.13917567,293.3841515,17.12846028,10.4902058,0
8355,2215.219131,22.36637329,0.467131449,0.427243476,0.83099639,0.182612676,78.95295295,947.2878661,30.77804195,10.66050083,1
9482,2950.55968,25.38390186,0.47610039,0.445996981,0.815141563,0.199013827,100.289808,987.7488279,31.42847161,9.799655946,0
9931,324.0130286,5.222808357,0.711556537,0.616209399,0.899230704,0.379732262,33.68942688,199.7852382,14.13454061,10.72448291,0
191,2634.382424,28.92063897,0.449736056,0.433686296,0.79708942,0.188144552,43.60516293,948.4871422,30.79751844,10.28686099,0
7470,2665.375927,33.81963265,0.304388834,0.287075392,0.792106381,0.082453118,25.39834608,892.4247187,29.87347852,7.859767177,0
9008,746.6864941,9.05804825,0.650432373,0.591758045,0.918359872,0.35019965,74.94457265,446.598774,21.13288371,10.71877329,0
1946,2329.196982,20.19874949,0.595916029,0.572965419,0.842203512,0.328338495,97.67182018,787.5047236,28.06251456,10.12033133,1
6739,2679.519229,23.82995736,0.636309783,0.627648797,0.780689802,0.39399964,73.92084992,846.4147899,29.09320866,10.61344175,0
6194,3308.354088,32.25187211,0.456293405,0.442611566,0.757041973,0.195997426,66.31637931,1113.486162,33.36894008,10.56308442,0
9076,1400.088836,14.96728971,0.511556654,0.439180832,0.873998748,0.19293039,77.72158258,580.0604364,24.08444387,10.7131026,0
3629,1990.697225,20.0377266,0.475355087,0.434059419,0.862327804,0.18845634,89.18023778,862.9549384,29.37609468,10.26188134,0
7560,1773.472366,17.00753586,0.596259707,0.563384257,0.873488931,0.317444705,90.92409654,751.2946847,27.40975528,10.35053582,0
5627,391.8415415,6.705221869,0.644888731,0.544930254,0.923893502,0.296968794,36.42592266,474.1406633,21.77477126,9.59652204,0
7818,1529.091338,13.60214228,0.721289568,0.699437425,0.852070868,0.489241722,86.59652609,540.7070913,23.25310928,10.80432129,0
5569,2003.327322,18.55506622,0.583615947,0.549302915,0.852331174,0.301816736,88.62385746,706.6834189,26.5835178,10.4346446,1
8190,3217.042551,30.06753879,0.439915963,0.412334085,0.771750718,0.170102437,81.39061656,1012.66164,31.82234497,10.66128235,0
3415,3259.298196,28.40937549,0.530008795,0.51461013,0.775867656,0.264939442,88.67828677,1022.86856,31.98231636,10.40821779,0
1764,1099.561889,11.78301889,0.674485374,0.62566482,0.877927114,0.391487007,66.88377863,483.0597369,21.97861999,10.76709895,0
1322,2570.752504,30.67615007,0.30847835,0.281130716,0.788543265,0.079081366,30.57455268,950.4232093,30.82893461,8.91543215,0
1151,2039.236449,21.15975509,0.536421185,0.511642975,0.845865414,0.26183463,58.54367306,959.7689109,30.98013736,10.64588026,0
9462,1212.128984,15.86329212,0.561632332,0.529445746,0.808105699,0.280351365,16.62911426,258.0084611,16.06264178,8.486385073,0
6482,5867.713635,49.19215436,0.361150393,0.351538463,0.59993237,0.123721004,54.8391076,2247.292298,47.40561463,9.701886464,0
9232,546.5624273,9.227125009,0.558519904,0.480007999,0.926449597,0.230419751,46.77448908,302.7097408,17.39855571,10.81556016,1
8701,2591.327779,24.22091753,0.620092601,0.611574501,0.779413465,0.374096828,64.46718132,921.6852631,30.3592698,10.54927267,0
436,2272.031904,21.7249363,0.510525207,0.473471703,0.798579506,0.22426517,87.14098858,681.7006568,26.10939786,10.68708257,1
7746,3241.056936,30.11707536,0.417261695,0.390934381,0.78153117,0.152943211,95.56227937,1057.098814,32.51305605,10.04818893,0
3714,2198.19382,25.38314708,0.534942163,0.523683691,0.752746542,0.274301658,46.43913483,807.050885,28.40864103,10.46439386,0
4782,3024.743721,27.89685339,0.516618594,0.494787228,0.749054387,0.244907195,80.08883755,819.4968193,28.62685486,10.6547179,1
3497,193.3705429,4.042332801,0.722394823,0.613499514,0.941225338,0.376397804,39.52902006,154.5512974,12.43186621,11.08840816,0
9385,3204.31549,28.55639637,0.426332391,0.399696887,0.808333718,0.159864489,90.22270502,1191.455215,34.51746247,10.1289334,1
9800,1939.016888,20.97664172,0.552194421,0.527516426,0.832597315,0.278310786,55.12778616,806.6572343,28.40171182,10.61557098,1
2463,713.1961859,10.07431488,0.586701388,0.525010874,0.889217192,0.275697512,63.48352381,273.4230287,16.53550812,10.68513867,0
2042,214.8048809,3.323477753,0.828994368,0.779679653,0.930044761,0.607906545,46.58933182,142.5455654,11.93924476,10.79722822,0
53,402.7879449,6.853827302,0.622612225,0.514102182,0.924342822,0.264325835,47.65790326,277.737124,16.66544701,10.62522009,1
2010,1074.003262,15.42979757,0.503167386,0.464534916,0.833940642,0.215802109,10.5770468,208.8417602,14.45135842,6.383940432,0
449,2485.213847,24.8055087,0.501584782,0.477191909,0.796818029,0.227797451,66.80060623,889.4212632,29.82316655,10.64237341,0
9488,244.9510228,4.004174137,0.719838209,0.594972279,0.949513022,0.354002089,56.80478528,148.7583329,12.19665253,10.83754928,0
773,3051.765439,22.71883295,0.686740694,0.656352199,0.809627108,0.430848097,94.70661453,1279.040154,35.76367086,10.44644616,0
9795,1848.616882,19.90045741,0.490217435,0.455743156,0.871893513,0.207743969,97.50335742,818.1557758,28.60342245,9.89347382,0
3093,4218.120853,36.44671059,0.518666802,0.511451976,0.701670217,0.261646566,84.48738522,998.1441976,31.59342016,10.54719353,0
5008,1104.422903,15.54117996,0.564939704,0.539165623,0.876464184,0.29071965,26.8946808,622.463421,24.94921684,8.561872764,0
6350,272.7625148,2.799921498,0.956574906,0.955590432,0.772421848,0.913155519,4.963459291,41.51059829,6.442871898,4.605366584,0
2132,2470.599488,25.4235079,0.449342684,0.41922731,0.806492148,0.175837845,77.84903446,853.5457574,29.21550543,10.69365274,1
7985,2450.187419,25.47074733,0.519620569,0.504413108,0.81709017,0.254494434,56.24268739,765.933059,27.67549564,10.71102902,1
8456,1579.969687,17.37447482,0.707598875,0.702256766,0.794683978,0.493174972,12.42008339,299.3550796,17.30188081,7.037648187,1
1280,704.1660348,13.43035738,0.513856531,0.486088517,0.90164671,0.236296961,17.39562123,373.6351711,19.32964488,7.896611881,0
4184,22.295796,0.181238984,0.997715085,0.997657216,0.657742369,0.995319945,5.240664212,9.128370716,3.021319367,5.583461691,0
3220,122.0282824,1.523493946,0.970654266,0.969414145,0.678642737,0.939764351,5.959820282,25.53530472,5.053246948,5.985766172,1
3266,2881.299138,28.25579512,0.530500565,0.51716617,0.790301483,0.267538673,65.90511794,1033.622862,32.15000563,10.55690916,1
2239,2333.218168,27.49782098,0.391903496,0.366147213,0.811249748,0.134111958,57.0979496,991.3516954,31.48573797,10.46138557,0
6448,140.1639822,2.810008649,0.789204863,0.683327209,0.933165316,0.466945805,34.18784846,130.1475578,11.40822326,10.97583934,0
9447,1908.916977,19.97315229,0.677249797,0.670986433,0.796272573,0.450236391,14.170222,365.9859207,19.1307585,7.640183624,1
9672,1626.112039,17.30668604,0.589240066,0.56505648,0.869380401,0.319342013,69.80365808,824.1680775,28.70832767,10.74177627,0
8269,914.1250777,11.22882153,0.515339879,0.452043473,0.925895658,0.204373765,94.7487801,565.9241912,23.78916121,10.42160463,0
6468,1745.884073,17.28034434,0.614465553,0.588147103,0.839363564,0.345960015,73.80449564,696.7110781,26.39528515,10.76741404,0
3690,2828.662398,28.08915775,0.522168384,0.509343899,0.76083027,0.259526342,66.44184093,1061.489466,32.58050746,10.56395954,1
8263,4075.864249,38.11318534,0.429622815,0.418560331,0.703802895,0.175309949,59.96803534,1459.689467,38.20588262,10.30307112,1
300,902.402251,9.135788964,0.678058881,0.605355732,0.894412712,0.366484244,78.78070383,408.0205204,20.19951783,10.83219838,0
1244,991.3928863,13.72975929,0.582144654,0.543813999,0.840359028,0.29574771,24.14597502,405.6117979,20.1398063,8.997725335,1
7350,908.3090176,11.77433411,0.671972547,0.642690662,0.867233222,0.413136506,50.12360958,420.9702824,20.51756034,10.62347725,0
9463,6154.621287,49.79881809,0.398193618,0.390383069,0.576392743,0.15256858,77.58589318,3083.172623,55.5263237,9.961522893,0
5329,1554.34814,17.50487021,0.680910064,0.673884909,0.825413963,0.454127315,9.680307648,204.0245563,14.28371648,6.412483064,0
8131,1111.441039,15.81085989,0.550024381,0.521290344,0.874026381,0.271776828,34.90085757,580.7680191,24.09912901,9.999818502,0
9510,2970.115126,27.76952934,0.562072528,0.552459644,0.771126205,0.305265315,60.15529412,1035.875968,32.18502707,10.5539152,0
8211,83.64131584,0.749470499,0.989468752,0.988659001,0.52764598,0.97744665,4.3062039,7.571137626,2.751570029,4.308309854,0
6115,4566.645575,41.54811851,0.377365949,0.365518972,0.67931022,0.13372053,62.84858044,1645.687085,40.56706897,10.2666801,0
9179,1403.529895,18.3429396,0.418276316,0.359811274,0.827189467,0.12953362,52.4410998,794.8071067,28.19232354,10.3158745,1
2080,2036.730787,21.81947321,0.53891179,0.515264644,0.820989108,0.265567966,60.78856584,795.6681079,28.20758954,10.76225701,0
217,2662.714392,24.50070822,0.591047319,0.577457878,0.792687744,0.333508534,78.19106199,920.9331642,30.34688063,10.71177411,0
5990,303.2153667,3.389799247,0.929004219,0.925219174,0.724448764,0.856037543,12.64600919,76.87869734,8.768049803,9.162781558,0
8182,3098.465431,28.22721731,0.503019388,0.484531415,0.780414862,0.234881205,83.53103988,1032.160983,32.1272623,10.47693599,0
291,35.02115471,0.685009974,0.936531694,0.819910182,0.831174996,0.672259047,5.283258301,5.376603723,2.318750466,5.769698606,1
1610,1672.857285,18.82452097,0.610368569,0.595213926,0.808285996,0.354361251,77.99636818,516.4667732,22.72590533,10.69736381,0
4938,1727.833907,17.14381345,0.630866438,0.608023042,0.859763559,0.36973391,78.28476383,627.4387524,25.04872756,10.6969761,0
2047,2452.028508,25.29774488,0.37683219,0.346314973,0.832091342,0.120003266,101.459596,1083.503066,32.91660776,9.845030523,1
6026,3226.579847,28.62692236,0.465571744,0.434948709,0.775673414,0.189293512,82.46991418,1400.079584,37.41763735,10.13956868,0
2457,411.8700268,6.427987614,0.690370047,0.605807627,0.912161184,0.36702099,48.35882142,301.0141157,17.34975838,10.46163006,1
2373,2956.056841,26.15004959,0.565567071,0.551396677,0.798360228,0.304135075,88.48706215,905.1002361,30.08488385,10.36742018,0
7630,1848.768227,18.61605471,0.525189403,0.492941679,0.869214208,0.243029624,89.10237903,719.2821725,26.81943647,10.42975822,0
5385,261.1410117,5.6502945,0.640618249,0.556274185,0.936622973,0.309461176,36.60327075,289.1958117,17.00575819,10.74197282,1
3161,75.85318231,2.292896076,0.761485998,0.584564858,0.949756819,0.341728684,28.94864752,62.98462884,7.936285582,10.94574446,1
4751,1852.791833,19.71223362,0.502802801,0.465474937,0.864751271,0.216713048,74.09321569,836.0696718,28.91486939,10.71338096,0
9411,1592.786526,17.29200099,0.620645879,0.599503937,0.848449071,0.359430741,52.45304817,467.416934,21.61982734,10.73972602,0
7301,1222.956355,18.30418364,0.456306221,0.425809408,0.86019342,0.181339142,31.18582259,633.3783414,25.16700899,9.11794409,0
956,606.7131818,8.752781338,0.592747941,0.48991158,0.891031433,0.240043488,60.0710841,266.6321963,16.32887615,10.54066475,1
3848,2609.712967,28.27090995,0.411625543,0.389386278,0.813039211,0.151690323,76.53722334,1179.181641,34.33921434,10.54123973,0
7318,13.19196573,0.324351973,0.950202436,0.779714861,0.81623057,0.607958756,4.585540558,1.734214712,1.316895862,4.770890579,1
5815,852.0256873,9.727584689,0.59359528,0.4964561,0.89656961,0.246500384,77.28026322,310.9136411,17.63274344,10.6852447,0
4944,2686.367321,25.24590512,0.502655203,0.481974691,0.831324825,0.232394272,80.90586187,1011.275622,31.8005601,10.5038951,0
641,3139.509535,32.38476134,0.435047869,0.420899278,0.769007234,0.177242043,66.15789753,1139.419613,33.75529015,10.52840722,1
5743,1651.303442,17.70631768,0.535844419,0.485410968,0.844038,0.235680296,78.53627865,587.2721736,24.23369913,10.76111493,0
133,89.60044462,1.059693631,0.981019417,0.980553582,0.845982229,0.961485502,4.957168655,26.72543358,5.169664745,4.865390511,1
6185,932.1491181,13.55764368,0.555694382,0.514458343,0.878423102,0.264693427,34.08981066,529.2706711,23.0058834,9.786409289,1
163,122.1539606,2.196978769,0.855495658,0.769380416,0.935311356,0.591950842,34.33052044,66.52891962,8.156526198,10.71748271,0
9655,872.3425471,10.66634331,0.637828704,0.582445573,0.882573914,0.339272127,67.36302432,318.1573842,17.83696679,10.77985907,0
6754,1735.147844,17.43081497,0.567821063,0.527692211,0.872686462,0.278495251,80.41883955,744.8787249,27.29246645,10.75191082,0
4214,504.6971249,6.053081677,0.791106314,0.732914397,0.899109499,0.53717861,67.94971012,215.8726407,14.69260497,10.75512983,0
1234,921.4417043,9.348020852,0.616146434,0.536762278,0.924224368,0.288133812,99.17273497,370.560385,19.24994507,10.26978866,0
9741,1426.071184,14.54151963,0.677262161,0.65060293,0.853128774,0.423325296,74.35193962,456.7525057,21.3717689,10.70226445,0
9780,3477.149451,34.05047508,0.424667734,0.408777462,0.718618753,0.167283933,56.01773541,1115.877242,33.40474879,10.50466297,0
3309,1303.214805,12.55634492,0.658432022,0.611347473,0.874501732,0.373787942,79.33738826,479.6105765,21.90001316,10.86103616,0
4349,1511.19612,16.89912316,0.70162348,0.691653289,0.663300317,0.478428029,13.03257385,208.2301271,14.43018112,7.90270364,1
6804,3277.098972,30.95561586,0.443539036,0.423705913,0.778508113,0.179611662,82.69067241,1147.800542,33.87920516,10.4728779,0
7171,470.0009219,6.048514053,0.869933286,0.866051602,0.847796923,0.750047849,6.497526098,69.50873834,8.337190075,5.66734041,1
5182,880.039632,9.73914797,0.721458553,0.690823426,0.894435936,0.47725329,71.6048902,301.7323679,17.37044524,10.63905065,0
2746,776.3480462,12.93530567,0.399152768,0.334189937,0.936131039,0.111710097,46.71812361,1257.975111,35.46794484,9.605425457,0
3582,1620.695079,16.22522812,0.594937124,0.555222253,0.870737174,0.308308298,87.15122158,643.5342597,25.36797705,10.68597281,1
2662,147.5492321,3.064014892,0.784734539,0.71490638,0.949432606,0.511096321,32.49234,175.3599355,13.24235385,10.83560338,0
6664,2631.300893,25.48476285,0.486190729,0.458224488,0.810409504,0.210027768,80.98658019,859.9027882,29.3240991,10.58215198,0
7457,439.6644347,5.82203082,0.747696013,0.683534661,0.925796821,0.46723027,55.58595365,310.8112394,17.62983946,10.7004856,0
522,1644.28405,15.82670829,0.604640178,0.562490727,0.840538623,0.316445085,73.86416891,675.5206516,25.99078013,10.71473313,1
8352,1753.5343,23.10356705,0.482734541,0.465712914,0.831524899,0.216925616,27.1212304,586.8240648,24.22445179,9.414290739,1
2410,1863.204991,24.10248368,0.417423642,0.392910323,0.85324827,0.15440278,37.6318014,776.3453799,27.86297507,10.04320646,0
7406,28.66504709,1.248523648,0.830258514,0.694847669,0.962756795,0.482819228,10.05978126,43.05872047,6.561914391,8.340213538,0
6662,219.8693948,5.097990613,0.634281041,0.515954626,0.923285591,0.26622523,27.0407629,163.0427475,12.76881935,10.59227273,1
4440,1280.537598,13.51997929,0.595658532,0.540702495,0.892130168,0.292393548,78.55459431,594.1293107,24.37476791,10.88655619,0
9670,5129.190754,53.43601285,0.144161733,0.129550293,0.540948317,0.016820839,83.83617905,2222.351105,47.14181906,10.32300221,0
4065,3272.73606,32.37112646,0.432520941,0.417103737,0.774293738,0.174056766,81.62353004,1109.033008,33.3021472,10.51038004,0
3115,1508.648148,15.00354849,0.647192014,0.615713946,0.880093575,0.379130314,69.56361451,507.6669487,22.53146575,10.78512879,0
8419,2931.716759,24.8972507,0.517610725,0.486087256,0.813610159,0.236373274,101.7955925,1018.368527,31.91188692,9.82219364,0
320,582.7398323,7.812325225,0.740261623,0.692172647,0.894700465,0.479116518,40.14655564,275.5496301,16.59968765,10.73880857,0
8788,61.49135356,0.590396265,0.988676899,0.987815328,0.429117775,0.975779558,4.296193457,3.567408774,1.888758527,4.36413664,1
7324,61.40663238,0.846630041,0.914690392,0.761566338,0.807522046,0.579987021,5.688166797,7.054692138,2.656067043,6.267777216,0
7611,2328.629793,27.94182227,0.471419054,0.459894793,0.804254487,0.211530731,29.91028861,817.3925773,28.5900783,9.359051171,1
2623,2561.560829,27.53902758,0.450853306,0.431937773,0.812916398,0.18667027,57.29155426,1081.019063,32.87885435,10.54951566,1
5242,1405.220075,16.45693767,0.513079993,0.467851318,0.889620301,0.218926413,64.53249088,848.5742028,29.13029699,10.67620577,0
2650,352.4395168,7.192412281,0.625275194,0.556225613,0.912714425,0.309405706,32.03442474,190.2374587,13.79265959,10.87383875,1
1390,2710.824024,28.67002112,0.541543245,0.532809085,0.733213637,0.283894243,11.32650838,321.0567827,17.91805745,6.51410809,0
1643,2908.310804,30.49229836,0.478556381,0.46645628,0.753474108,0.217733654,42.27257036,1031.502394,32.11701098,10.14874984,1
6811,758.315151,8.703816349,0.694847093,0.638854867,0.919942784,0.408154669,77.55990783,331.3441673,18.20286152,10.7801889,0
3789,19.482575,0.598221446,0.919954579,0.695069988,0.866977872,0.483130936,5.866898559,5.491263917,2.343344601,6.317575692,1
5519,426.9781404,5.959739369,0.621639244,0.520870111,0.950479438,0.271316582,68.64139887,360.28079,18.98106398,10.704983,0
3142,2055.699705,21.11119574,0.600965586,0.586209934,0.825315205,0.343690614,68.27032537,692.8282353,26.32163056,10.68450494,0
747,2357.782477,21.55554105,0.542786483,0.509514036,0.828817159,0.259660577,86.67208191,708.5465767,26.61853821,10.60645048,0
9372,2604.741408,22.89492058,0.467591748,0.418852362,0.817928701,0.175533271,97.16681748,1002.507542,31.6623995,9.843938465,0
9687,39.40830809,0.439731667,0.985482407,0.983897842,0.913125221,0.968055018,23.58664704,98.30867343,9.915073042,10.73546266,0
7149,921.2734625,11.82192318,0.655403592,0.621751249,0.870846651,0.386616217,59.51263991,326.7415786,18.07599454,10.75218914,1
8206,50.15070592,1.482763377,0.829318294,0.660280625,0.937538749,0.435976041,7.396411886,26.25780809,5.124237318,7.172621277,0
2961,756.447628,10.70952634,0.605705625,0.556360157,0.89127072,0.309577778,52.69941144,391.6362418,19.78980146,10.72021753,0
7857,2357.948582,27.44660349,0.495707436,0.484953167,0.801296514,0.235220423,29.20205562,787.8208997,28.06814742,9.545555072,1
7236,184.7231187,3.445435279,0.756986914,0.639178474,0.941017161,0.408558695,36.5724209,142.5484077,11.93936379,10.91471601,0
6488,3163.953269,26.7223542,0.504166142,0.482799217,0.799046611,0.233179465,90.99242566,1024.213988,32.00334339,10.22295407,0
5630,1987.128762,18.80182486,0.557734799,0.523363251,0.853876473,0.273977111,87.30814364,771.9070327,27.78321494,10.50375541,0
1712,2374.532741,26.2734537,0.499926815,0.485425562,0.804841947,0.235662127,36.26113626,808.9549323,28.44213305,9.51871368,0
918,1012.633906,11.44423708,0.731076613,0.700719502,0.837634937,0.491021925,45.76141323,275.5678772,16.60023726,10.83830843,1
912,3868.168794,35.6702237,0.50226503,0.493932925,0.67273283,0.244041913,23.96348586,1084.218671,32.92747593,8.414759996,0
7285,106.3442015,3.242659529,0.630623521,0.448062512,0.950911849,0.200776808,32.24878153,138.0857699,11.75099017,11.045955,0
9431,1500.570142,15.94024507,0.553724694,0.494989707,0.847659466,0.245072481,85.51428571,483.0337624,21.97802908,10.78256748,0
4512,103.4952625,1.905210632,0.891321514,0.832168975,0.930753808,0.692508658,29.71201592,66.49615165,8.154517254,10.81119281,0
9270,3353.322205,28.22374628,0.535200716,0.519967315,0.786298102,0.270441843,92.26607072,1118.901293,33.44998197,10.19076189,0
4919,537.7431583,6.859114827,0.670078689,0.579299406,0.922287656,0.335602577,62.72222916,194.6769949,13.95266981,10.55549758,0
7368,2757.386071,29.34076624,0.426707663,0.402445988,0.795726921,0.162014948,62.41015955,1138.500033,33.74166613,10.56173576,1
1038,112.0667461,2.530888993,0.810999871,0.717294295,0.951247383,0.514516508,30.03326018,117.5084946,10.84013352,10.78743446,0
9869,281.4964899,5.899555851,0.63017518,0.536823233,0.960766078,0.288182508,15.12319802,320.6615876,17.90702621,7.235011033,1
8727,4250.32978,36.38343628,0.435370074,0.42010667,0.733690277,0.1766153,83.10949357,1392.94981,37.32224283,10.45975297,1
1989,1862.694726,19.42406095,0.561486661,0.534975214,0.848508193,0.286241004,71.96860496,791.4668749,28.13302108,10.65328852,0
3555,402.8695201,8.453107403,0.54162667,0.479321143,0.946340599,0.229756486,12.94954689,291.0648102,17.06062162,6.600522515,0
3615,2808.137726,26.12508526,0.520140301,0.501338803,0.813191732,0.25148888,76.33884856,1101.26447,33.18530503,10.61661866,0
4521,2471.888224,22.22013699,0.500959253,0.461579678,0.830908422,0.21312926,91.19817208,960.9028437,30.99843292,10.23430964,0
4386,147.5285075,2.97394122,0.857330246,0.828786196,0.906206539,0.686891704,20.78823881,91.22148555,9.550993956,10.56599728,1
6439,3039.49309,26.5958442,0.527293154,0.504126181,0.779557473,0.254222918,85.86856551,1157.262198,34.01855667,10.45930223,0
8928,2052.652768,14.91362273,0.722624363,0.684163422,0.868846589,0.4681056,111.1597929,766.1273329,27.67900527,9.835799921,0
4221,2587.533227,25.08457378,0.57648932,0.564160922,0.798226436,0.318328548,70.42998101,831.6515873,28.83837005,10.61880894,0
7025,3193.556064,32.85499896,0.390869125,0.373555835,0.788608786,0.139627395,70.72148087,1297.548962,36.02150694,10.4491848,0
4028,1334.540366,17.72725247,0.573185408,0.552353065,0.812547262,0.305120147,35.53241659,479.3667179,21.89444491,10.31779914,0
9726,3644.137939,33.56043481,0.478498436,0.466714287,0.756788107,0.217908201,76.5356438,1384.153808,37.20421761,10.50689304,0
4010,1234.009667,16.84457435,0.569787109,0.549818457,0.833865017,0.30232531,23.54677321,436.5640635,20.89411552,9.078438696,0
2058,324.2056249,6.483509192,0.64026849,0.563044037,0.898462732,0.317034017,29.07649029,186.896958,13.67102622,10.65792027,0
4902,730.5941017,8.935919958,0.763448058,0.739706699,0.875973294,0.547187825,43.38579642,350.7289868,18.72775979,10.73440695,1
8163,3218.135082,29.0898649,0.41015039,0.379222159,0.794706273,0.143904216,95.33204052,1115.487781,33.39891886,10.14816716,0
98,3339.149166,28.83829856,0.550814882,0.539075024,0.772622159,0.29069772,81.62022019,1226.239329,35.01770022,10.45081003,0
4553,65.58151473,0.660643671,0.988330234,0.987934036,0.636056348,0.976013839,5.251718039,12.55096345,3.542733894,5.505156295,0
6360,2219.334379,23.91956927,0.600612775,0.592924491,0.778467721,0.351586588,19.53534462,497.1467689,22.29678831,8.720204368,0
1026,2889.497485,31.20778894,0.447114706,0.432592384,0.741460961,0.187199762,54.33032029,926.9203049,30.4453659,10.56356485,0
1083,597.9937782,8.266484274,0.615259956,0.527158246,0.912560718,0.277924447,71.09880604,241.4013209,15.537095,10.97729537,0
5751,3257.004703,28.4039124,0.478854823,0.452280417,0.772706787,0.204659828,84.01698233,1328.595464,36.44990348,10.24713226,0
7134,197.1904633,3.234585332,0.842684959,0.79954192,0.938984924,0.639270084,39.22618386,148.9591823,12.20488354,10.73669239,0
2908,3776.288741,31.57297338,0.514496932,0.500112173,0.744870055,0.250222709,88.30072544,1360.937247,36.89088298,10.35734954,0
9568,2676.332118,31.44653434,0.361681896,0.343300481,0.790790227,0.117894061,34.36593581,940.455247,30.66684279,9.269091719,0
6771,6665.842147,52.61191798,0.355188262,0.34594222,0.598710302,0.119889308,96.80883384,2553.016038,50.52737909,10.26413264,0
8110,3769.058963,32.4631914,0.471324074,0.452928872,0.750632536,0.205243963,80.25195188,1286.322035,35.86533193,10.5664581,0
9812,3624.073092,31.92589578,0.486054014,0.470833164,0.761811663,0.221771397,86.7317993,1287.821514,35.88623014,10.41925123,0
9667,747.8783591,7.611520101,0.880817023,0.878715464,0.796367188,0.772142897,7.437505296,97.5611807,9.877306349,6.023070448,1
3670,1425.58663,17.0487364,0.556812853,0.523868903,0.820976665,0.274496484,59.13410976,514.0595688,22.67288179,10.80040536,0
2396,1639.215722,20.68832028,0.483763142,0.447902005,0.858484285,0.200629852,28.90720325,767.2483726,27.69924859,8.388581353,1
470,339.0911741,4.838899081,0.74009898,0.596007478,0.936188951,0.355234574,65.23207955,123.8486208,11.12872953,10.29025755,0
121,1981.71567,17.08667429,0.561734296,0.510378332,0.856757382,0.260534636,107.8527499,648.3349111,25.46242155,9.354509405,0
9951,2969.381591,29.93756329,0.467242264,0.451776111,0.797621154,0.204187616,57.00612184,1184.297444,34.41362294,10.36163491,1
8791,2001.116745,19.06242377,0.630571059,0.610630927,0.817347729,0.372910821,73.69390277,653.5395825,25.56442025,10.70463539,0
2847,2415.693463,22.06486509,0.556048746,0.531586769,0.825264416,0.282633614,86.1932883,955.1006218,30.90470226,10.49284744,1
7987,147.7109101,4.005392225,0.68571397,0.594906314,0.947564388,0.353927669,22.58182706,174.442539,13.2076697,10.24820215,0
9082,2773.38549,27.09007004,0.4765252,0.454464484,0.805736469,0.206618446,76.27396582,1102.890412,33.20979392,10.59965273,0
8276,3119.159931,25.69223467,0.504507169,0.477492642,0.801975558,0.228089163,95.75608264,1123.874289,33.52423436,9.973009366,1
2607,1312.913203,15.01999823,0.624284081,0.595017499,0.879433608,0.354071494,68.44596059,594.1632013,24.3754631,10.78820836,0
4297,2337.874728,26.16256859,0.424553979,0.400298309,0.846259718,0.160287254,62.56231785,1185.485502,34.43088006,10.55871065,0
8434,1819.47576,20.74072934,0.491644122,0.460242266,0.835132708,0.211867477,48.5311346,713.495123,26.71132949,10.63934728,0
1044,1184.764607,13.12634997,0.652841739,0.621840627,0.905153467,0.386714875,64.12178374,717.1374659,26.77942243,10.66862963,0
3970,44.15402976,0.63034633,0.967921233,0.938312104,0.88297897,0.880429757,12.36853712,27.74958876,5.267787843,10.14626939,0
2615,5550.201078,44.83055197,0.431528835,0.422506912,0.6619946,0.178684617,86.51190356,2573.574547,50.73041047,10.29393264,0
1522,1784.359271,18.71779677,0.503224542,0.472085321,0.883120112,0.222896325,99.6604797,703.7261372,26.52783702,9.872487687,0
6249,2074.820191,24.71713571,0.455806291,0.432249609,0.801879068,0.186895896,49.44880428,771.6993118,27.77947645,10.45295542,0
3994,461.2991704,7.323885855,0.653616866,0.572559548,0.905886827,0.327857495,52.73077725,278.4705121,16.68743576,10.58345465,0
9896,2562.12811,27.12121332,0.535660929,0.524926953,0.782402028,0.275639745,51.84365103,1183.670926,34.40451898,10.19261378,1
1602,182.6572216,3.419984944,0.76121031,0.640218143,0.940948209,0.409891748,38.62483829,128.2904233,11.32653625,10.93638515,0
4673,3394.608094,30.24483428,0.454477228,0.426081531,0.757724857,0.181647935,90.55585339,1084.845365,32.93699083,10.34166817,0
147,195.5834875,3.312378254,0.849030533,0.818060408,0.937704857,0.669226941,24.13310189,157.4933178,12.54963417,10.45768761,1
9414,902.7410902,9.105529406,0.724982584,0.691536549,0.909515456,0.478239718,90.42975728,403.0232524,20.07543903,10.74964985,0
1064,3295.955642,29.5896246,0.499657408,0.483285002,0.791314536,0.233640644,82.1614703,1067.093999,32.66640474,10.50845758,0
9570,4622.210703,37.3661989,0.395895818,0.372427372,0.688600449,0.138852691,86.93960904,1732.488269,41.62316986,10.25095232,0
2925,900.6862829,12.98494612,0.560839871,0.515519653,0.888878632,0.26577707,37.02253324,445.6663455,21.11081111,10.2643165,0
6501,2345.019186,19.93565923,0.534155511,0.492403,0.854995709,0.242523072,99.95360247,889.275625,29.82072476,9.723268931,0
1936,536.7606152,8.063153424,0.716521863,0.689590915,0.892042612,0.475547492,40.00112931,284.9719778,16.88111305,10.70093889,0
5347,2962.235873,26.98386385,0.499644989,0.477531209,0.806806913,0.228118573,84.96014356,1045.148204,32.32875197,10.41401188,0
280,3202.484759,30.01075607,0.441109093,0.42091014,0.792980861,0.177254977,81.91641129,1190.438221,34.50272773,10.44979645,0
9241,3228.531496,30.86048825,0.448133983,0.428898988,0.778403318,0.184034207,68.20804323,1107.075704,33.27274716,10.52359867,0
7529,1090.236564,13.76009776,0.700537242,0.689897731,0.847081233,0.475973268,29.68117114,466.4308778,21.59701085,9.858748989,1
1665,2431.355203,21.48422486,0.606408244,0.583664776,0.806384494,0.340719894,87.99156689,820.9545412,28.65230429,10.54482645,0
8841,930.0868765,10.21874148,0.730208295,0.703002348,0.893008254,0.494229136,73.30126547,374.8248282,19.36039329,10.78863643,1
8300,7851.378741,62.07929273,0.284125236,0.275865361,0.440299855,0.076256999,73.57372768,2882.306539,53.68711707,10.11512401,1
1733,484.5662851,6.912907629,0.762983903,0.727577799,0.925712668,0.529375424,41.25406428,285.7498631,16.90413745,11.00760667,0
35,2115.419363,24.93610016,0.449275093,0.428095924,0.838160297,0.183311721,59.45531161,1183.774548,34.40602487,10.34134006,0
3542,151.7990481,3.133127383,0.792328774,0.724228071,0.950167647,0.524513832,38.78998138,199.637158,14.1293014,10.99088993,1
111,2068.206695,18.99541198,0.557002096,0.519419639,0.850261049,0.269860434,87.76001773,802.5895716,28.33001185,10.42210213,0
2920,503.5283479,9.391879656,0.465527946,0.375018102,0.94674397,0.140656617,40.57424051,836.0647415,28.91478413,9.434467511,0
7399,78.41251963,1.638007184,0.91821563,0.888553383,0.936006476,0.78953035,30.58323347,74.2411213,8.61632876,10.77087689,0
9624,4080.930063,37.32347296,0.382907595,0.365274645,0.716705869,0.133548558,74.03554614,1336.958365,36.56444126,10.51114219,0
1705,456.9102551,5.935751907,0.718776123,0.644514688,0.936684851,0.415409859,59.54429662,292.7797484,17.11080794,10.79806783,0
9260,53.40232298,1.459973422,0.768633792,0.551200289,0.951869559,0.30382904,15.58833497,76.17085117,8.727591373,9.546443104,0
1566,1027.045862,16.10590673,0.490126303,0.45030347,0.902945957,0.202786849,20.54907531,554.9592507,23.55757311,7.61292543,0
1307,1673.898364,17.20077766,0.576179878,0.543434492,0.845158694,0.295375559,72.15541931,717.7068087,26.79005055,10.76492435,0
1443,3178.51701,30.75155536,0.49597865,0.483500384,0.77152528,0.233861634,72.25332589,1057.403218,32.51773698,10.68099413,1
5747,896.4215864,10.75333218,0.709617062,0.680336297,0.890369226,0.462874625,43.64541052,366.6224327,19.1473871,10.77616118,0
7972,1591.137184,18.4142146,0.530701998,0.493432812,0.849549851,0.243520774,69.0176201,752.4994297,27.43172305,10.79943539,0
2458,2028.415638,16.73845812,0.729832283,0.707899016,0.849200648,0.501157646,86.94276425,698.8985427,26.43668933,10.53117173,0
456,1055.417658,13.21486601,0.595279355,0.550264068,0.889100165,0.302814541,55.2141527,462.3345899,21.50196712,10.885867,1
7589,2889.740315,26.16440961,0.47091469,0.436096342,0.803362262,0.190265735,95.58186113,955.387814,30.90934833,10.13628374,1
6830,139.4681164,4.631070238,0.531626405,0.371370707,0.955309165,0.137925874,19.21923502,189.3009846,13.75866944,9.647737366,0
6162,5129.39588,42.9598881,0.40066402,0.389158929,0.687106804,0.151586615,80.08257279,1755.937011,41.90390209,10.32414144,1
4287,877.4219536,10.75263668,0.628634664,0.576381162,0.876522415,0.332251817,59.90749261,396.7995265,19.91982747,10.83262256,0
9396,2301.912338,20.41627816,0.574363335,0.547153863,0.846166066,0.299445897,88.70578303,897.3139429,29.95519893,10.30614533,0
3805,164.2294678,3.231233018,0.742387287,0.63516019,0.914855817,0.403440954,31.23283365,118.9682552,10.907257,10.91511198,0
4159,3176.933724,28.31018327,0.519705779,0.496607162,0.776822445,0.246690595,81.39045125,1046.016236,32.34217427,10.63672519,0
148,2688.330928,24.94665905,0.496095679,0.464759414,0.794453762,0.216064427,80.68432141,810.2064225,28.46412518,10.65170614,0
1785,1711.788115,16.87843918,0.606798246,0.568583122,0.843775332,0.323349391,81.00352618,639.7477427,25.29323512,10.75522256,0
2,1545.209936,16.32402288,0.657338592,0.641056172,0.823234647,0.410989906,62.87980805,674.4485292,25.97014688,10.66096885,0
5050,680.6776464,9.114864145,0.698315495,0.657433577,0.903655374,0.432238855,55.93285116,371.9659367,19.28641845,10.77258427,0
2352,100.5262579,2.604185216,0.783450378,0.693111847,0.95551276,0.480411281,28.13329795,119.7322317,10.94222243,10.89794224,0
3164,5427.0038,43.02503706,0.421946575,0.410046658,0.677056738,0.168347918,81.35526181,1774.086354,42.11990449,10.43192204,0
402,2281.876838,21.57637127,0.499929132,0.467926211,0.828779281,0.219024383,89.30219914,866.0548478,29.42880983,10.4134865,0
9193,3550.147906,33.3617189,0.458510731,0.445890347,0.759580839,0.198933338,71.07411077,1516.01571,38.93604641,10.38449847,0
3076,1618.873236,16.66517054,0.663007843,0.647727988,0.846569611,0.419585573,71.97607954,593.0844335,24.3533249,10.74239173,0
1119,1017.51142,13.18348129,0.733881858,0.727685837,0.839493463,0.529531114,10.54366369,169.2034144,13.00782128,6.956418236,0
7472,1570.453797,16.44114464,0.644820025,0.628412135,0.84746257,0.394949995,68.51881337,620.5888875,24.91162154,10.70595975,0
1351,3795.813218,38.72347355,0.360261348,0.347558959,0.717339921,0.120864216,37.55326614,1106.031036,33.25704491,9.688392684,0
1634,2820.248179,29.62402177,0.476445412,0.463134849,0.795333426,0.214541382,64.94325322,1187.484164,34.4598921,10.51630637,1
4653,1264.421865,11.83377169,0.726043484,0.705394985,0.887929415,0.497598898,74.75815871,537.8960301,23.19258567,10.710503,0
4962,2556.311452,24.28883933,0.538226115,0.513973148,0.818948345,0.264230361,87.26438534,845.6144077,29.07944992,10.59877944,0
8323,2315.978363,26.95707081,0.431577403,0.409321946,0.810859387,0.167589369,42.29368197,915.80961,30.26234641,10.03548859,1
4051,1406.340198,18.10505442,0.458144251,0.407715064,0.870266346,0.166258233,40.20938794,789.9548912,28.10613618,9.721270817,1
9522,2529.050526,22.14002301,0.4765012,0.43093822,0.829134289,0.18577921,97.99905799,975.6101101,31.23475804,9.865703837,0
4793,883.5125921,11.71268166,0.679517486,0.651604975,0.853909486,0.424600517,18.77380106,363.8048484,19.07366898,8.253410811,0
2268,462.4808668,5.107826381,0.8927615,0.884460666,0.803242656,0.782271412,9.860512849,95.28749379,9.761531324,7.530438337,0
4155,1031.852405,10.83623131,0.702437854,0.669453751,0.882930791,0.448197711,81.56723184,441.7064115,21.01681259,10.82376138,0
887,1089.481701,12.23099568,0.785949393,0.781153925,0.784040748,0.610206929,7.463880371,96.67726228,9.832459625,5.95979384,0
2703,2516.097789,25.43341387,0.4754328,0.455431223,0.824183997,0.20748743,91.80432827,970.963262,31.16028341,10.28000382,0
2290,903.7489454,10.30605853,0.681185513,0.64279977,0.913326448,0.413213897,63.8860261,611.2765014,24.72400658,10.78992144,0
4067,429.5104933,7.429279848,0.751734628,0.731705569,0.886822705,0.535400151,33.95736214,230.4521498,15.18065051,10.73062002,0
7969,2044.709305,23.80230534,0.575349773,0.567037191,0.825092811,0.321538894,14.33427811,464.121789,21.543486,6.900944522,0
4253,1830.51253,21.82763027,0.564821787,0.551432138,0.809144811,0.304106012,51.59031103,608.3339883,24.66442759,10.65465317,0
3154,1305.489623,16.09305122,0.691949291,0.685198867,0.846873113,0.469508203,11.27051337,254.5196482,15.95367193,6.799692261,0
7918,4964.215556,40.20062079,0.41538811,0.400857729,0.683945669,0.160844153,88.90808785,1817.180075,42.62839517,10.33242475,0
5249,2882.599433,27.47450598,0.493799404,0.468629844,0.760309312,0.219695566,68.55495695,896.1907,29.93644434,10.71836741,0
3938,30.34735676,0.698127825,0.908329523,0.722619247,0.847703484,0.522185963,5.37941287,5.594469031,2.365262994,5.874206782,0
9154,663.8585979,8.043586462,0.598748113,0.494506414,0.923323318,0.244570326,76.2830234,444.1517943,21.07490912,10.75851362,0
2860,2371.804688,22.52072195,0.588907715,0.571866907,0.808685569,0.327094569,79.76887307,800.6179644,28.29519331,10.63127358,0
1814,1283.760554,14.1449876,0.723647256,0.714104826,0.857737537,0.509958371,49.15762943,464.5889813,21.55432628,10.64410328,1
8461,1217.016645,12.31993087,0.623744041,0.573805556,0.888339296,0.329289576,83.21803211,536.9998066,23.17325628,10.81036433,0
4545,404.9944601,8.072721427,0.564044838,0.502256622,0.926561049,0.252275298,16.38085383,279.3073737,16.71249155,8.161079285,1
6219,289.7494652,4.260519368,0.795861434,0.732619007,0.921632364,0.536740083,44.9792473,203.6049343,14.26902009,10.698799,1
878,3452.698677,31.90456005,0.448094563,0.429076299,0.779833654,0.184201384,78.92491996,1128.55483,33.59397014,10.62023657,0
8221,4015.299687,33.9725719,0.435419283,0.413689393,0.740761283,0.171273499,93.20633176,1285.194424,35.84960842,10.16229114,0
3736,4408.248458,41.13698145,0.401805322,0.391608951,0.704510342,0.153458816,58.89041475,1886.18097,43.43018501,10.33203673,0
1452,173.0145317,4.543841633,0.659883597,0.581802846,0.955067777,0.338500606,16.85063622,191.1033751,13.82401444,9.00149562,0
1481,191.9808813,4.309835358,0.761919703,0.70453989,0.861370863,0.496386607,11.17034536,66.48222741,8.153663435,8.342929767,1
4320,527.1044395,6.957214527,0.755344131,0.711202952,0.944427385,0.505821664,59.31782467,589.7439352,24.28464402,10.82787238,0
1938,765.2401168,7.685203877,0.880054228,0.874969628,0.601996219,0.765582061,6.143601149,59.35005041,7.70389839,5.681189446,1
293,2367.925481,22.55017073,0.520776005,0.488960365,0.827416692,0.239151625,82.96572902,835.1208602,28.89845775,10.64822817,0
8485,2230.792811,21.06065772,0.616311733,0.60116009,0.814226109,0.361448136,78.46737097,732.5476255,27.06561704,10.65363971,0
9134,122.4060056,3.083207211,0.717169655,0.575865464,0.955378176,0.33163422,37.03160204,117.7131484,10.84956904,11.09439915,0
8796,2437.102986,22.83288244,0.580193132,0.56378462,0.815347457,0.317916387,84.49498973,782.5272644,27.97368879,10.53103558,1
6153,1876.86687,17.01380322,0.593035905,0.552491973,0.839996673,0.305303529,79.77227265,721.475834,26.86030219,10.68549972,0
4046,3844.755402,41.71293364,0.292385814,0.279307366,0.689410107,0.07804326,26.46733709,951.9411294,30.85354322,8.857915723,0
3880,2670.753528,22.90987352,0.454126539,0.410967044,0.833690411,0.168977137,98.56627094,943.6419328,30.71875539,9.777006291,0
175,364.5272189,5.571281375,0.646705118,0.492461693,0.931398192,0.242537866,55.32022118,232.7608236,15.25650103,10.64173823,0
1991,1350.224596,14.49570484,0.675289142,0.654260847,0.85654903,0.42808615,58.80010937,458.2189938,21.4060504,10.79538761,0
9111,103.8214472,2.272556249,0.847134734,0.778747216,0.943893139,0.606452687,31.2743374,84.54628368,9.194905311,10.78132137,0
1964,1642.000975,17.40384012,0.52763314,0.481954307,0.827431413,0.232335813,63.89226282,605.7189302,24.61135775,10.67807472,0
7415,3238.044695,32.5015118,0.457290662,0.444942493,0.764564303,0.19805524,65.00196662,1312.651048,36.23052646,10.47265807,0
3696,2764.091741,26.59533143,0.50972384,0.490259091,0.755250533,0.240471753,75.8663532,1164.405233,34.12338249,10.45922244,0
5640,1642.244944,19.14763952,0.570985059,0.553287776,0.865342071,0.306151712,42.8787514,788.2339874,28.07550511,10.38745895,0
2775,2738.445193,27.82055163,0.417211357,0.393086411,0.823103717,0.154617301,73.49430434,1382.525966,37.18233406,10.20301435,0
645,393.5846611,5.823063559,0.752895601,0.691221272,0.920830443,0.477805174,46.43789006,290.7382971,17.05104974,10.57714478,0
5937,146.8356853,3.558933297,0.837867892,0.822710469,0.904998067,0.676859591,10.79406041,94.03383952,9.697104698,7.713374945,1
4880,1534.363475,18.62882907,0.521900615,0.491344691,0.836137363,0.241471208,61.47728023,593.1740344,24.35516443,10.78533741,1
7455,995.982277,14.16055889,0.57263893,0.535513694,0.863636757,0.286842866,41.54908283,575.9858158,23.99970449,10.06750125,1
4571,36.02082343,1.165151227,0.837101626,0.71314298,0.955790145,0.508578053,12.87542473,38.86746415,6.234377607,9.771324421,0
338,684.1604484,7.298318003,0.799164703,0.778828137,0.907751403,0.606582707,65.98776394,355.3314476,18.85023733,10.68296243,1
8084,498.3860949,8.670210853,0.658774822,0.618995977,0.925531504,0.383173905,29.03568782,459.3971039,21.43355089,9.372762029,0
5693,754.94617,7.927365092,0.80346869,0.781981547,0.902031253,0.611504116,63.94408986,510.7431665,22.59962757,10.67741377,1
9721,3324.579901,30.55917515,0.499313013,0.485485612,0.75762814,0.235817697,83.44242203,1066.273759,32.65384753,10.47993994,0
5499,456.4347185,6.636492166,0.810124598,0.791849255,0.878169055,0.62703394,30.60841797,242.1865912,15.5623453,10.32290519,1
5394,1889.035941,19.43839373,0.65817853,0.646840536,0.820942841,0.418433981,71.88495151,691.0205778,26.28727026,10.75855588,0
6476,1233.532283,13.93494763,0.588252704,0.545080079,0.898859232,0.297138023,65.72046059,562.5920283,23.7190225,10.7031195,0
446,851.5628564,9.996338855,0.589432639,0.493363472,0.895838882,0.243442075,72.40113344,380.6197854,19.50947937,10.74066532,0
462,2359.810617,25.97068691,0.463893657,0.445246616,0.835603323,0.198298253,74.04289323,1081.175043,32.8812263,10.52801006,0
1704,4145.991768,39.50172852,0.431220912,0.422533921,0.688915561,0.178598912,26.71439272,1127.375571,33.57641391,8.894567029,1
7933,2590.265606,24.36643488,0.481719114,0.448283784,0.811991045,0.20102925,88.8184578,893.4250469,29.89021657,10.59106289,0
7172,2702.707302,24.23738239,0.524360835,0.501037686,0.807636593,0.251109551,94.11328391,953.389095,30.87699945,10.29314078,0
9135,2386.111199,27.25001373,0.393736448,0.367904397,0.823980155,0.135403393,58.29339808,1107.470532,33.27867984,10.38560396,0
4601,2529.08969,23.49630672,0.67325969,0.667278662,0.706029623,0.445281271,15.15972622,548.0251359,23.40993669,7.645933729,0
7086,5728.023933,45.4316534,0.366266751,0.351922905,0.664304714,0.124016855,87.94584479,2021.440426,44.96043179,10.35816849,0
5641,2796.324531,25.08191681,0.505454701,0.472880617,0.801514165,0.223685474,86.36215956,980.6017882,31.31456192,10.59100288,0
9316,3201.972554,25.72468495,0.597750908,0.584405158,0.778833986,0.341605582,98.07118083,1114.604503,33.38569309,10.08913843,0
329,3403.283955,29.01438373,0.441619081,0.410197436,0.754906012,0.168376876,92.95002918,1140.754704,33.77506039,10.17334506,0
9002,410.0948824,6.870002083,0.693795756,0.650741338,0.916421195,0.423471634,34.29953016,242.2118415,15.56315654,10.74750444,1
9438,2754.679592,26.65018974,0.530329945,0.513249049,0.799054889,0.263495351,85.08444902,775.4485617,27.84687706,10.57853001,0
5492,3757.452162,30.1170668,0.556555658,0.542825093,0.745318935,0.29476821,90.89128273,1141.529198,33.78652391,10.28461801,0
7572,2838.509218,27.63508794,0.436285974,0.411945801,0.806980608,0.169787374,81.18511131,1189.448026,34.48837523,10.43362835,1
2611,777.3622485,8.810870212,0.670148896,0.605129961,0.914359635,0.366205367,73.21145462,591.0900868,24.31234433,10.85446368,1
6344,2474.429181,28.77585752,0.402757192,0.38171386,0.788506742,0.145742592,27.29693163,727.2141993,26.96690934,8.662381003,0
5239,1785.949929,20.38824411,0.640333401,0.633272381,0.823931525,0.401050932,10.54326573,276.9018106,16.6403669,6.437547051,1
2157,21.7647501,1.544598337,0.610292942,0.287412766,0.984594817,0.082610594,12.25800896,96.95754437,9.846702208,8.004928726,0
1480,89.30876158,3.139936681,0.73536948,0.677205022,0.961823644,0.45861141,10.30506444,95.6804336,9.781637573,7.35919931,0
2600,3272.870492,28.98870344,0.538314574,0.522628617,0.763051554,0.27324421,76.34377548,1169.827877,34.20274663,10.47527194,0
7485,1853.404521,19.76122068,0.585312745,0.563523986,0.847514805,0.317596987,67.64169245,1020.599519,31.94682331,10.74969299,1
7113,1477.702217,17.1703153,0.543234494,0.511917725,0.890095673,0.262105995,65.21037477,785.468311,28.02620757,10.73351165,0
9212,2810.052279,24.56621831,0.559330261,0.535744347,0.788369769,0.287091194,94.87446499,886.2926214,29.77066713,10.33798585,1
7221,1735.721721,17.61205632,0.591190147,0.556066714,0.842997115,0.309265972,67.87296198,712.6387505,26.69529454,10.63889136,0
72,1762.353665,19.0185293,0.516709771,0.478102862,0.872666737,0.228622489,66.41484161,1001.84179,31.65188446,10.54443825,1
3232,2894.777923,26.09201428,0.465941787,0.436818999,0.80670581,0.19090144,91.08427686,1071.316377,32.73096969,10.22054058,0
6801,68.01086153,1.351103697,0.912915086,0.881103367,0.89673694,0.776344208,7.377684341,26.1732955,5.115984314,7.089594693,0
7847,3745.36303,31.31966232,0.496944584,0.480859206,0.764768507,0.231334718,85.01371824,1393.85741,37.33439982,10.34447114,0
8066,3208.277241,31.89517629,0.464887979,0.452451679,0.766531381,0.204785225,65.69,1305.4571,36.13110986,10.31843011,0
4311,356.5442825,4.992502146,0.76822795,0.7033938,0.931345547,0.49477486,56.6172446,250.9545826,15.84154609,10.82363489,0
42,3133.068822,34.6313416,0.404139163,0.39246918,0.760142063,0.154065498,21.01412446,665.466085,25.79662933,8.313269782,0
47,27.49256944,0.811970594,0.879908883,0.67229398,0.914374727,0.451986302,6.421814849,10.26742512,3.20428231,7.13553224,1
8192,5076.323212,42.02566469,0.407980098,0.394818051,0.673308577,0.156059017,91.10436493,1727.886232,41.56785094,10.27096342,0
1140,38.67878223,1.189643191,0.886298803,0.808588178,0.914609468,0.653819387,9.204044793,25.56505401,5.056189673,8.477992777,0
3420,401.497211,5.458780492,0.781337282,0.741579526,0.928388403,0.549951739,46.03439171,334.244708,18.28236057,10.66433781,0
7395,1274.842556,15.58854764,0.492779811,0.45099154,0.90307235,0.20342395,88.57289603,547.7159553,23.40333214,10.67712465,0
4989,2122.115109,21.61582706,0.670613284,0.663637498,0.694619302,0.440445876,15.07008639,369.3536552,19.21857579,7.952258102,1
3163,130.1624345,1.443638608,0.97501914,0.974344497,0.733910547,0.949347516,6.321201884,26.15164098,5.113867517,6.307917558,1
1261,1171.792012,14.64063297,0.617938883,0.594666179,0.902551583,0.353647159,47.01342527,534.7209311,23.12403363,10.91001523,0
8591,1612.906782,16.96367958,0.57416022,0.542321118,0.868922766,0.294153304,68.84255651,653.9520887,25.57248695,10.79687191,0
9444,1422.446981,16.56156855,0.623633559,0.605390171,0.87539594,0.366521047,37.02318783,719.8514473,26.83004747,10.0432523,0
8521,1259.560867,12.58603305,0.801037294,0.795613388,0.776847172,0.633008261,7.662760939,135.6351829,11.64625188,5.62920809,1
6704,1989.886405,18.27589884,0.586002509,0.548306085,0.854035466,0.30069622,82.98252031,916.83553,30.2792921,10.61807038,0
7110,971.1329066,10.94376496,0.592713481,0.518127392,0.903435277,0.268489757,79.37773631,520.9555722,22.82445119,10.78371835,0
6022,1388.32418,16.13947905,0.654217589,0.6389952,0.857783348,0.408345257,49.29251039,597.6438609,24.44675563,10.54592475,1
7973,4594.502652,38.68615275,0.443694565,0.431289995,0.714117803,0.186138944,85.57263232,1551.489389,39.38895008,10.40017698,0
3487,3320.687104,29.3383603,0.464840654,0.443277263,0.78676361,0.196587821,93.74246219,1047.220462,32.36078587,10.18282244,0
1899,666.1049343,8.807025675,0.705123672,0.669082834,0.903676313,0.447692029,46.73787006,300.0893486,17.32308715,10.7582968,1
666,4141.454629,37.17232494,0.416273468,0.402624111,0.716334052,0.16221433,65.2043483,1255.344655,35.43084327,10.4771674,0
2330,814.0782065,11.51123715,0.617391267,0.575253633,0.907311232,0.330923601,44.73903825,415.3299144,20.37964461,10.68760975,0
7650,1691.601707,19.95217794,0.557444122,0.538351189,0.829870745,0.28988076,56.52858002,841.0192537,29.00033196,10.50171896,1
3517,4353.993603,41.49128677,0.392463678,0.382040288,0.643710622,0.146002817,22.44275354,809.1725343,28.44595814,8.493705139,0
6565,1733.089193,15.21652499,0.609182561,0.556429342,0.861191435,0.309654029,87.19626601,640.0519635,25.29924828,10.77965613,0
9782,1368.75815,15.13194531,0.497798099,0.436967267,0.903421574,0.190965364,79.87565325,637.1481605,25.24179392,10.71956169,1
8493,888.6980818,11.69110512,0.572824014,0.523146768,0.914018501,0.273713625,62.45203356,406.4039093,20.15946203,10.76096966,0
5057,3232.166231,26.89952179,0.441138,0.40483704,0.796079909,0.163992872,109.3836748,1155.43173,33.99164205,9.67413464,0
7143,1796.86589,19.02067776,0.547912678,0.517188778,0.836799768,0.267559456,66.59538324,748.1975134,27.35319933,10.76210086,0
5208,2997.69027,29.10146805,0.489453553,0.470653009,0.767394349,0.221585149,62.58030838,904.9978645,30.08318242,10.6912609,0
7097,1103.204021,11.54403727,0.664852277,0.626777899,0.877677519,0.392875666,76.47144926,435.2812806,20.86339571,10.71662622,0
8966,5203.588388,43.71971248,0.40882333,0.398808274,0.687311022,0.159192519,86.13640002,2113.54135,45.97326778,10.36542422,0
774,1282.928946,13.49763914,0.614874368,0.564517924,0.86729643,0.31872982,75.41596256,479.2892432,21.89267556,10.76167166,0
8049,2045.13067,22.75693786,0.606611451,0.598477932,0.810473863,0.35821035,18.30634669,525.2771553,22.9189257,8.454631942,0
1294,848.8183865,10.80719322,0.693754815,0.672127027,0.903123811,0.451767721,50.82485365,430.7136686,20.7536423,10.71923008,0
3038,3855.154476,32.91402998,0.48789983,0.47398183,0.737918613,0.224761413,84.3059425,1335.440896,36.54368476,10.35363411,0
1179,1312.462216,13.30613946,0.626595358,0.586010767,0.881171524,0.343448298,85.7123343,465.0979791,21.56613037,10.77643668,0
7730,109.9219755,2.395451946,0.859737265,0.817356069,0.925514646,0.668077204,15.91571747,81.00311161,9.000172865,10.07097844,0
8034,2562.990635,31.92828808,0.323144858,0.302104028,0.776782553,0.091285437,15.71248462,500.2931037,22.36723281,6.714481055,0
9651,244.9566696,4.474383002,0.708024558,0.636860966,0.938871395,0.405600251,12.13061334,167.1667507,12.92929815,7.398780914,0
7374,408.052872,5.573637913,0.732456895,0.675881822,0.929353695,0.456827802,63.71554548,236.3431219,15.37345511,10.61903745,0
574,2735.154504,30.02568704,0.474926089,0.464436745,0.787523811,0.215720357,13.30887101,401.8985002,20.04740632,6.808920626,0
3021,1294.300566,17.66676975,0.504288059,0.467941142,0.885508735,0.218997248,42.1282285,910.4915084,30.17435183,9.508114102,0
7841,2153.52327,19.58272664,0.57971525,0.550014526,0.843109956,0.302563674,92.36462706,757.5572053,27.52375711,10.35601479,0
8615,630.4163145,6.044847984,0.913048118,0.911145335,0.743240951,0.830188053,5.560826986,83.23906395,9.123544484,4.755198747,1
3467,3011.022331,28.00120941,0.525236413,0.509358936,0.788328038,0.259528133,81.00402235,899.133928,29.98556199,10.65201531,0
5066,1704.503043,23.16723927,0.434135316,0.411885544,0.845254911,0.169706097,38.16059124,879.9033058,29.66316412,9.559432605,0
5185,1613.155464,16.22641578,0.671146123,0.654863008,0.848283878,0.428883319,62.31498927,759.0266683,27.55043862,10.7228776,0
7242,1289.661734,15.58155037,0.431792936,0.370486859,0.895311852,0.1372947,86.71956914,783.4647245,27.99043988,10.67464335,0
8255,43.56462299,1.89819348,0.659095006,0.362239143,0.959337132,0.131230492,15.06997319,77.83933968,8.822660578,9.486988408,1
2773,116.4855092,3.456489988,0.615775523,0.39550044,0.928380945,0.156437575,21.52721109,86.60472902,9.306166182,10.37419627,1
3409,1195.806368,14.99407477,0.607555988,0.578532315,0.847293322,0.334737692,34.0795097,510.4619111,22.59340415,9.945374809,0
3842,1799.369785,18.30685598,0.523614902,0.471196707,0.848335813,0.222136976,74.41573415,708.852985,26.62429314,10.73734637,0
8380,32.38589461,0.383128141,0.991381454,0.990887612,0.869024122,0.981858317,24.87973695,67.84415905,8.236756586,10.71415236,0
7292,2143.27141,21.98954061,0.432765254,0.392617109,0.834179325,0.15422975,79.81925255,856.1252013,29.25961724,10.68135196,0
6507,436.6094435,7.768561558,0.613184836,0.554426735,0.91747494,0.307414283,45.5306563,277.5385248,16.65948753,10.73928353,0
1919,3566.080506,32.50756641,0.495942859,0.483319949,0.727884617,0.233708309,70.60760194,1381.885968,37.17372686,10.5115682,0
5708,1845.916197,18.05433739,0.457330683,0.389096558,0.866323753,0.151443235,95.74619588,772.0006795,27.78490021,9.96267047,0
9525,2168.316963,21.767077,0.555985199,0.529116761,0.800782773,0.280020001,67.4188225,864.5487724,29.40321024,10.71491536,0
2677,637.2582859,10.51520463,0.62079545,0.583488345,0.935910322,0.340464323,15.37598218,407.4284513,20.18485698,6.895548889,0
4998,1107.47044,16.22050378,0.451761271,0.404295183,0.903578764,0.163468584,34.4328701,932.449592,30.5360376,8.516415042,0
4152,542.180766,6.68329837,0.801055984,0.779112854,0.889466771,0.607025511,44.0259356,303.3379695,17.4166004,10.74718269,1
6187,4155.440053,37.20712596,0.439483159,0.427711518,0.720073487,0.18303095,69.03535718,1456.368196,38.16239243,10.45255232,0
4174,3326.292548,28.64232983,0.484825534,0.459666202,0.776273002,0.211374727,91.35322289,1240.696325,35.22351949,10.21332593,0
4391,2511.477727,24.00311914,0.541547991,0.523190334,0.823513406,0.273798241,83.47817321,931.1135664,30.51415354,10.52104183,1
7278,1998.313399,20.65871424,0.518553142,0.481102642,0.840990619,0.231517869,73.28553658,802.7124979,28.33218131,10.65675299,0
1387,2927.829233,25.60422777,0.456998515,0.425416524,0.818298021,0.181059268,104.8907257,1007.564852,31.74216206,9.686364517,0
5441,1699.932365,18.7208496,0.535305139,0.503028137,0.843397278,0.253087205,71.83360296,658.1317759,25.65407913,10.74149472,0
3759,2903.345439,27.7010454,0.564328725,0.553610338,0.745279548,0.306559507,58.21090879,1063.464746,32.61080719,10.47222678,0
3333,3279.910887,34.44984852,0.410839312,0.397737486,0.735178701,0.158281264,49.00669195,1102.37147,33.20197991,10.39306144,0
8627,2373.702356,20.43750663,0.632198796,0.615245609,0.801629492,0.378590707,88.87817067,969.5060178,31.13689159,10.49403917,0
9904,3276.803976,27.92335632,0.494332526,0.473052183,0.79032128,0.223866949,88.15538418,1182.2891,34.38443106,10.25711542,1
2284,108.4105525,2.769556167,0.774112588,0.685643343,0.955765668,0.470117412,22.27553605,197.8260742,14.06506574,10.21186078,0
9549,1781.178388,17.54322138,0.604384294,0.574556196,0.853072398,0.330170574,75.38371904,736.7304488,27.14277894,10.71395674,0
5000,2777.9188,26.21857516,0.550417593,0.536805945,0.796319593,0.288234402,78.89543881,948.824787,30.80299964,10.57589168,0
2633,174.9219222,3.167940772,0.783023495,0.650229909,0.941638319,0.422810798,45.98912595,151.1988768,12.29629525,10.87437943,0
2835,466.8520235,6.161920595,0.704555822,0.603717704,0.915257768,0.364501087,67.52205034,189.0740257,13.75041911,10.68974688,0
6147,29.77506471,0.917058723,0.897749661,0.836857978,0.962935471,0.70033282,11.74943546,80.52751335,8.97371235,8.129688861,1
1063,103.1276164,3.3941986,0.695288195,0.564982905,0.928452143,0.319226962,19.39002656,89.5957158,9.46550135,9.971693293,1
3187,286.2789728,4.715887667,0.698359857,0.590391383,0.933166174,0.348576189,46.07364547,198.1037156,14.07493217,10.65294025,0
8688,305.1548583,6.945616083,0.642606517,0.5929753,0.908442562,0.351631834,36.57628019,166.1487953,12.88987181,11.01586023,0
8592,2891.177713,28.16536148,0.308870916,0.247729187,0.756820154,0.061454094,76.19879113,1580.469213,39.75511555,10.29483103,0
7115,3111.725012,34.19460427,0.417689733,0.405029664,0.706882435,0.164074696,40.41355234,988.9507051,31.44758663,9.393671148,0
4614,2626.03497,24.11030975,0.494929151,0.465796203,0.839393327,0.217030062,93.58280707,989.4345074,31.45527789,10.10896234,0
6172,800.1905693,7.844271388,0.884963571,0.88189641,0.703858769,0.777749594,9.149354452,147.9389325,12.16301494,7.242555933,0
8214,2943.541693,29.33117532,0.446538426,0.42221171,0.786077843,0.17832561,82.28315835,920.430642,30.33859987,10.62707145,0
9633,3780.977672,40.52975048,0.334775784,0.322538337,0.700775881,0.104067768,45.71277564,1203.138293,34.68628393,10.42167648,0
2594,3033.788836,31.33209941,0.483251199,0.472575921,0.736962137,0.223398289,52.33961355,1098.600704,33.145146,10.35639663,0
8197,1236.249901,18.7094389,0.388934768,0.344328022,0.870947021,0.11859156,48.84872536,1194.157717,34.55658718,9.364138627,0
85,2654.115359,24.40288399,0.538385226,0.516864784,0.815870477,0.267240732,88.81101909,818.431756,28.60824629,10.46882333,0
3595,418.0262126,5.791586892,0.686461588,0.584182915,0.934624489,0.341297055,66.72269776,191.3647774,13.83346585,10.7988434,0
4776,2416.256953,28.9386495,0.455974761,0.443636949,0.817737138,0.196835259,20.16367021,696.0558184,26.38286979,7.701978884,0
2804,584.3585132,10.53691324,0.461555778,0.379744495,0.914916227,0.14422926,35.90659409,428.1784583,20.69247347,10.46065663,0
3428,100.2904977,1.763393791,0.90865139,0.88569911,0.942806265,0.784466866,9.312865907,94.87259029,9.740256172,7.215032659,0
5417,3136.715558,27.18247175,0.558381369,0.543803386,0.77520714,0.295843306,85.11511657,996.4587883,31.56673547,10.46271029,0
8222,2810.762088,31.60195721,0.403349255,0.388091922,0.782813297,0.150687147,34.77361441,924.9766641,30.41342901,9.556439413,1
3126,2596.135567,23.58660327,0.46431296,0.411658615,0.817418305,0.169554723,96.47219063,910.5894378,30.17597451,9.810528339,1
93,1954.852804,19.31991563,0.548672115,0.508989714,0.815720475,0.259147081,81.35229671,682.9718414,26.13372996,10.7401643,0
1918,2921.253237,34.92482753,0.286457637,0.265019292,0.70495916,0.070271627,27.47490934,741.6451704,27.23316306,8.833661,1
9817,113.1118966,2.570796003,0.863988142,0.832175849,0.941634206,0.692521453,12.9732368,139.4229552,11.80774979,7.892625336,0
4202,2729.560017,26.60685254,0.54376154,0.530346632,0.779667814,0.28134822,78.176506,857.236894,29.27860813,10.57284919,0
9186,6117.811877,49.4946275,0.335742747,0.323699526,0.612244379,0.104939421,74.90321771,2492.748521,49.92743255,10.06925775,0
1135,3663.179679,32.35329682,0.437045877,0.418702678,0.766262743,0.175424699,95.87432207,1218.598932,34.9084364,10.15547679,0
5273,386.0664918,6.363483561,0.738068411,0.695566505,0.915413737,0.483828605,41.68826687,287.1387748,16.94516966,10.64907749,1
333,1540.641794,16.0033217,0.667830451,0.649987146,0.83666073,0.422523038,68.4250237,713.624876,26.71375818,10.66354961,0
8781,138.7558986,0.937267746,0.988302775,0.987431571,0.403910995,0.975021637,4.073649672,3.529860935,1.878792414,4.034843196,0
3191,2232.211426,22.93287707,0.49719846,0.467110038,0.815555395,0.218259806,77.70769156,737.468319,27.15636793,10.64361435,1
1536,73.43463344,1.930864909,0.782771324,0.584655985,0.942929843,0.341833634,25.9496535,62.63819329,7.914429436,10.45345764,0
5786,1344.212229,15.76386067,0.668116569,0.652605299,0.846490091,0.42591233,28.3501706,429.7717582,20.73093723,10.09818289,0
1347,526.1548017,6.068539462,0.752837162,0.676595848,0.91097171,0.457795315,68.67779728,238.1088972,15.4307776,10.72805921,0
5500,1619.988874,12.97910624,0.842784248,0.836005407,0.585620485,0.698919129,8.562046349,217.9914352,14.76453302,6.338222555,1
8580,3834.310396,35.50641568,0.506131064,0.497634275,0.643558986,0.247708609,24.12040134,872.758766,29.54249086,8.660267263,0
6352,3516.700764,31.10080131,0.52626047,0.515421277,0.764529024,0.265750714,78.84270007,1254.558331,35.41974493,10.45157625,0
8519,1224.192448,12.7316659,0.800917634,0.796872446,0.738031902,0.635014824,9.354478185,194.6087552,13.9502242,6.818842072,0
2752,2009.659178,20.2551356,0.566944027,0.541405408,0.840243741,0.293170347,82.64257754,762.1980116,27.60793385,10.68537043,1
4893,625.373203,6.717266957,0.780735224,0.747025466,0.924104385,0.558058623,68.305678,486.4229681,22.05499871,10.87617793,0
6367,535.7706563,9.7625589,0.555044469,0.497340837,0.931225519,0.247364966,30.44935127,487.9098086,22.08868055,9.66598588,0
5455,448.5721805,5.277238296,0.793182841,0.743886508,0.934812436,0.553381636,75.06005463,235.9579256,15.36092203,10.61618324,0
1903,2690.111955,22.6310762,0.544212095,0.508716688,0.823183505,0.258862053,92.80201493,1079.343189,32.85335887,10.02514155,0
9610,5112.037331,45.4081871,0.404415081,0.395180259,0.571050971,0.156249157,37.78654254,1518.580871,38.96897319,9.403804654,0
2882,4242.112786,37.08392957,0.396813461,0.380544304,0.754828301,0.144932357,92.52671842,1594.231606,39.92782997,10.19438488,0
8869,3393.115027,32.4089987,0.47177857,0.457729789,0.770846123,0.209592051,74.35331821,1073.639489,32.76643846,10.60074996,0
6876,1373.38458,14.04051003,0.623417872,0.567127936,0.862467232,0.321672865,79.43797321,422.6654055,20.55882792,10.76207607,0
8861,41.03278121,1.602247765,0.806699256,0.69953619,0.957219181,0.489359734,16.16019127,54.85236695,7.406238381,10.13258681,1
5700,2246.309428,21.3457204,0.530316702,0.49059413,0.795334933,0.240766444,73.76144667,863.8250644,29.39090105,10.67810913,0
1889,4643.462895,38.40143323,0.387830565,0.367073836,0.711539249,0.134865495,92.6432036,1460.598011,38.21777088,10.28195025,0
4041,1502.803167,15.05193357,0.54216522,0.490472055,0.88116731,0.240608179,89.03519659,579.2334841,24.06726998,10.62949295,0
7538,2111.601069,21.65179803,0.560342273,0.535928662,0.814058312,0.287251598,38.17495047,756.8492515,27.51089332,9.825387252,1
7450,1305.382721,12.46904163,0.643132953,0.591955583,0.890151176,0.350440208,92.57866871,469.8978548,21.67712746,10.73902595,0
3330,1635.361604,14.68746219,0.574922674,0.516789997,0.882386961,0.267119221,102.2608087,684.7133219,26.16702738,9.432007602,0
3347,1228.098042,12.60495183,0.535400281,0.477600237,0.897240889,0.228151401,102.8738135,410.6439752,20.26435233,9.94347219,0
8153,909.5388977,11.26301814,0.599741766,0.539399711,0.891804256,0.290989668,61.97973564,364.9682956,19.10414341,10.69997848,0
3438,2973.508335,27.80413863,0.551731861,0.53946237,0.771599042,0.291080167,69.31515593,987.6212473,31.42644185,10.54581173,1
4087,1441.436997,12.73393503,0.66884551,0.621515048,0.884313834,0.386310875,94.28929105,585.8376711,24.20408377,10.41446784,0
2071,3574.359487,29.91238248,0.538597936,0.524969359,0.778239634,0.275683479,89.71724019,1129.848332,33.61321662,10.36851529,1
3108,274.9424255,6.254511313,0.506776483,0.371212157,0.94274635,0.13782158,40.17252112,357.1541277,18.89852184,10.35651716,0
231,359.5973324,4.971135609,0.726050204,0.643223155,0.948409102,0.413745303,56.07516712,278.9546583,16.70193577,10.76593284,0
8967,3272.59473,28.97766881,0.50192374,0.484305012,0.758277119,0.234651323,78.95398773,1211.867375,34.81188555,10.51257447,0
7495,3562.382386,34.50106364,0.412595136,0.397582617,0.749604773,0.158167263,68.27845103,1346.758589,36.69820962,10.44373806,0
2759,93.29605199,3.204840976,0.678200127,0.590435466,0.964595819,0.348619852,9.398037667,93.93510944,9.692012662,6.788147807,0
8416,908.3769694,10.01527029,0.782735261,0.768151303,0.879380858,0.590065428,56.4334723,329.8470761,18.16169255,10.85167595,1
6097,2025.992206,18.92874741,0.667355607,0.654240661,0.81617906,0.42806503,78.26475928,574.2206585,23.96290171,10.62612491,0
1039,873.0604525,10.86631313,0.678103678,0.637138017,0.882723209,0.405965789,68.04805648,358.1445172,18.92470653,10.8128701,1
3338,3758.447001,33.51237582,0.456142551,0.440735037,0.7567138,0.194355397,80.50846865,1318.892247,36.31655609,10.49075822,0
1214,397.1702657,6.456905949,0.567890758,0.435464786,0.939137503,0.189651242,55.87111547,314.4365564,17.73235902,10.75159395,0
6377,836.7995022,8.526754754,0.777531652,0.751874665,0.909724289,0.565328371,62.2160158,724.3063907,26.91294095,10.4210606,0
4286,1403.770836,17.42197542,0.639917368,0.63007722,0.81994409,0.397010683,21.70626084,349.2679072,18.68871069,9.690943726,0
9384,3879.628419,38.2288821,0.37943841,0.366069552,0.721794679,0.134104881,59.59100059,1424.063744,37.73676912,10.39514734,1
8598,5824.581172,55.99794128,0.169425612,0.155675336,0.520189182,0.024292949,97.64358782,2236.2955,47.28948615,10.416998,0
8370,642.2802064,6.717229016,0.888800171,0.88604453,0.782340994,0.785078102,28.30693456,259.2523239,16.10131435,10.7518855,1
2817,2569.524748,24.44379956,0.575794425,0.55778419,0.788079048,0.31118038,74.54873075,853.6925691,29.21801789,10.75759465,0
7307,2670.054738,25.95482103,0.502456558,0.482278351,0.803517719,0.232653921,72.39109005,899.5464799,29.99244038,10.66944523,1
8137,3232.469817,31.25369075,0.414256206,0.39348361,0.787036848,0.154912793,80.01996954,1153.021207,33.95616596,10.59795698,0
8638,137.4566112,0.836454382,0.990070081,0.988800495,0.278158495,0.977726969,4.231238652,5.57881636,2.361951811,4.219163606,0
7955,1291.673599,16.86698998,0.51367417,0.47590789,0.868017672,0.226538911,55.46963187,815.924793,28.5643973,10.45582773,1
2386,3232.934917,29.30187738,0.48098316,0.462145539,0.779962838,0.213659341,86.81348031,977.7187674,31.26849481,10.46354838,0
5709,456.0564846,7.616942754,0.706437137,0.671218354,0.88544502,0.450548195,29.29843937,271.550721,16.4787961,10.43181972,1
5154,1104.596103,13.27117936,0.731525076,0.722894487,0.841865605,0.522592015,26.40153143,319.8978805,17.88568927,10.23598503,0
6575,2005.451179,20.59850348,0.545451127,0.511651047,0.812099361,0.261859043,80.57976915,535.0581501,23.131324,10.73770751,0
9422,2765.248532,31.58605834,0.428867957,0.416039561,0.762290558,0.173121912,33.09491128,964.3971407,31.05474425,9.067500347,0
4816,4896.493943,40.90076232,0.389249591,0.373863448,0.703672642,0.139912274,83.20394961,1804.578652,42.48033253,10.27470821,1
6233,2185.635606,22.3891629,0.545949008,0.525713081,0.828380497,0.276420429,56.60099485,903.9262452,30.06536621,10.38968905,0
6395,794.6790572,9.407432956,0.733129439,0.686684762,0.853602254,0.471558277,44.33951377,354.9015126,18.83882992,10.6392949,0
843,2534.475832,23.05850114,0.585345956,0.567511036,0.817299406,0.322132819,91.02828456,895.6504387,29.92741951,10.36329197,0
6136,364.5892712,5.146877067,0.743423533,0.648492231,0.926828205,0.420563864,64.27254121,170.7676072,13.06780805,10.5463909,1
649,1283.154904,15.15634709,0.641680006,0.622233526,0.873527656,0.387191102,35.44085479,612.3075475,24.74484891,9.995125635,0
8509,1414.677702,17.06509646,0.58990699,0.563822365,0.83880159,0.317922445,43.60660864,518.8776103,22.77888519,10.58047357,0
3300,2374.355339,22.8141826,0.502299307,0.474785497,0.839948294,0.225489873,80.35809286,985.7833266,31.3971866,10.61705927,0
7587,2858.538256,32.89532161,0.382621728,0.36738931,0.698347634,0.135054695,67.92362238,797.2305705,28.23527175,10.6777114,0
8090,1984.696412,18.20486604,0.58689121,0.547161075,0.831346733,0.299438579,81.59256898,680.4046755,26.08456776,10.62285085,0
9854,2466.82379,22.36555478,0.60194211,0.581451977,0.820903634,0.338135755,88.17474711,790.6024381,28.1176535,10.56606836,0
9360,179.4973269,3.277395173,0.77570737,0.684682651,0.943548376,0.468798169,38.00733453,145.5520392,12.06449498,11.12910253,0
8458,2991.541913,26.39999265,0.425140332,0.397513167,0.824133009,0.158110839,115.927939,949.1325412,30.80799476,9.786949343,0
695,1157.483651,17.69089139,0.438643815,0.397245947,0.893531577,0.157825907,25.66025717,646.9339259,25.43489583,8.889724721,0
2167,3574.956576,32.96790709,0.43194564,0.413195387,0.751163927,0.170819258,78.68561355,1040.59388,32.25823739,10.542626,0
8573,126.4860595,3.77776344,0.643696126,0.511491778,0.950920148,0.26163765,29.35517681,147.1599549,12.13095029,10.86356278,1
5022,659.9709439,8.111814727,0.736274179,0.705899656,0.911977078,0.498314081,57.74530831,422.0794918,20.54457329,10.72797438,1
9081,840.3857246,8.551232987,0.865063013,0.861304194,0.720377929,0.741851009,7.058261864,79.88637114,8.937917606,5.936831573,1
3311,173.9399524,3.787456977,0.690492615,0.56377537,0.950739176,0.317855918,41.18128079,197.3249441,14.04723973,10.98178753,0
3936,3683.970097,30.95890258,0.546141696,0.534887217,0.753060433,0.28623872,79.4029732,1404.312948,37.47416373,10.49051777,0
6961,63.23145306,2.619682331,0.561768011,0.295448101,0.970951815,0.087297399,12.52776865,136.459219,11.68157605,7.518123573,0
6713,171.4970583,2.516079013,0.879432638,0.833184994,0.873725914,0.69419886,14.81256139,68.19356151,8.257939302,10.08821929,1
167,113.5986299,2.92138554,0.812688429,0.742963096,0.935180546,0.552001538,13.76012399,96.03077239,9.799529192,8.719125528,1
1776,850.2819633,13.47740149,0.458869482,0.38777107,0.86714767,0.150407773,50.06387403,399.525629,19.98813721,10.66834044,0
1220,6825.393357,51.32757323,0.413795992,0.406327455,0.585348198,0.165305786,95.43903809,2911.033785,53.95399693,10.35880102,0
1617,1293.532169,13.7454349,0.642904169,0.61291035,0.884730113,0.375685082,73.32068791,669.0285549,25.86558631,10.65472526,0
8811,1558.208429,17.17261048,0.528249781,0.467522322,0.836884531,0.218642021,70.59780317,583.5144992,24.15604477,10.80667116,0
9594,72.01112273,1.804636404,0.804283757,0.693276607,0.940453639,0.480638471,19.18182463,78.48163682,8.858986219,10.13606156,1
1931,2178.515388,20.89982399,0.614130108,0.597810448,0.819505053,0.357412603,73.8684576,620.9809506,24.91948937,10.55809613,0
5032,3121.816217,26.76392964,0.492031353,0.467934733,0.809915149,0.21907667,92.84675337,1298.042835,36.02836153,10.06741881,0
1324,2028.880417,20.87395388,0.574057394,0.555497735,0.849682721,0.308614391,83.55530589,784.9831095,28.01755003,10.68453871,1
7950,2332.827876,22.10405889,0.5658492,0.542747946,0.808718602,0.294631075,78.55546057,815.8507711,28.56310157,10.59975966,0
7152,121.3885179,1.637221566,0.921249915,0.90106131,0.809255918,0.811912943,6.215339233,19.57971453,4.424897121,6.241558134,0
90,2103.684413,21.04887938,0.505278939,0.476479288,0.8587257,0.227091037,93.00506855,972.3828185,31.18305339,10.04096889,0
5810,65.80402818,1.157311242,0.958945808,0.956158424,0.917255687,0.914239395,6.04281505,36.92314927,6.076442156,5.543548746,0
553,2302.20769,21.91763674,0.507072708,0.469290525,0.806209778,0.220316009,85.95999808,926.6715091,30.44127969,10.59818181,0
3782,2702.720195,29.51279488,0.498641612,0.4887006,0.76102047,0.238865891,17.40320881,590.5954207,24.30216905,7.501241915,0
9747,1521.587456,15.58341601,0.629769032,0.603083898,0.872411296,0.363752372,69.51541592,607.2090706,24.64161258,10.71055458,1
9578,343.0030682,6.693533149,0.648012839,0.589700894,0.930128749,0.347754287,18.49282435,231.6055877,15.21859349,8.983370127,0
5934,202.7402513,2.283319424,0.951684797,0.946023273,0.455889115,0.894962856,5.024108383,10.52005504,3.243463432,5.248867926,0
2648,167.3293654,3.95429402,0.704626668,0.586945543,0.916627709,0.344516271,14.6843543,118.1735466,10.87076569,8.596154615,0
7377,5965.727606,49.1078517,0.360544592,0.350753613,0.63497069,0.123200759,93.96269357,2338.760692,48.36073502,10.31261705,0
739,2255.32072,19.64591759,0.642442322,0.62165357,0.822361943,0.38650469,79.58908307,859.7678624,29.32179842,10.53521392,0
6758,5171.090533,42.4798126,0.408008007,0.396666742,0.682274189,0.15748041,86.19553911,1795.969432,42.37887955,10.31006875,0
5114,1435.777011,17.08640079,0.606637504,0.587993744,0.864263532,0.345765212,46.96787913,617.0839083,24.84117365,10.65058631,0
5660,1546.361482,17.14109631,0.529938503,0.487795377,0.854619664,0.237995503,65.8663127,592.8077653,24.34764394,10.90371767,1
6204,1360.030332,14.15912303,0.62607903,0.576238272,0.869558129,0.332077578,77.39811796,469.5672852,21.66950127,10.84478077,1
8750,1257.322977,14.14706084,0.710504895,0.699760307,0.865961662,0.489675884,45.54350853,645.5163284,25.40701337,10.52995165,0
1266,241.4641148,5.070460942,0.782165579,0.757241404,0.902028464,0.573426363,14.56580943,164.1997203,12.81404387,8.385247821,1
4494,1648.079694,17.40457425,0.616210707,0.595871842,0.852954691,0.355097879,78.51223381,672.5593241,25.93374875,10.70185786,0
1925,2305.519026,21.35754643,0.614541973,0.594632922,0.797287361,0.353634485,71.28415861,674.3841187,25.96890677,10.65376287,0
6474,619.8815087,7.555941012,0.726177204,0.687914744,0.928989503,0.473243414,55.27496822,408.771546,20.21809947,10.71585913,0
281,819.9152635,11.164583,0.689446635,0.66674123,0.864184918,0.444576722,38.19595031,365.6354744,19.12159707,10.53130133,0
213,92.66074379,2.399526148,0.734316279,0.389423791,0.943972108,0.151673113,38.58590637,44.10056332,6.6408255,11.1684238,1
77,471.7754912,6.715423348,0.648051259,0.544318129,0.945366342,0.296302982,56.76444818,420.3984936,20.50362147,10.94364188,0
7491,661.0547066,9.191746231,0.618642403,0.522117003,0.886480449,0.27265113,61.21921814,289.3017567,17.00887288,10.55354016,0
6619,1034.099843,11.44916442,0.681065278,0.653993806,0.898231556,0.427732982,73.4164281,444.7775529,21.08974995,10.82285814,0
5212,259.1009941,4.459931504,0.707626169,0.603395401,0.946897796,0.364095698,44.23942071,328.2426898,18.11746919,10.25680384,0
630,4600.665618,39.91383472,0.41165802,0.399834958,0.707709883,0.160014,75.33219471,1959.368084,44.2647499,10.22840146,0
7546,1669.579522,17.19819692,0.491285825,0.440272856,0.88630145,0.193878661,89.45535667,719.5697241,26.82479681,10.39700097,1
268,1761.131196,18.08368971,0.522180253,0.475773445,0.873459338,0.226402389,81.40978638,847.3225674,29.10880567,10.68571404,1
9283,343.9156399,5.655563306,0.712100363,0.66262942,0.952935798,0.439088938,42.9420919,391.1239047,19.77685275,10.72831918,0
2059,2571.869587,25.43216371,0.487060813,0.459711994,0.767573862,0.211407793,63.49517937,908.9738059,30.14919246,10.53222967,0
9760,5238.23492,50.01868059,0.277065091,0.266102028,0.610899462,0.070901482,50.73423038,1828.752809,42.76391948,10.02959764,0
3950,1286.307943,13.28004681,0.555495253,0.471592687,0.862473384,0.222445068,79.85313313,492.8592879,22.20043441,10.77799699,0
33,47.2563655,1.421662837,0.78190202,0.66987358,0.963114016,0.448734478,7.575769869,47.80214202,6.913909315,6.453313235,0
7771,4817.471686,40.04216169,0.407026709,0.39307722,0.710407749,0.154669441,83.57217466,1749.160421,41.82296523,10.36607707,0
2678,2354.320082,28.9974043,0.419713442,0.405111746,0.803084323,0.164165079,22.41849288,688.5780822,26.24077137,7.934878279,0
8394,1128.230813,11.94146193,0.646455861,0.598978277,0.895794005,0.358805646,64.45704358,530.9544694,23.04244929,10.69353821,0
871,104.3066825,2.253627528,0.850316663,0.767348333,0.934902411,0.588831133,25.99519416,105.664529,10.27932532,10.49634845,1
2687,2996.491042,29.32731216,0.511033113,0.499216784,0.780464403,0.249300712,71.9098775,1025.669504,32.02607538,10.58377762,0
5151,3190.600411,28.90834275,0.432881855,0.408859669,0.798554786,0.16724388,88.6818529,1266.336091,35.58561636,10.24789052,0
1864,2864.358223,26.02674607,0.643408307,0.637039712,0.701389117,0.405843893,12.19706877,393.5791271,19.83882877,7.441128078,0
3783,501.2472889,6.570522588,0.747268834,0.688170248,0.916513537,0.473592005,57.14155219,252.6141508,15.89384003,10.77623206,0
7581,2327.33359,26.59400482,0.463646447,0.447321097,0.837018979,0.20012657,57.90335675,1142.853059,33.80610979,10.36018771,1
503,2425.752714,22.61460856,0.599339977,0.582039748,0.830559146,0.338831661,75.46255384,872.750831,29.54235656,10.6505549,0
9745,2965.888073,27.70222191,0.50463703,0.485896817,0.775455645,0.236200387,77.97413793,1024.698345,32.01090977,10.62977068,0
4446,2830.694942,31.10795595,0.426970544,0.412554912,0.774649032,0.170285784,47.87441481,1052.746068,32.44604858,10.25455805,0
8593,3520.108625,34.55117718,0.410470474,0.394959671,0.73344266,0.156111846,68.37686567,1407.444891,37.51592849,10.40309183,1
1202,246.6159064,5.4374066,0.728332491,0.69526567,0.942520936,0.483403245,15.40184774,212.6843169,14.58370038,8.38677879,0
9682,122.7285812,2.027732507,0.868148092,0.786742866,0.948357487,0.618968036,51.00811474,60.84908808,7.800582547,10.94288557,0
4688,3848.593741,33.3092647,0.518823849,0.50798213,0.729573581,0.258149187,82.19032315,1122.750473,33.50746891,10.5046835,0
3380,1203.444333,16.83039355,0.584557608,0.567640844,0.856108282,0.322247818,26.47986901,596.0854401,24.41486105,8.957067647,0
9097,2501.285752,20.49200835,0.548738757,0.503620072,0.841184392,0.253690811,97.19878194,1074.572492,32.78067254,9.785184706,1
1644,127.2748264,3.116309721,0.808409977,0.775965859,0.92977243,0.602126187,8.789324229,78.31503758,8.849578384,6.62779518,0
6015,240.6203039,4.133971301,0.749511842,0.648371714,0.910242924,0.420397963,26.95073281,115.7834051,10.76026975,10.79100249,0
4958,53.4155165,1.360643513,0.82626291,0.538894314,0.927043804,0.290421072,17.77077455,23.90991132,4.889776204,10.65799831,0
1781,2848.794141,24.55136477,0.564349261,0.537184591,0.788005469,0.288635412,81.0898838,1017.798312,31.90295146,10.48361512,0
7944,521.6547598,6.338928846,0.748332478,0.689578158,0.927519871,0.475527062,70.48614503,258.1771181,16.0678909,10.62189295,0
6242,2813.292593,26.68391284,0.426629563,0.389606139,0.784370705,0.151895426,87.53727492,898.7951972,29.97991323,10.46518561,0
5621,92.04501379,2.680362964,0.750924217,0.617617758,0.936387196,0.381463635,21.68725413,80.03861803,8.946430463,10.23436614,0
1370,213.5616448,3.215046337,0.837805853,0.792194736,0.946129596,0.627577695,52.9553849,222.7615028,14.92519691,10.68953831,1
9746,295.2148697,4.454442154,0.766699765,0.664051805,0.930758454,0.440981523,56.9514133,139.8496092,11.82580269,10.58841309,0
6218,944.2409025,10.83892784,0.637750765,0.577305985,0.879840856,0.333315612,76.23122335,314.2800058,17.72794421,10.70519027,0
1041,986.2280923,11.52958637,0.591686999,0.5192833,0.893791517,0.269680203,69.66432289,382.9787281,19.56984231,10.77535617,0
2382,1393.807394,16.35234704,0.62275109,0.60444788,0.855971495,0.365384457,56.83892511,526.2163785,22.93940667,10.76207638,0
3922,721.2782741,8.164325427,0.679833036,0.624973186,0.923385317,0.390605644,62.44359391,358.6345861,18.93764996,10.54763526,0
9163,645.3876416,8.092651732,0.704335088,0.656340707,0.914925278,0.430799985,64.1830789,356.6976574,18.8864411,10.83096162,0
3377,903.3618185,16.98836601,0.311689549,0.25924425,0.904152495,0.067223646,27.62748627,895.0030749,29.916602,7.7684576,0
5044,2187.589401,20.46843827,0.638852541,0.624500993,0.818598891,0.390044955,77.602646,753.9474963,27.45810438,10.48790828,0
327,509.7687775,7.208596532,0.712102394,0.669484093,0.905802646,0.448231437,49.78699568,295.593498,17.19283275,10.59664423,1
5142,727.9032909,9.385888361,0.729367965,0.700109723,0.894148819,0.490166782,39.43411793,504.5550158,22.4623021,10.17476161,0
5038,2115.210553,22.07440478,0.488378954,0.456992777,0.809887088,0.20891132,64.86543916,885.4206592,29.75601887,10.527361,0
245,1256.99557,13.52304471,0.579704184,0.512035134,0.865205413,0.262224397,80.50406207,474.1854468,21.77579957,10.8178943,0
7492,1891.055649,18.79746279,0.628761754,0.60656445,0.824436826,0.367969535,70.34273537,584.1846634,24.16991236,10.69712291,0
3551,999.2634516,11.63002973,0.763022558,0.756016034,0.87134034,0.571567715,20.44227031,419.9256228,20.49208683,9.525121433,0
3948,2586.999146,26.39380044,0.412410338,0.381697382,0.806202943,0.145760957,75.466966,1098.020441,33.13639148,10.63695671,1
8881,677.7681282,7.685083805,0.7427402,0.704979435,0.914591224,0.49701189,73.38937779,365.7705231,19.12512806,10.8766562,0
5323,2579.58996,32.15097475,0.343754591,0.326681085,0.769182165,0.106763232,27.46376011,732.1106365,27.05754306,9.009568296,0
7116,2171.770569,23.02475891,0.407578489,0.371720268,0.844349837,0.13823941,89.63691769,856.6904618,29.26927505,10.16862119,0
1123,1907.118933,18.95817167,0.618208172,0.59932817,0.846449726,0.359228505,74.21630069,624.1091388,24.98217642,10.61599674,0
7982,180.9909694,3.430033427,0.812825159,0.760411411,0.94210329,0.578231799,25.87436828,138.0085137,11.74770249,10.99051566,0
3815,6312.371642,52.88495559,0.31601674,0.306366798,0.593627555,0.094014526,84.6285545,2516.385922,50.1635916,10.30529563,1
26,797.9606254,11.75315573,0.642949978,0.615120315,0.887055566,0.378389777,20.03338439,398.0937757,19.95228748,8.245530131,0
1504,3667.868833,32.80005511,0.431485609,0.414642285,0.784210209,0.172037171,93.20064571,1419.839862,37.68076249,10.2041898,1
9798,210.2586139,4.684902275,0.653383833,0.556612168,0.930066047,0.309842131,25.94921183,184.7476689,13.59219147,10.29439263,1
2731,2048.061649,20.86394397,0.547841576,0.519223045,0.847975369,0.269637636,83.13217719,767.7403691,27.70812821,10.67068881,0
1028,4551.248229,38.04452631,0.4492332,0.433207297,0.697616242,0.187774342,80.72126756,1526.706651,39.07309369,10.44699695,0
6421,643.5247526,9.877169232,0.640682749,0.595211712,0.900905832,0.354301871,43.54633026,384.5192654,19.60916279,10.51890173,0
5259,4179.354677,34.80959092,0.409605271,0.386660885,0.747239104,0.149649841,93.81054084,1391.589216,37.30401072,10.11857678,0
850,2409.944324,27.24893516,0.463814008,0.447979443,0.816584889,0.200749583,46.98674723,1060.949606,32.57222139,10.1652863,0
2661,1255.34617,15.15203256,0.594619141,0.559229508,0.880305318,0.312761726,53.16559342,948.8682673,30.80370542,10.20504107,0
9060,1363.254663,15.92562296,0.558741704,0.525201633,0.879040321,0.275874951,56.50528201,689.1789784,26.25221854,10.78447191,1
4181,1268.673714,13.96232475,0.56349781,0.503477776,0.862209167,0.253539356,76.678017,438.7821614,20.94712776,10.85462607,1
2001,1276.752248,19.60692931,0.389043211,0.352367326,0.833884478,0.124182542,32.51553002,556.2082118,23.58406691,9.564129878,0
7724,2469.776491,24.03681776,0.650688742,0.642165908,0.655431892,0.412413054,14.83842456,406.4710457,20.1611271,8.072977516,0
3835,123.7459212,2.553668121,0.756938932,0.582095238,0.95695218,0.338844178,43.89155969,100.5822083,10.02906817,11.29818224,0
1942,488.6096546,5.763606411,0.889395244,0.886164702,0.8127368,0.785290043,13.91504603,139.2367037,11.79986032,8.779528065,1
3152,614.6252837,9.217831463,0.627074449,0.576171199,0.9184687,0.331996966,52.3887619,467.5317535,21.62248259,10.46847861,0
6724,3005.023618,26.50400931,0.428527561,0.39208988,0.811139428,0.153815306,93.43720694,1238.36074,35.1903501,9.954015507,0
5933,1718.800558,19.86671422,0.654064691,0.647034427,0.779185243,0.418681901,22.33529021,420.4850919,20.50573315,10.11171355,0
3170,1407.153097,18.06932129,0.592532713,0.577714948,0.864072097,0.33379719,39.04010365,761.1470837,27.58889421,10.01315563,1
8813,643.39258,8.423312732,0.818727779,0.811979198,0.746619801,0.659317845,10.91705459,98.87837488,9.943760601,8.109857223,1
8786,1818.497516,17.04847589,0.546362456,0.491726699,0.844594148,0.241866383,88.63150787,682.4339723,26.12343722,10.73163844,0
867,3818.041724,37.84200232,0.435614178,0.42703496,0.700945092,0.182388094,24.12728267,829.962476,28.80906934,9.171013599,1
3427,676.9281482,9.373324821,0.701797376,0.673038647,0.900664801,0.453000322,30.30650155,458.3628211,21.40940964,9.882665362,0
1125,1220.583889,17.26648311,0.535965543,0.513788711,0.857529044,0.264002497,23.23815924,374.1734683,19.343564,9.497347074,0
7079,691.2512273,9.213817265,0.647201611,0.590837658,0.892705071,0.349114108,43.02400518,374.5078235,19.35220462,10.67976222,0
9526,2430.661674,21.86345354,0.571216192,0.549082508,0.816647677,0.301545878,86.34962913,751.4452746,27.41250216,10.63666558,0
2488,1538.283605,15.75116863,0.673374962,0.659100553,0.873407833,0.434443501,76.49903689,842.5884327,29.02737385,10.62193377,0
3692,990.2629807,10.5011102,0.615264818,0.536797878,0.909709343,0.288172454,74.38118327,574.9242278,23.9775776,10.77415973,0
6345,1463.641546,15.74696927,0.510483579,0.455303831,0.883310474,0.207339094,85.32909184,607.8563984,24.65474393,10.73522467,1
6881,400.6295467,6.790507342,0.557645574,0.43611696,0.937086628,0.190216385,60.62204251,380.5929003,19.50879033,10.76514339,0
2199,3498.865337,29.11069922,0.53724385,0.521052529,0.761949232,0.271591445,100.771295,913.2636566,30.22025243,10.05613572,0
6951,1594.230598,18.68169743,0.623327428,0.610892549,0.832443689,0.373203875,32.2375579,501.1549532,22.38649042,10.06394411,1
2897,1460.942777,13.57057227,0.691380677,0.661488191,0.879876305,0.437619186,80.02714265,778.7685687,27.90642522,10.70471816,0
1572,1615.731047,15.94618277,0.638473016,0.613852146,0.858549214,0.37685326,68.26126717,572.3996743,23.92487564,10.72809887,0
5122,151.6387098,4.053543945,0.630708297,0.520004085,0.96182466,0.270414879,24.84140124,256.5804776,16.01812965,9.936960461,1
8097,232.9197941,3.912209572,0.805289911,0.749721892,0.929969012,0.562088087,41.6566123,171.2233766,13.08523506,10.91826851,0
5020,264.6386584,4.462379927,0.771053973,0.71498073,0.936247336,0.511207514,45.43188109,249.5842971,15.79823715,10.65327303,0
9603,4957.545645,41.06746487,0.387713074,0.373548161,0.702201516,0.13967065,85.51346458,1834.252874,42.8281785,10.25642602,0
285,3939.734738,34.4121074,0.43918095,0.422720762,0.749407979,0.178803386,87.59305469,1361.076962,36.89277655,10.2833176,0
6444,554.3234821,8.472224975,0.662833647,0.613751164,0.925653421,0.376705293,28.91407794,364.117983,19.08187577,10.44710319,1
7320,3044.210682,29.36746048,0.455547352,0.433552725,0.75582906,0.188055208,73.18191632,899.7958876,29.99659793,10.66818001,0
5254,1312.025116,13.04997396,0.53501696,0.46769742,0.905286208,0.218773204,100.4844096,643.0571398,25.35857133,9.704832087,0
8832,450.4918332,8.020433259,0.621506908,0.56522628,0.912057642,0.319505404,37.01794654,299.6188973,17.30950309,10.6335278,0
6563,710.194068,8.180938076,0.671003015,0.594116463,0.916282653,0.35299269,65.81540273,301.0865393,17.35184542,10.58117718,0
2533,2458.950197,22.84594489,0.468531609,0.422291555,0.797659409,0.178419036,88.82157742,942.4151187,30.69878041,10.56676404,0
2393,2179.715743,20.26609694,0.622135729,0.60346068,0.812533647,0.364236609,79.23829164,638.1587666,25.2618045,10.74403009,0
4426,1177.25309,11.6145907,0.697100524,0.672090598,0.903194385,0.45172718,75.90710775,425.3112734,20.62307624,10.66027127,0
4057,3253.244676,26.56219818,0.563402685,0.545794404,0.790241262,0.297977096,102.0754354,987.2645707,31.42076655,9.806090484,1
9681,2323.563691,20.97373741,0.53868421,0.510799022,0.852709777,0.260970145,91.36059918,870.6881253,29.50742492,10.19111519,0
5471,1616.132208,17.53416861,0.566124256,0.534845677,0.869488874,0.286102695,75.91684528,705.5232458,26.56168756,10.79634193,0
2970,2823.043219,31.16125464,0.398838805,0.381873079,0.773269369,0.145882004,40.80196737,1065.689946,32.64490689,9.582388594,1
6239,2549.062214,27.04608451,0.505238448,0.48888053,0.786659457,0.23904765,45.27916052,803.3913503,28.34415902,10.5279404,1
1271,4001.705334,33.85922982,0.440671452,0.422703832,0.753502149,0.178780796,93.551202,1248.354257,35.33205708,10.22507402,0
8431,24.19944872,1.11435674,0.813852167,0.587787411,0.95854402,0.345500373,9.955118275,35.18299714,5.931525701,8.566028683,1
9539,1021.675136,12.0881264,0.567996506,0.495223124,0.892212252,0.245275396,66.15191376,529.9950151,23.0216206,10.75154131,0
417,1325.155549,16.43176356,0.49479576,0.445458651,0.864464205,0.198482478,65.08176133,562.6767613,23.72080861,10.87161915,1
8679,3387.296718,28.8911304,0.491094725,0.470877123,0.779975256,0.221851194,91.09962353,1080.455628,32.87028488,10.24343003,0
806,868.7639578,12.14690507,0.532435606,0.453938728,0.831559154,0.206105723,44.27911473,388.3085615,19.70554647,10.45919011,0
8896,167.6482588,1.960035321,0.960069285,0.958349794,0.637707832,0.918435675,5.414402033,21.58942125,4.646441784,5.355379561,0
2827,2943.765542,31.49756607,0.460655018,0.44995031,0.777037101,0.202512072,45.60367028,1233.210154,35.11709205,9.950159686,1
1349,1462.380584,16.14043487,0.563747005,0.521227722,0.867702125,0.271714156,77.08644998,640.3150705,25.30444764,10.72491068,0
4002,1799.499226,21.25083846,0.516250749,0.493367716,0.83145395,0.243463304,65.33535211,772.2141587,27.78874158,10.71603379,1
582,701.0488799,7.589011673,0.679116682,0.596108688,0.924750889,0.3553669,78.55771636,391.6737416,19.79074889,10.76613876,0
123,2286.717958,21.86448556,0.522934235,0.494680935,0.852079648,0.244764704,86.6465481,922.7051142,30.37606153,10.33027617,0
1228,502.4453019,6.457605584,0.755784403,0.691793234,0.902682714,0.478596804,55.83095737,261.9202716,16.18395105,10.65636295,1
7100,168.7877614,1.999636247,0.920709847,0.899575127,0.947126403,0.809236112,73.59825424,159.9011936,12.64520437,10.44102614,0
6875,2437.593848,26.23974584,0.508201244,0.492989686,0.79445466,0.243100274,59.9792238,1015.972564,31.87432453,10.52252986,0
8175,3916.453095,33.5292861,0.515342647,0.50487149,0.735668181,0.254992952,70.91138623,1406.956249,37.50941548,10.33489845,0
9349,3116.133987,27.4617546,0.394789478,0.342692786,0.795057764,0.117525414,94.79327688,1203.595962,34.69288056,9.825296368,0
6046,1602.761792,16.53300131,0.655820421,0.642027201,0.870111669,0.412235286,81.99131693,655.07002,25.5943357,10.63232905,0
3188,1969.759483,17.95785343,0.63529511,0.612564004,0.849413939,0.375273473,82.42632719,675.4684541,25.98977595,10.6140667,0
3825,56.78513472,0.583223025,0.976972819,0.951545276,0.733901918,0.905439055,5.731403444,11.12107162,3.334827074,6.189896579,1
2741,4381.061508,36.58792931,0.435287286,0.417677911,0.709283358,0.174554939,81.84259162,1492.909277,38.63818418,10.44869154,0
6244,2051.782687,19.14744239,0.501321016,0.456776078,0.862943528,0.208699564,102.4674972,781.3473059,27.95259032,9.690461999,0
2977,3446.133318,32.13949503,0.464244698,0.448865312,0.76918148,0.20156501,72.36080513,1204.515424,34.70612948,10.57319296,0
5982,736.2873775,9.340549986,0.659390057,0.592201852,0.88290767,0.350726743,54.38283962,294.8781332,17.17201599,10.82126453,0
5107,549.0959683,6.556244823,0.678775726,0.58498422,0.930407371,0.342223064,79.61690885,254.7947042,15.96229007,10.92539172,0
1402,3013.16885,33.81640666,0.349211231,0.331061361,0.759454734,0.10965417,32.59079543,1026.73956,32.04277703,8.892827535,0
3758,2103.416507,22.24821387,0.417255104,0.369513308,0.85889427,0.136581265,79.46002831,948.32373,30.79486532,10.47786175,0
9769,1378.448943,11.45855165,0.810021563,0.793510224,0.869035742,0.629675853,62.4884034,737.0702559,27.14903785,10.59953883,0
7522,1122.27859,13.57071624,0.544928053,0.499089654,0.903950296,0.249136499,72.33309886,650.10725,25.49720083,10.64991107,0
8798,1277.909731,12.80097826,0.646893585,0.593248134,0.869623858,0.351982499,79.81088197,450.5497783,21.22615788,10.81924974,0
2861,3882.356034,31.39990041,0.481086047,0.460678633,0.759858601,0.21235293,95.60405263,1282.127294,35.80680513,10.02281082,0
1154,2097.030154,20.20177019,0.528220596,0.490068542,0.838629629,0.240239932,81.36028005,808.1502916,28.4279843,10.6973557,0
1909,1766.105141,18.52938082,0.519119175,0.469871053,0.830012797,0.220837172,74.7265507,669.6327731,25.87726363,10.70303407,0
8250,3437.836329,28.77904661,0.566506984,0.553759322,0.751033045,0.306733445,80.03426855,1111.014993,33.33189153,10.50576567,0
9535,446.4034328,11.72999612,0.2027806,0.11707743,0.923413189,0.013719619,39.82898894,1116.616095,33.41580606,9.058045223,0
2590,1775.984446,17.39774905,0.578744524,0.54378846,0.873693077,0.295750382,85.24348464,699.2274343,26.44290896,10.48411154,0
7442,2883.921077,32.27126048,0.431785166,0.420150414,0.776413024,0.176588009,39.62489159,1013.016275,31.82791661,10.20798456,0
8901,405.0943373,6.113772664,0.775963557,0.746219057,0.924006988,0.556850742,33.16030258,383.0357732,19.57129973,10.47683563,0
5561,2237.648707,19.98485518,0.462551953,0.391114831,0.829105671,0.153045362,95.87348098,798.3663893,28.25537806,10.00731703,1
2725,848.4169146,12.56310087,0.565425332,0.515396504,0.884423266,0.265654762,51.78803562,351.2095123,18.74058463,10.74987218,0
6016,269.8258787,4.13531991,0.823638848,0.719367493,0.795977032,0.517499531,15.59522112,54.77869216,7.401262876,10.36755858,1
700,4073.560256,40.07558758,0.385851871,0.37490396,0.707524507,0.140642105,44.44031368,1492.326716,38.63064478,9.843096689,0
2453,1390.283739,15.46353965,0.643505599,0.614119435,0.857387648,0.377200873,61.24495423,757.4376038,27.52158433,10.47067976,0
3267,1070.820463,15.4696621,0.444824425,0.379205242,0.900019951,0.143827415,42.27680336,878.0058898,29.63116417,9.863395017,0
8940,700.8234627,6.087493561,0.91908277,0.916530148,0.729450504,0.840030925,6.06066494,125.7001734,11.21160887,4.815065457,0
3878,1253.60608,16.7037035,0.513921359,0.481248576,0.882890189,0.231635178,48.65189935,841.9724818,29.01676208,10.44743217,0
3830,2068.261723,20.67294257,0.548589478,0.51682071,0.813113432,0.267160096,75.8746318,692.4139445,26.3137596,10.58825649,0
3887,338.9119058,5.682677363,0.70115169,0.601290952,0.909024922,0.361574269,48.46940242,205.5780327,14.33799263,10.38430254,0
2558,1973.009646,18.90236519,0.53360441,0.478294891,0.844150032,0.22882122,82.79306687,901.0934788,30.01821911,10.71162785,1
2397,355.7964928,6.025973965,0.777462186,0.753252074,0.903875696,0.567399031,13.87173327,182.672539,13.51564053,8.082972717,0
7654,2381.455377,23.16111001,0.519317932,0.494056733,0.816136755,0.244165016,84.34561143,782.3623675,27.97074128,10.67850763,0
527,4477.380022,38.85613018,0.450823991,0.439961245,0.692122387,0.193690413,74.94756351,1487.245792,38.56482585,10.47751609,0
3256,3090.168717,29.01061817,0.472814283,0.454767263,0.787947953,0.206898798,83.73020962,970.2059801,31.14812964,10.51298299,0
7772,360.3041323,5.530157161,0.779786987,0.721118679,0.837017762,0.520016447,9.176215663,62.11895657,7.881558004,7.404326933,0
2833,1922.477357,16.56244394,0.591658213,0.54646788,0.848238026,0.298691287,98.32674276,646.0412726,25.41734197,10.07398277,1
8401,27.12517484,1.062743397,0.830175924,0.675926514,0.966079093,0.45688124,8.637664234,42.72696097,6.536586339,7.378257662,0
3644,1617.927567,16.41321829,0.602778959,0.573899363,0.873214046,0.329397831,73.74241926,589.0094595,24.26951709,10.82936593,0
3221,3626.862955,31.75727267,0.481684859,0.46685077,0.778241375,0.21806062,80.21888228,1415.93649,37.62893156,10.41546458,0
3231,3225.007279,32.38217813,0.437647706,0.423265217,0.767049002,0.179226178,62.4410194,1267.068707,35.59590857,10.57294082,0
3259,3082.460703,28.06873848,0.533982321,0.520019487,0.770431874,0.270494036,74.13158587,1081.372271,32.88422525,10.55355331,0
6289,970.3233315,12.0329533,0.641787446,0.606856218,0.901741255,0.368301949,58.29616931,475.502376,21.80601697,10.91502718,0
2670,1603.245255,17.36937565,0.624461067,0.600822889,0.845311523,0.361012245,50.48721918,763.9728659,27.64005908,10.36263378,0
4367,2231.652015,19.7231795,0.574651516,0.545055645,0.840194067,0.297166451,101.1023451,741.1919641,27.22484094,9.88379031,0
2929,900.8012047,11.45142039,0.615715982,0.577010538,0.891718695,0.332968841,59.77893867,414.9263539,20.36974113,10.6246784,0
9713,2383.802169,27.02942694,0.43752008,0.413579385,0.806172546,0.17109101,58.93544784,1088.529226,32.99286629,10.30691621,0
2821,3501.86848,35.00472621,0.454892897,0.445121395,0.727546735,0.198169363,20.21047694,637.0023505,25.23890549,8.258060877,0
2709,2179.923415,23.65030492,0.609895137,0.602942232,0.812673597,0.363543801,9.217644899,260.2748561,16.13303617,5.984974592,0
9684,266.0195644,4.625206276,0.714792115,0.638066147,0.937836564,0.407132475,12.83718772,153.8805229,12.40485884,7.696014118,0
3255,1225.276821,15.31192104,0.501400636,0.456303828,0.883460877,0.208261593,62.61647368,701.8691385,26.49281296,10.76525342,1
4200,740.6824107,8.348441864,0.750584054,0.71045192,0.907895429,0.504756744,73.450301,474.9189625,21.79263551,10.83292849,0
5992,114.0833465,2.691544248,0.755716648,0.430045963,0.928980468,0.184960487,39.8796066,38.43621762,6.199694962,11.49809036,1
1803,1521.373501,15.63343962,0.644122336,0.622009268,0.874137907,0.386921417,73.57112077,597.8440338,24.45084935,10.67036462,0
2160,1280.877482,18.09894769,0.561632933,0.546626446,0.883584233,0.298812465,10.1690847,245.9417285,15.6825294,5.902129295,1
6526,1429.161878,14.24321845,0.603171365,0.56700427,0.891692844,0.321518893,92.77704176,680.6514468,26.08929755,10.27458827,0
6481,988.6352322,11.26163885,0.566871707,0.484241294,0.905697444,0.234517979,74.82708343,541.2391299,23.26454663,10.79805496,0
7446,1542.560594,16.23466598,0.646293924,0.624045368,0.858995424,0.389465681,69.72347462,618.8406978,24.87650895,10.75987675,0
422,59.18611553,1.666216226,0.827283889,0.694020939,0.923659005,0.481668955,13.07939663,41.26783992,6.424004975,9.783596361,0
9825,1885.19161,21.88012812,0.540662139,0.523199613,0.83332852,0.273859217,45.37661764,855.2841121,29.24524084,9.823498678,1
7691,910.2325551,11.39125587,0.543615962,0.461121599,0.893519029,0.212670448,77.48897319,341.6449214,18.48363929,10.8122315,1
9717,2913.109553,25.70776934,0.503590659,0.475511842,0.811220662,0.226186557,93.66733591,957.6860266,30.94650266,10.15517304,0
277,40.63678146,0.431210512,0.991139064,0.990830591,0.620929301,0.981745643,5.53511335,7.8816134,2.80742113,6.002501578,0
7313,3507.958595,33.55039134,0.42239238,0.402783363,0.741469286,0.162339703,69.15773988,1305.455802,36.13109191,10.52198908,1
7597,2332.392168,28.27046959,0.429055673,0.414782325,0.834088079,0.172101014,39.33248689,1186.620614,34.44736005,9.498213729,0
1859,2935.201467,28.59350925,0.45921332,0.441263314,0.796710669,0.194819715,97.12808658,1023.820551,31.99719599,10.22763719,0
4422,3310.795055,28.68743075,0.541290402,0.522534577,0.765300224,0.273127865,87.10739306,952.277314,30.85899081,10.5531677,1
2456,1543.280911,16.21775637,0.547358439,0.495832187,0.843945921,0.245960384,69.19630741,568.3690794,23.84049243,10.67866901,0
4922,2332.857841,27.94455121,0.416682605,0.396304693,0.790705036,0.157100732,35.39990735,813.7180057,28.52574286,9.496890025,1
1259,1159.965018,14.79671527,0.534889423,0.486176175,0.888785567,0.236402862,64.73683704,671.5013488,25.91334306,10.74559904,0
6159,380.4031225,5.48885489,0.844148554,0.833605237,0.831040534,0.694906055,10.03873083,103.607676,10.17878558,7.287568802,0
5869,127.6896206,2.177044488,0.844765677,0.745020012,0.952224282,0.555058272,51.0184909,85.65356669,9.254921215,10.78929504,1
1675,1084.573711,9.998661997,0.678230917,0.609449807,0.89978775,0.371454774,87.87824007,503.0514464,22.4288084,10.79244566,0
8502,1127.308365,14.70147746,0.422923807,0.361741536,0.905641444,0.130898067,74.95476206,736.0875399,27.13093327,10.73769589,0
5528,639.4529115,9.338914358,0.669117564,0.629798953,0.899283162,0.396672491,45.92956239,470.005243,21.67960431,10.34500039,0
7595,135.1762742,2.414870931,0.846033779,0.778332721,0.946269773,0.605803525,40.73848208,112.5234179,10.60770559,10.92704904,0
9722,2969.746115,24.36227254,0.54560373,0.523953526,0.819497942,0.274603706,97.00638084,1160.344262,34.0638263,9.99562642,0
6740,1818.74909,19.6471608,0.575315929,0.553097006,0.783677426,0.305983165,66.12336067,722.5789368,26.88082842,10.73182326,0
7385,2517.39267,22.35294459,0.491402478,0.45305371,0.835940231,0.205346927,101.5933791,782.469557,27.97265731,9.873155051,0
6654,1214.615571,14.70479846,0.53005641,0.470142069,0.857043926,0.221079441,61.94662325,482.4832641,21.96550168,10.86217648,0
4441,1623.081975,20.6186179,0.558363531,0.545380544,0.868156029,0.297448752,40.75367287,744.0528035,27.27733131,10.19484516,1
2958,113.8368792,2.545659863,0.864852987,0.843013965,0.910289017,0.710675012,11.08883927,91.78522724,9.580460701,7.921174053,1
3995,1810.069488,19.5772423,0.472923697,0.424982804,0.830065543,0.180674962,77.18683606,574.783114,23.9746348,10.79950047,0
8772,1858.818629,16.54446059,0.622510793,0.593088301,0.861627794,0.351787428,102.4684242,576.9002512,24.01874791,9.952824614,0
7404,363.1923892,5.216759741,0.792283998,0.751900954,0.919477378,0.565369321,51.8457471,265.4207983,16.29174019,10.61895998,1
7709,3643.310417,24.37716421,0.605307334,0.521349915,0.840085553,0.271871306,116.114216,1560.566196,39.50400228,9.975625651,1
6371,2427.111352,22.56172982,0.452010187,0.405683597,0.829535311,0.164658009,97.17861886,861.760924,29.35576475,9.774799337,0
6572,1798.432785,20.30725417,0.644548534,0.637058539,0.755067126,0.405870372,48.78821198,661.5808237,25.7212135,10.26553838,0
5389,3118.05667,33.42200412,0.459328668,0.44998783,0.74074097,0.202518823,24.91099204,884.0830623,29.73353431,8.915219705,0
5210,2162.909993,20.91361446,0.5703194,0.543220222,0.833183466,0.29514645,80.77611431,736.4771945,27.13811332,10.72319872,1
1835,58.3373893,1.441264709,0.875110516,0.786877705,0.939273468,0.619181905,24.92102542,51.58058805,7.181962688,10.6966658,1
1071,2077.853015,19.09944417,0.599062072,0.571640408,0.840912748,0.326820234,96.84505192,634.3857518,25.18701554,10.21178277,0
2935,742.7336921,10.92910621,0.482479949,0.376689805,0.881685313,0.141944242,57.47259899,306.5320787,17.50805754,10.57211141,0
5493,1762.056584,18.81575809,0.523683277,0.482885848,0.84862471,0.233231285,80.88635821,610.5092648,24.70848568,10.74206316,0
1869,1931.818072,18.20048796,0.593291131,0.558145987,0.848575652,0.311574176,84.76638571,685.816058,26.18809,10.70533442,0
2727,1016.259109,11.25751777,0.528436566,0.421030443,0.879842131,0.177304595,78.27292216,440.9494251,20.9987958,10.86192779,0
7628,1818.447563,17.44009788,0.615979671,0.590347577,0.845198501,0.348557778,83.82317603,581.7758632,24.12003033,10.727877,1
6842,310.6648048,4.421892566,0.829641714,0.802476129,0.925287156,0.643973627,38.5088155,155.2738698,12.46089362,10.6251559,0
6110,369.5178355,5.010405009,0.806863809,0.741374854,0.912369954,0.549649337,49.19863937,230.428745,15.17987961,10.61725166,0
7808,1348.506077,15.80077583,0.487625665,0.420587366,0.885557049,0.176924856,64.6247094,633.4886267,25.16919996,10.72277808,0
7091,89.42606531,2.396225853,0.80581025,0.668150438,0.933164512,0.446437279,27.18959732,59.18531052,7.693198978,10.76909343,0
2798,2691.026449,23.96293023,0.531767025,0.507603179,0.809121495,0.257735199,77.24116799,949.3856916,30.81210301,10.58609177,1
8133,994.5654528,11.11521136,0.632749824,0.570829481,0.875024813,0.325879047,64.67083368,452.5145488,21.27238935,10.81862832,0
3026,184.3129388,2.143443221,0.960508177,0.957836015,0.585745431,0.917450248,4.532926195,10.5875853,3.253856989,4.512661213,0
1538,2862.838548,25.62008469,0.571788534,0.556819684,0.794438142,0.310102223,85.81348559,801.4500913,28.30989388,10.6631479,0
4542,315.6381072,5.290319279,0.67974032,0.597209127,0.945193388,0.356671853,55.20910754,207.5073617,14.40511582,10.64351098,1
842,559.4419359,9.21072233,0.569373982,0.483740647,0.897242724,0.234028739,33.80123949,406.2817278,20.15643143,9.963538367,1
5111,5158.121712,43.25022919,0.418024537,0.407738196,0.685278688,0.166388575,77.99398913,2242.846347,47.35869875,10.25378621,1
5798,948.1463922,11.76515331,0.638063687,0.600204852,0.899913384,0.360284982,55.17184397,481.6719076,21.94702503,10.87305503,1
9835,3803.935301,32.08462772,0.530841865,0.516887835,0.749574659,0.267270419,94.68903901,973.3865458,31.19914335,10.36849075,0
272,44.04346689,0.5683734,0.971112012,0.952657772,0.926915107,0.907556901,36.83012544,56.28022688,7.502014854,10.91034797,0
6534,2331.910075,21.26612317,0.534534315,0.500228642,0.819924488,0.250286666,83.88316577,762.3644887,27.61094871,10.64907035,0
8359,309.3432047,4.922115666,0.693718703,0.571775641,0.937056028,0.32694313,58.75902649,189.4610392,13.76448471,10.59926406,1
225,2012.148694,17.70672748,0.658409548,0.640042175,0.843559142,0.409699122,84.69870044,755.6476443,27.4890459,10.56557426,0
857,897.8129674,11.27174582,0.584065298,0.522067499,0.903707026,0.272580481,55.04227598,472.5225624,21.7375841,10.90497803,0
3985,1790.620732,20.85844679,0.546107472,0.527570621,0.849567157,0.278376075,57.39512195,813.9551868,28.52989987,10.76966257,0
8790,434.5637986,7.010368678,0.653465502,0.565177169,0.901915658,0.319438728,29.60377843,237.2536669,15.40304083,10.38683115,0
2345,21.67825225,1.042945759,0.826456972,0.649843514,0.954636281,0.422302744,7.041206183,19.08079037,4.368156404,7.033997315,0
2379,433.9187786,7.506198265,0.699280272,0.667622184,0.916124249,0.445734793,37.95876139,311.6686083,17.65413856,10.7743162,0
6248,3208.490842,27.58420182,0.543460737,0.526624845,0.774560659,0.277419353,82.86097571,1082.111415,32.89546192,10.53170825,0
4409,102.7145133,3.230106342,0.584143696,0.371386953,0.924555756,0.137941652,13.97291504,74.20133188,8.614019496,9.077375168,1
9239,467.4907272,6.807149725,0.749957994,0.706545041,0.901079669,0.499226801,49.54564152,273.6302224,16.54177205,10.69939167,0
7516,1393.265098,16.24962324,0.602936032,0.578865979,0.87096751,0.335109859,55.24127547,744.5719734,27.28684616,10.68068034,1
7027,1591.193282,17.13841917,0.591255212,0.564097844,0.862582275,0.318237438,58.15770685,602.503604,24.54594883,10.91988888,0
6688,115.7974048,3.172331728,0.742506395,0.654374149,0.945328913,0.428211817,12.97699082,106.9716272,10.34270889,8.358469118,0
4418,2803.763342,23.96618899,0.519877909,0.484915797,0.826664695,0.235215095,95.0314827,1018.45023,31.91316702,10.08409358,0
1922,93.32541849,2.326317075,0.843855922,0.768018806,0.886583238,0.589864641,10.77930461,40.47717876,6.362167772,8.934104785,1
9688,3493.489125,34.34521635,0.380463867,0.361868751,0.770158556,0.131030609,81.23536888,1104.789061,33.2383673,10.532784,0
4211,688.0589221,9.130264829,0.627205271,0.574809752,0.926737765,0.330424732,63.06986662,523.6640989,22.88370815,10.79869742,0
8018,155.0357529,2.983369675,0.743855034,0.632273249,0.963428043,0.399776475,43.63595488,146.9154187,12.12086708,10.94278592,0
6301,1288.282122,18.36477166,0.483429323,0.451425896,0.869474722,0.203810712,39.10928504,685.9523612,26.19069226,10.26960954,0
4465,3696.236672,34.5785995,0.3895825,0.369787009,0.752723034,0.136859943,80.67147846,1292.899524,35.95691205,10.46384095,0
5518,2302.932445,25.69938906,0.505693617,0.491857414,0.818729919,0.241966376,64.29703718,875.3778002,29.58678422,10.60785599,0
3683,162.3003055,2.900688461,0.828213716,0.774991723,0.958673456,0.600615988,37.59073826,226.4573854,15.0485011,10.69949246,0
1357,2278.312968,25.52403453,0.479852689,0.460066867,0.815834762,0.211693593,47.25259127,1015.125322,31.8610314,9.679283917,0
2499,733.1933527,9.323240606,0.771007376,0.752982216,0.886336649,0.566988335,22.32689736,542.2728713,23.28675313,7.832017473,1
727,715.1668156,8.048803061,0.811282426,0.797127957,0.890103615,0.635420897,50.86115646,369.9989289,19.23535622,10.79511691,1
1465,654.6589228,5.965516117,0.918436842,0.916410766,0.700955221,0.83980997,7.013437729,94.73602273,9.733243176,6.025905172,0
2194,3333.722515,29.69572684,0.420795251,0.381741728,0.76724749,0.145808276,88.34316896,1268.087051,35.61020992,10.29179038,0
5352,482.7150098,6.570847927,0.858116754,0.854466577,0.911152907,0.730113867,8.319226963,138.1012492,11.75164878,5.974975464,0
6212,675.526217,9.664371449,0.525864287,0.418406059,0.914137902,0.175085567,63.8988283,512.9408684,22.64819791,11.0538544,1
7010,394.6856791,7.911309468,0.533221517,0.421485236,0.9058141,0.177677869,42.5700313,210.6997122,14.51549903,10.7263614,0
9379,173.689977,2.786685406,0.907403101,0.901971265,0.872771063,0.813555024,8.480220867,67.10516617,8.191774299,7.107340215,1
7783,919.7240757,11.5099019,0.551433946,0.470346447,0.895801648,0.221262586,69.53937674,544.1824399,23.32771827,10.77224066,0
4791,684.6309259,10.24082195,0.544944962,0.461903757,0.900360676,0.213380306,57.48690458,305.1693159,17.46909602,10.74562343,0
670,1672.329045,15.58128715,0.590810135,0.544550004,0.864059861,0.29658794,88.04796337,589.755401,24.28488009,10.69597798,0
9602,94.54536416,1.756898279,0.853963391,0.733908031,0.93938154,0.538625967,25.57433863,119.1337137,10.91483915,10.08837716,0
9104,180.7355474,3.548579392,0.772667162,0.718342644,0.936987764,0.516025988,34.02669076,155.3029759,12.46206146,10.91172559,0
1223,3682.58109,32.52089619,0.542492226,0.534325453,0.706354662,0.285606777,64.22789073,1525.315242,39.05528443,10.16045038,0
4766,4987.490984,43.99155043,0.36076259,0.34844464,0.670173083,0.12153506,76.855947,1660.682651,40.75147422,10.39074299,0
4955,210.4119972,5.453050681,0.66234255,0.605599009,0.934970864,0.366771005,24.78991195,236.8678914,15.39051303,9.835573978,0
2717,335.7321462,2.856461769,0.958217469,0.955076347,0.531651196,0.912173978,4.867070036,21.07046487,4.590257603,4.816641066,1
4288,1142.891181,13.58489476,0.725861166,0.717850365,0.860046692,0.515319819,19.97071911,409.1417086,20.22725163,8.420380989,0
1800,2285.345848,21.78136016,0.389528019,0.344873428,0.849006335,0.119000184,117.4036156,831.7390577,28.83988658,9.565083969,0
7677,608.5047629,9.78767307,0.585533228,0.52045712,0.887785946,0.270891737,36.75172159,306.8447681,17.51698513,10.77676228,1
903,833.773205,10.56788231,0.745370722,0.732342272,0.900457574,0.536336704,31.05884708,593.5155522,24.36217462,9.519294104,0
4444,3858.876919,33.56754056,0.502194203,0.491053292,0.738734072,0.241234659,78.2138456,1497.738612,38.70062806,10.38649624,0
4294,3226.877028,32.23772632,0.453924702,0.44024489,0.766203256,0.193901206,54.06630706,1221.878205,34.95537448,10.23213096,0
5341,65.3741944,2.020932047,0.782848646,0.560423637,0.957360901,0.314084108,29.8130014,55.52672493,7.451625657,10.93143605,0
3523,47.90750685,0.94701892,0.946946845,0.936225575,0.812511258,0.876519025,5.117818916,9.502413091,3.082598432,5.262938402,0
2576,1506.37428,14.53390438,0.57075226,0.516653224,0.883078184,0.266976919,93.12494337,611.0269732,24.71895979,10.46571609,0
5426,2729.632288,26.28929276,0.495248269,0.472319388,0.787025029,0.223170149,79.22103353,1112.023262,33.34701279,10.52615245,0
4455,2218.299471,22.20926053,0.506189533,0.476219688,0.834364921,0.226851509,70.68099341,965.0035917,31.06450694,10.66710459,0
1186,633.451607,6.507903462,0.816528761,0.789882318,0.911635223,0.623920494,81.20907482,275.0914161,16.58588002,10.74625239,0
4213,1026.953034,12.8516248,0.693379634,0.675357756,0.849735247,0.456141697,46.51286037,513.4865503,22.66024162,10.52961583,1
1168,2960.931291,26.32100092,0.476826064,0.44935631,0.825478781,0.201997583,92.36806604,1186.835231,34.45047505,10.15964384,0
1707,3272.837703,31.6025328,0.475807776,0.462330682,0.774206091,0.213830436,72.82377089,1156.27644,34.00406505,10.63249942,0
3777,2310.750995,22.75698458,0.585139068,0.56840775,0.805653231,0.323139894,67.84907133,731.0850032,27.0385836,10.66945345,1
2309,34.01524501,1.771973688,0.742045829,0.562106016,0.957789235,0.315978116,11.18352206,38.61806159,6.214343215,9.011677674,1
2651,1517.18104,15.02225057,0.583907853,0.546394634,0.894216534,0.298578334,87.65716261,772.2088838,27.78864667,10.47004004,0
5217,134.4625965,2.666384971,0.7940186,0.710018385,0.966320384,0.504132375,47.70402029,128.1293598,11.319424,10.83790715,0
8576,4454.881024,40.61945213,0.378343033,0.366476681,0.722104373,0.134411369,87.67041507,1839.975095,42.89493087,10.36930662,0
5542,21.07678613,0.222641537,0.996054858,0.995560393,0.927191112,0.991140507,20.39905125,86.16390955,9.282451699,10.74454203,0
3628,2194.02226,22.32146827,0.551807052,0.523317704,0.815719102,0.273913755,79.97658017,637.8347143,25.25538981,10.72656998,0
5445,3248.465171,30.11912846,0.518196982,0.504886644,0.760169058,0.254987726,71.27516779,1048.844286,32.38586553,10.58065558,1
6541,264.6857688,3.952710664,0.834280602,0.794835818,0.931175431,0.631769321,44.46873259,139.1399269,11.79575885,10.89546953,0
648,4355.725661,39.71203066,0.398529728,0.386574427,0.692788449,0.149558681,68.61051931,1433.484346,37.8613833,10.45498456,0
926,2722.173188,29.48542401,0.48239288,0.470578034,0.772901286,0.221547062,52.53459934,1086.169006,32.95707824,10.57539446,0
1717,2574.757754,23.33285684,0.565536874,0.54833663,0.825339452,0.300743612,92.40264221,988.4944764,31.440332,10.26581662,0
9786,93.45876588,2.563638923,0.680586351,0.441679504,0.934923611,0.1951002,27.63956271,78.68706527,8.870572996,10.7269164,0
551,390.9010963,5.850500461,0.671856128,0.585811677,0.943244519,0.343190448,55.04365276,244.3844317,15.63279987,10.62861014,1
4954,3000.660689,26.84273857,0.465726873,0.43181388,0.805592468,0.186540968,94.40098573,935.2470963,30.58180989,10.20183092,0
8059,141.2473361,4.156673979,0.661848323,0.564338356,0.928948829,0.318501156,21.65447517,127.217769,11.27908547,10.13127378,0
2496,876.7349598,12.92650384,0.61892062,0.594867985,0.883715522,0.353893754,35.30974552,413.6836595,20.33921482,10.52838798,1
5617,4675.301999,38.97592823,0.426227812,0.413078438,0.717261923,0.170761287,83.7179099,1759.097645,41.94159803,10.34421921,0
8739,101.3586676,3.178850092,0.742575038,0.678103287,0.954965793,0.459839171,17.60666763,147.5317962,12.14626676,9.201444601,0
6854,806.9121096,11.34328413,0.648013465,0.618966274,0.899621777,0.383143481,43.63270902,393.7598647,19.8433834,10.81349375,0
7679,657.425332,8.335753674,0.835249088,0.831525213,0.902753624,0.691437405,21.25730558,394.4539215,19.86086407,9.152162399,0
6071,3394.81092,30.63868892,0.520519514,0.507966735,0.731440131,0.258138303,70.0880517,1220.413954,34.93442363,10.43522098,0
387,1559.228427,17.24947154,0.601371656,0.574635911,0.85036128,0.330252546,64.03309828,764.7805456,27.65466589,10.74999467,1
3637,1229.835666,17.84251095,0.468896961,0.434461931,0.877899418,0.188779597,25.00976968,714.056394,26.72183366,7.622717957,0
5615,1391.890452,15.1579819,0.553922464,0.494955139,0.850050063,0.245025885,76.01018636,503.0553814,22.42889612,10.73878722,0
6652,241.577195,4.273368128,0.735866067,0.658396984,0.951422532,0.433494632,43.12277184,292.3626009,17.098614,10.56986982,1
652,46.58978779,1.61099262,0.736648862,0.578443936,0.981803314,0.334602333,19.51685873,168.0302536,12.9626484,9.513622105,0
4277,375.4816056,7.477821677,0.528488234,0.426698367,0.934498843,0.182095516,44.8841977,318.5767937,17.84871967,10.56311242,1
5946,440.0462975,6.805071621,0.648811394,0.568310717,0.934955084,0.322994079,43.93970126,473.2875887,21.75517384,10.47568646,0
9,1142.536497,13.36589527,0.551174659,0.486170912,0.87728061,0.236394787,64.49797336,480.4985,21.920276,10.6011866,0
3754,36.21376676,1.649571854,0.788213163,0.657439376,0.955954448,0.432234943,13.33645938,47.11254031,6.863857539,9.669103932,0
1969,3609.722296,35.5262285,0.43271181,0.421201002,0.741492492,0.177493989,73.6530311,1539.060003,39.23085524,10.50508324,0
8083,3005.926258,26.1669395,0.439564821,0.400778204,0.803101142,0.160706206,95.25898842,1105.569787,33.25010958,10.01075263,0
954,1885.990274,18.70456169,0.603674399,0.577224756,0.826142628,0.333244141,67.32018985,638.1907323,25.26243718,10.68844376,0
9220,19.41183786,0.455433417,0.953568666,0.854358572,0.752564675,0.729933003,4.891345931,2.780769067,1.667563812,5.167788123,1
7534,3385.799337,34.51654441,0.436003662,0.42442119,0.724828955,0.180213799,51.01122888,1239.79639,35.21074253,10.25403023,0
1879,4048.255814,35.63993463,0.424725694,0.408568003,0.740406358,0.167046051,84.87330558,1323.407793,36.37867223,10.43230878,0
9891,96.95743198,0.853467558,0.986957288,0.986303948,0.51524119,0.972796328,4.835409455,12.15559181,3.48648703,4.91187468,0
9382,1152.709481,13.6530568,0.598344812,0.559000762,0.872486372,0.312527341,60.12774979,540.8873324,23.25698459,10.83802779,1
2193,945.6573676,11.11832413,0.584194042,0.516100863,0.904706132,0.266393687,73.20319656,551.9595813,23.49382007,10.80024161,1
1107,8.740111361,0.074441807,0.998697598,0.998652331,0.506236299,0.99730648,4.202707775,0.922447184,0.96044114,4.286465109,1
9554,1813.700207,17.47929904,0.567785233,0.528292182,0.864794928,0.279129229,90.43039489,653.2279145,25.55832378,10.47516442,0
4629,1564.210085,17.30140514,0.703454108,0.697860894,0.81549219,0.487028405,10.10728288,290.9967829,17.05862782,6.174458471,1
399,271.163454,4.944368734,0.700767051,0.594532958,0.91436333,0.35348776,39.41513251,143.3997467,11.97496333,11.05172764,1
5812,3867.21577,35.55388103,0.436926735,0.423397792,0.721080895,0.179390738,72.84227999,1345.509524,36.6811876,10.5232748,0
6836,87.08637683,2.390238851,0.77558288,0.674877343,0.958849705,0.455466748,18.47099212,152.3483339,12.34294673,9.140883178,0
9376,995.6516501,11.93389779,0.640604047,0.599969094,0.884749848,0.359986456,60.1199426,483.8348185,21.99624556,10.74433369,0
1356,59.01604745,0.818008573,0.926936562,0.835545084,0.83141695,0.69813903,8.692578877,21.01344663,4.584042608,8.103193136,0
566,1419.999899,16.347544,0.614356524,0.588390353,0.842923941,0.346235527,56.18727075,507.1373268,22.51970974,10.76000285,0
1295,266.6555111,5.204578578,0.684174597,0.556619132,0.905349758,0.309840792,31.10458055,176.1306869,13.2714237,10.95155424,0
6231,808.4838333,8.999639877,0.644124206,0.573114707,0.919206817,0.328484047,70.89620243,456.6251008,21.36878801,10.78070317,0
7421,1564.586752,19.03692577,0.532858189,0.507010953,0.870334656,0.257106457,60.15202296,824.0473455,28.70622486,10.45400736,0
756,3948.44643,36.65007178,0.426613275,0.412633618,0.756288629,0.170462873,61.39774212,1384.961856,37.21507565,10.50915931,0
3746,3034.482244,29.56300829,0.460663261,0.445026406,0.807068726,0.198143738,89.04800692,1147.432354,33.87377089,10.30037101,0
4454,1063.328989,14.43349385,0.476301238,0.422574402,0.909628325,0.178600389,50.2210777,994.0750655,31.52895599,10.17667489,0
2336,1036.677426,9.603161158,0.655762722,0.579805956,0.911355684,0.33619709,94.05031395,455.6295736,21.34548134,10.68168513,0
4911,72.00118457,1.566949383,0.864711382,0.728384195,0.927893107,0.530547584,24.03542586,28.60240975,5.348122077,10.76525913,0
5272,1080.282304,18.2421157,0.418124014,0.389283663,0.896533031,0.151559948,32.69895352,895.3597239,29.92256212,8.694379596,0
5941,1313.02015,17.01428553,0.567463981,0.544771699,0.87592339,0.296787789,22.95332949,474.751382,21.78879028,9.048540902,0
1752,1045.958118,11.14342848,0.662214348,0.622405766,0.913008943,0.387409046,83.20042553,460.5406807,21.46021157,10.85946627,0
4950,242.2270364,4.434051034,0.767008279,0.711272768,0.935953014,0.505926116,38.32875492,135.0767806,11.62225368,10.82326217,0
8229,657.8926822,9.240975796,0.521522479,0.432662461,0.936459743,0.187218626,57.11484332,576.1015444,24.00211541,10.85638925,0
2339,856.1571784,12.3099245,0.578966518,0.532223987,0.902838659,0.283281799,35.80037775,660.7016629,25.70411762,9.570092991,0
9066,865.7608944,7.515915002,0.895688172,0.887709445,0.512393008,0.788040879,6.293935626,78.3748534,8.852957325,5.612689134,0
8295,709.6383995,7.499638961,0.881171514,0.878345591,0.730862655,0.771497204,7.642192579,110.027842,10.48941571,6.442040663,0
2166,900.7947381,10.46887096,0.701328061,0.671434708,0.901202686,0.450863443,62.86685299,497.9750341,22.31535422,10.89447723,0
3608,181.317567,3.820166694,0.732531015,0.608760213,0.898899482,0.370602541,19.97614393,86.08544038,9.278223989,10.3084244,0
3421,3014.261201,28.29444648,0.504159729,0.488352992,0.793927385,0.238597847,82.61235645,1027.117854,32.04867944,10.49400599,1
4770,1561.226869,15.82708521,0.663561204,0.645626379,0.847808105,0.416867361,56.91669749,540.4215581,23.24696879,10.67803094,0
9511,661.3918412,7.914153872,0.572941452,0.454511602,0.932679118,0.206606386,93.27357405,364.2159997,19.08444392,11.03349166,0
922,414.0481215,6.083236629,0.6954106,0.605006871,0.920465301,0.366050287,57.92719742,192.5420732,13.87595306,10.79942885,1
276,384.8647819,6.247128008,0.702725335,0.63919536,0.917317637,0.408608253,53.98343164,183.6014462,13.54996111,10.60200038,0
6038,233.7484677,3.718815024,0.842562017,0.812084126,0.935864551,0.659485139,33.56059179,461.4251116,21.48080798,9.477503371,1
7992,3652.120573,27.48390085,0.57460871,0.545236861,0.791833832,0.297374965,109.0124053,1157.310395,34.01926505,9.84278211,0
1928,1481.40555,17.30991029,0.576806738,0.549089186,0.863143129,0.301582933,46.15246637,775.3754301,27.84556392,10.49338484,0
5978,3512.31515,31.77175324,0.497901867,0.484307282,0.760801101,0.234670239,82.06657152,1079.685085,32.85856183,10.45030067,0
5438,3448.200395,34.40128851,0.477683744,0.469187647,0.718304387,0.220163177,42.34644607,616.3233921,24.82586136,10.68621034,0
1274,314.965542,5.250538212,0.756692724,0.700549384,0.921691497,0.490781281,33.1467121,219.5332622,14.81665489,10.79708167,1
1335,2787.014115,27.11030905,0.526998462,0.511544801,0.788167993,0.261737671,58.09559584,769.6558486,27.74267198,10.56079913,0
4003,309.7905306,5.150018024,0.842237549,0.831985756,0.885353383,0.692220124,9.791778637,114.9229788,10.72021356,6.967376869,0
4974,325.5300142,4.813710007,0.77222067,0.713492121,0.926831623,0.509082946,39.76528903,231.2027647,15.20535316,10.70107665,0
8608,67.09100881,2.149298439,0.787954016,0.625989304,0.94318409,0.391886118,23.60266315,80.61338784,8.978495856,10.22110279,0
3640,660.2728123,8.258754103,0.843317522,0.839306537,0.763913326,0.704449367,11.40986905,114.8276619,10.71576698,8.632082407,0
7929,4920.417154,40.43066646,0.41693147,0.40396437,0.681784786,0.1633501,82.06771761,1983.071093,44.53168639,10.18935369,0
8601,182.8290302,4.246580074,0.677076876,0.581017686,0.95248346,0.337592573,38.8050543,233.3154214,15.274666,10.7453143,0
1683,648.9020911,7.756631556,0.78220891,0.74986981,0.911081351,0.562320153,51.32417815,422.7654653,20.56126128,10.85104239,0
9750,3287.082423,26.99284052,0.577400979,0.560990807,0.751428275,0.314796181,91.06735415,1260.195902,35.49923805,10.37195855,0
2738,42.58068237,1.777319449,0.707160443,0.465281228,0.957780774,0.216498448,10.30619932,52.55123282,7.249222912,8.183064371,0
4128,3575.213855,30.17558269,0.462705932,0.442743371,0.781907119,0.196132304,108.601881,986.4601415,31.40796303,9.846327874,0
5713,3665.364329,29.93008311,0.521299375,0.500758308,0.749029256,0.25086699,99.42403235,1079.388165,32.85404336,9.88749988,0
9994,685.3983173,10.40146461,0.54582792,0.473008951,0.926723456,0.223758637,49.81667679,418.4300925,20.45556385,10.85670828,1
6971,4737.232001,39.07721465,0.437729686,0.425184319,0.726673076,0.180912962,81.75326457,1931.931195,43.95373926,10.33041843,1
3676,1451.719694,15.41033134,0.586821482,0.543475274,0.87903891,0.295394515,88.79465682,436.8975822,20.90209516,10.79865286,1
2281,49.5730736,0.714906884,0.981172864,0.979861342,0.948901897,0.960128401,5.49946505,26.37634983,5.135791061,5.499256578,0
8839,1513.257707,20.19465048,0.554927836,0.541544959,0.852297569,0.293285529,15.05258237,350.516959,18.72209815,7.833175447,1
7401,75.29856598,1.639841008,0.874020069,0.809539746,0.957006127,0.655357292,35.78883963,67.45738347,8.213244394,10.89279808,0
6610,590.4705351,8.496626127,0.721928401,0.695550111,0.885824521,0.483803197,36.32940027,258.7089918,16.08443321,10.7471982,0
6818,2084.510644,22.72283449,0.453833885,0.419443697,0.83990808,0.175996272,72.04630131,950.5392295,30.83081623,10.74471904,1
2142,1558.7915,21.09169933,0.428731973,0.401190355,0.879988948,0.160990498,50.6394959,1096.860209,33.11887995,10.16197301,0
9238,1369.723531,14.57786622,0.564430352,0.517319052,0.874414908,0.267655889,75.67540597,534.8067316,23.12588877,10.70952863,1
5110,1563.043026,17.67506057,0.57586638,0.543845455,0.861844924,0.295815726,68.28567107,581.3521921,24.11124617,10.83022598,1
6941,2479.537468,22.22624132,0.573282635,0.548140293,0.806819125,0.30054062,83.36489308,787.2009242,28.05710114,10.7275064,1
2904,581.1763459,8.239804929,0.603645058,0.519765651,0.909737071,0.270186678,68.45206291,317.474782,17.81782203,10.84236892,0
6683,3563.065359,30.55728135,0.492438218,0.474801545,0.774920147,0.225537266,86.68155211,1266.301537,35.58513084,10.4580427,0
3110,1173.700935,14.79183417,0.591029979,0.5621926,0.854780394,0.316089101,50.68225207,549.0721652,23.43228894,10.61315229,0
2365,319.0880415,3.890397686,0.918487673,0.914596938,0.792630024,0.836489075,19.92611306,189.8335106,13.77800823,9.608190961,0
3583,1837.880901,19.20338391,0.640565343,0.628503684,0.841255047,0.395059006,59.85357599,701.4940146,26.48573228,10.70389824,0
3053,1390.735623,16.74931801,0.452636901,0.398159471,0.877610194,0.158571755,79.4365015,638.7650696,25.27380204,10.83037403,0
4370,184.9321922,5.159735897,0.548611613,0.428986607,0.953040789,0.184045374,29.08058198,233.291436,15.27388084,10.63913861,0
5041,512.7632966,7.297803654,0.756748417,0.733628698,0.914559683,0.5382177,23.1590689,410.1670292,20.2525808,8.757430135,0
557,2441.839883,23.71154696,0.502840773,0.473370164,0.805856404,0.22415424,74.25463452,863.4315593,29.38420595,10.68329726,0
3235,3951.541949,39.94450109,0.368878252,0.35703625,0.711978135,0.127567945,37.85869433,1389.753553,37.27939851,9.155253679,0
2078,201.8550597,3.114469079,0.883481271,0.866368517,0.89538854,0.750596833,25.95758322,111.3393382,10.55174574,10.66296076,1
6091,1599.721869,17.61789649,0.54906106,0.520942247,0.877733677,0.27142399,75.15977182,729.04149,27.00076832,10.77230625,0
5034,1837.284729,19.73696318,0.64703211,0.637916427,0.797203022,0.406960861,15.30348785,362.0831178,19.02848175,7.57350113,0
7393,1343.014583,13.1977083,0.70628224,0.686251263,0.885201579,0.470962014,75.1919812,615.1142236,24.8014964,10.61939112,1
3773,1361.784414,19.07793831,0.483287847,0.457626314,0.854346467,0.20944406,20.69872292,458.2478392,21.40672416,8.497039451,1
1193,2658.148636,25.53593675,0.614082576,0.606842963,0.764489907,0.368294144,71.76680672,675.9079614,25.99822997,10.58240234,0
668,740.8998533,9.141196024,0.645127092,0.574282687,0.903152098,0.329828857,58.21802725,374.7267276,19.35785958,10.77893501,0
7853,441.8121932,5.199956851,0.822274903,0.79293748,0.912520654,0.628760133,58.1696547,269.5797586,16.41888421,10.57148755,0
7777,1195.925859,13.9603546,0.632140336,0.600553529,0.888042208,0.360694143,53.14475511,565.4885443,23.78000303,10.77965085,0
7824,1488.940969,15.7627635,0.623792647,0.59594406,0.854234504,0.355188011,73.12498521,549.3511677,23.43824157,10.61189991,0
9069,481.6453184,6.608208158,0.74402504,0.700989242,0.909017108,0.491411386,66.13161161,226.1387021,15.03790883,10.73082363,1
7613,2610.743588,24.29886849,0.499852129,0.467702591,0.801028062,0.218831982,88.56274992,965.3667446,31.07035154,10.49836589,0
3506,404.8169726,5.668857068,0.831108909,0.816428539,0.938121815,0.666560752,29.33472159,336.9658851,18.35663055,10.69162521,0
4387,1574.205401,15.97041716,0.529864232,0.484076215,0.891792881,0.234361998,87.11327649,733.3799577,27.08098886,10.4569834,0
9118,1073.452241,12.61447804,0.726246863,0.70979096,0.880143384,0.503821323,43.1992908,634.3445104,25.18619682,10.58569508,0
3883,3473.145165,29.46776969,0.571786132,0.561588594,0.767449307,0.315515512,72.02465654,1381.238424,37.16501612,10.42845478,0
8888,74.48864865,2.535358198,0.677365366,0.503567287,0.956671287,0.253593326,19.72084517,115.2531598,10.73560244,9.821024367,1
7076,1931.391557,19.05247254,0.540079846,0.507264643,0.853544416,0.257380849,81.19915562,717.8714956,26.79312404,10.6505758,1
3222,1816.900329,16.92160776,0.601903458,0.566382999,0.856866121,0.320837683,81.36300664,813.623473,28.52408584,10.67349589,0
12,327.4518968,6.473065295,0.551066592,0.410696609,0.932537494,0.168696139,37.07047674,442.5031893,21.03575977,9.751051137,0
8170,933.0502692,10.73281382,0.685769839,0.656451671,0.913394338,0.430950532,71.53739316,378.5739775,19.45697761,10.6516476,0
884,290.176548,3.48405681,0.934637064,0.932982448,0.824898775,0.870461679,8.656629702,87.05355649,9.33024954,7.136922737,0
4259,1055.864371,11.99639094,0.560725805,0.486579551,0.88776279,0.236797229,73.17153846,510.0528822,22.58435038,10.8371512,0
8721,3042.434743,27.29435917,0.525958506,0.506879282,0.802051588,0.256987562,85.62066471,901.3008707,30.02167335,10.43671106,0
4834,1892.322226,18.17788777,0.51984784,0.470636741,0.842060176,0.221559871,78.85534009,764.2937782,27.64586367,10.67602178,0
6043,131.2448131,2.580955058,0.841321267,0.769891719,0.929218179,0.59274177,39.12616316,94.28844869,9.710223926,11.23492262,0
8933,620.0867619,8.483400198,0.728304927,0.700658919,0.923962418,0.490931105,33.90573484,571.294935,23.90177682,9.989640834,0
2222,522.6716961,7.456769494,0.625224647,0.528751217,0.917100149,0.279617631,70.47712448,151.0547311,12.2904325,10.69938991,1
6160,1243.547375,14.23023544,0.64564241,0.62301066,0.892019564,0.388160647,58.37177454,553.538599,23.52740103,10.74774865,0
1699,2689.140928,24.41921186,0.499314968,0.472306349,0.832001391,0.223145973,96.55128637,963.3889903,31.03850818,10.0056488,0
5049,2500.427642,22.93278891,0.448226047,0.400354655,0.827755705,0.160358555,95.2719308,930.593855,30.50563645,9.918543802,0
9567,80.91523213,1.246744905,0.951910114,0.943094611,0.738697853,0.88942868,5.185234015,9.690803719,3.113005576,5.380498981,1
7854,788.1362232,9.282772342,0.648927359,0.575116037,0.896336971,0.330788799,69.41024049,374.8943709,19.36218921,10.94040088,1
4993,1423.177102,15.81703423,0.657592659,0.638804464,0.854425906,0.408126589,55.31969461,587.5811398,24.24007302,10.79208634,0
7682,622.5706015,9.353688922,0.672914582,0.627367591,0.901760107,0.393606951,28.05779436,424.3253147,20.59915811,9.536636472,0
520,77.90750556,0.894456643,0.982594554,0.981800351,0.669699989,0.963932379,7.382194564,23.00345741,4.79619197,7.452624054,1
4700,1966.582863,13.3313618,0.820725545,0.78351488,0.835059233,0.613922162,88.7913944,1058.585383,32.53590913,10.24374379,0
8619,1785.612476,20.96967876,0.538153735,0.516708792,0.849267001,0.267046177,56.13914063,914.965265,30.24839277,10.47713335,0
8607,2038.332676,21.70193003,0.564643535,0.547467975,0.812281684,0.299772286,66.87952575,618.5791881,24.87125224,10.69110469,0
6731,1741.532545,20.20481686,0.598318544,0.586218252,0.831022862,0.343682771,47.7722326,597.3899721,24.44156239,10.63340189,0
6409,2221.849783,24.31535656,0.516824613,0.500499594,0.833136518,0.250560771,55.8810223,1076.697003,32.81306147,10.37712973,0
8331,4734.598169,39.82462248,0.419651012,0.4074611,0.702360993,0.166168593,81.81503799,1824.15882,42.71017233,10.3564757,0
5204,4873.259909,40.8170888,0.425974304,0.414601238,0.685780648,0.172012115,83.32695516,1696.450608,41.18799107,10.31098051,0
5126,2752.652628,24.91363192,0.50719372,0.476167062,0.801832584,0.226796366,90.89649047,999.740498,31.61867325,10.43971328,0
693,2071.766674,22.90803452,0.550406631,0.536619217,0.835639124,0.288010677,50.08483637,940.8797601,30.67376338,10.28292031,0
1532,3904.260477,36.56602229,0.408862769,0.394534625,0.725131373,0.155757304,67.06450183,1194.537677,34.56208439,10.54167434,0
3505,1678.38211,16.89463801,0.622044559,0.591303492,0.866812802,0.349690844,66.82694301,692.3562609,26.31266351,10.66879546,1
4606,2898.782761,25.40401571,0.597188435,0.584468521,0.779008914,0.341668851,80.27852362,971.7871032,31.17350002,10.61115871,0
7876,2602.572218,23.39388848,0.528308246,0.505146234,0.823970362,0.255264779,104.4654057,803.4308477,28.34485575,9.847153082,0
7033,1040.238812,11.33703006,0.582648077,0.514069238,0.906262416,0.264299408,74.33038771,426.0969604,20.64211618,10.73064784,0
2341,1377.86919,15.95942258,0.592152843,0.56049214,0.839256451,0.314203684,67.39489546,453.6370492,21.29875699,10.72439447,1
1788,1287.163901,17.2041182,0.469439169,0.427131701,0.869978975,0.182490609,48.3647792,675.2276324,25.98514253,10.48556801,1
3562,2286.397836,25.02638431,0.453329874,0.425265264,0.826415019,0.180921626,65.98741504,1011.68235,31.80695443,10.44331963,0
1721,3348.951756,26.04172442,0.469421806,0.436692763,0.811398783,0.190790717,108.6681612,1157.550911,34.02279987,9.798827347,0
7722,2120.353823,25.170561,0.484778377,0.469255939,0.776805267,0.220255687,40.02003331,811.6968459,28.49029389,10.05730787,0
6028,1035.863721,10.25038092,0.84530958,0.842696779,0.800149556,0.710138636,25.50486582,288.5457593,16.98663472,10.17717999,1
3319,1112.863268,15.74468707,0.469787761,0.421727633,0.846288814,0.177885546,25.53031061,540.7170482,23.25332338,8.502861923,1
2922,1279.593823,13.96600594,0.528046847,0.464854331,0.888198116,0.21612107,72.64320572,602.4625253,24.54511204,10.83119736,0
5134,26.37628655,0.33229808,0.99266079,0.991605993,0.946324235,0.983282467,9.626114778,39.0490797,6.248926283,8.622688577,1
2077,651.2850289,9.238231831,0.783238235,0.77442974,0.775930055,0.599756144,12.64571771,108.8272149,10.43202832,8.670834393,0
2487,3090.946286,27.77306653,0.543052696,0.528677188,0.792936203,0.279581907,84.87780235,1032.578537,32.13376009,10.50577141,0
6310,495.3409139,6.681022354,0.778940244,0.740776849,0.904702219,0.548767728,54.09593528,256.9704237,16.03029706,10.73770552,1
1513,2752.303563,25.00865688,0.547139376,0.523467826,0.807180643,0.274068306,79.51896208,838.7112949,28.96051268,10.54436498,0
7030,2951.56818,27.21059935,0.468630198,0.444502068,0.802594567,0.197676783,86.43585378,1003.121198,31.67208863,10.31743545,0
9608,4441.975496,37.173562,0.410712679,0.393734404,0.734130591,0.155139821,94.35044044,1505.38362,38.79927345,10.18129957,0
2015,2533.566951,26.01365846,0.539585002,0.527394156,0.799935904,0.278186437,54.00668319,696.7725056,26.39644873,10.6248005,0
6109,1202.923928,12.29946905,0.713951582,0.691980915,0.871410987,0.478859028,73.7716987,491.05685,22.15980257,10.70157737,1
8107,2635.731339,28.07152906,0.511827364,0.500786695,0.801903771,0.250906373,47.78732069,1251.326323,35.37409112,10.39350655,0
3605,1702.553338,22.82630325,0.428527241,0.402273945,0.797778882,0.161854107,27.87056088,563.9505225,23.74764246,9.24623599,1
6656,4228.076239,39.05005417,0.401823034,0.390239871,0.743760883,0.152382973,82.71527193,1688.143154,41.08701929,10.43275869,0
7139,1006.78105,10.81704742,0.729239047,0.708178558,0.888037845,0.501549949,73.32578096,423.0696969,20.56865812,10.71892231,0
1503,3088.824209,26.79426104,0.515046229,0.491178387,0.78188897,0.24144108,93.69983724,793.6801799,28.17233004,10.30650405,0
8209,4011.925977,35.19848574,0.391356861,0.372382204,0.766807664,0.138758184,86.61873536,1388.455106,37.26197936,10.40466928,0
6705,586.2616021,7.525157225,0.718565157,0.671043492,0.917220932,0.450317429,61.8591529,308.9147894,17.57597193,10.72641564,0
5307,1591.859671,15.69120249,0.675478058,0.658736851,0.858474828,0.433969126,69.4979506,647.682039,25.44959801,10.74932588,0
2418,2825.75279,28.05198455,0.463110177,0.444213274,0.801447984,0.19746163,76.45704364,1043.233811,32.29913019,10.60640361,1
1758,932.0779959,13.91024087,0.588260937,0.56199766,0.873660816,0.315873557,26.30549199,503.2239473,22.43265359,8.974573513,0
8169,3231.390603,27.23097592,0.470375799,0.443415663,0.806124317,0.196695155,102.2780224,1045.093393,32.32790425,10.0235995,0
5903,3672.65297,34.65459499,0.433401037,0.420520047,0.766385227,0.176947879,82.3637893,1644.714256,40.55507682,10.25066961,0
9394,420.6528348,9.301098836,0.415682028,0.324358953,0.960458299,0.105219181,27.41869768,767.1538277,27.69754191,8.424452818,0
332,1789.043958,21.23248494,0.501961329,0.468137276,0.861794584,0.219181307,46.36633065,925.7055196,30.42540911,10.21100963,0
2632,4365.055495,40.8561037,0.367369869,0.352838385,0.701935717,0.124595661,63.17896024,1641.524915,40.51573664,10.31136661,1
1863,3779.843181,33.30679251,0.467214293,0.452102654,0.753589538,0.204501961,81.12810848,1267.850487,35.60688819,10.42007587,0
4383,322.383996,5.953140419,0.590823873,0.440714231,0.910380023,0.194240088,36.75919238,186.2825129,13.64853519,11.10222551,0
9078,2615.857068,21.98500994,0.536162183,0.49053553,0.821087898,0.240691206,100.2646675,917.9143057,30.29710062,9.720799696,0
334,3276.09934,28.8345265,0.443225668,0.410184202,0.782709706,0.168341595,83.81936354,1240.841642,35.22558221,10.38755219,0
1201,4237.034092,46.61514703,0.204273329,0.189780906,0.637446832,0.036048112,78.01866394,2148.613513,46.35313919,10.27666669,1
5503,35.79506316,0.462437028,0.988515257,0.987802143,0.945210475,0.975753107,16.28178416,43.9910943,6.632578254,10.77484099,0
9322,507.7285137,9.488269109,0.498849081,0.421631919,0.920078097,0.17779318,43.81678746,357.2811699,18.90188271,10.71808269,1
4123,2299.679717,22.42690519,0.629571266,0.620124295,0.802261797,0.384580046,57.9029156,741.6582502,27.23340321,10.59934151,0
79,379.6999262,5.588704389,0.755571161,0.706624636,0.93451203,0.499330654,53.6005952,259.5355412,16.1101068,10.76362533,0
8677,3909.118166,31.33343757,0.470243083,0.430249285,0.788120179,0.185225854,101.445367,1336.972927,36.5646404,10.05499943,0
5949,2074.01827,23.99411789,0.499609584,0.480668952,0.748659057,0.23107251,22.76203799,495.4941521,22.25969793,8.754815099,1
1579,1521.908521,19.05811315,0.490986894,0.453347149,0.844849137,0.205567201,48.199959,784.3150436,28.00562521,10.45615354,0
6628,4740.791434,39.69781423,0.454720715,0.444853028,0.706776289,0.198029821,86.09326298,1877.739262,43.33288892,10.39507572,0
9171,937.273705,11.15382374,0.661379824,0.623719108,0.906642009,0.389051472,67.3241735,560.1775194,23.66806962,10.69543517,1
2371,1478.157962,19.33497898,0.587367842,0.57682437,0.832343332,0.332750035,17.56601416,377.5294405,19.43011684,8.044948695,0
1715,2917.869585,26.78745862,0.536508207,0.513693281,0.763685459,0.263970988,80.08865716,1048.270255,32.37700195,10.58210927,0
279,2578.813681,28.19757459,0.428526859,0.408410752,0.821520813,0.166859467,57.62137641,1146.118206,33.85436761,10.43701008,0
7461,2537.485142,24.64421555,0.546095126,0.526294672,0.792251637,0.277076395,66.86084227,900.9835996,30.01638885,10.71115059,0
132,1041.074735,13.52549607,0.617765102,0.585829923,0.860762819,0.343225866,40.73215375,460.8883967,21.46831145,10.6013303,0
5686,663.319535,9.122225733,0.704510921,0.661111562,0.905368267,0.437079715,22.7554611,446.5682547,21.13216162,8.581114161,0
2174,1053.580397,16.44546643,0.454829269,0.412945203,0.913713596,0.170541563,18.72819625,588.9380131,24.2680451,7.030217196,0
2398,2145.92243,26.54283541,0.473893489,0.461388603,0.822880496,0.212916996,17.649451,518.7812431,22.77676981,7.731285371,0
7051,1339.609625,14.90106686,0.627645258,0.597716181,0.847517054,0.357325229,68.65770968,483.6909301,21.99297456,10.80806642,1
4685,1271.534343,11.59504239,0.652986896,0.576263212,0.893069131,0.332111087,87.90969045,536.7429674,23.1677139,10.70513972,0
9540,446.0515591,6.085243902,0.683088471,0.579936472,0.920734535,0.336348032,65.2490393,228.2193314,15.10692991,10.6974809,0
3762,2694.9048,26.24978864,0.415292772,0.373520992,0.808733176,0.13958402,77.92466448,975.2963824,31.22973555,10.60983062,0
283,1648.25606,15.4265962,0.621808114,0.579785836,0.875828168,0.336195886,85.6030208,525.7422162,22.92906924,10.73569656,0
5135,841.8300644,10.98197265,0.63367308,0.584368731,0.882640482,0.341511758,48.67200229,332.0111386,18.22117281,10.65098323,0
4677,3247.554644,35.24600098,0.414060929,0.403289061,0.741720686,0.16268295,38.15250158,984.0157713,31.36902567,10.12429205,0
1285,3309.529064,28.16877102,0.557092945,0.543688862,0.771683283,0.295676623,84.09000168,1084.486867,32.9315482,10.49301779,1
6356,79.5885912,1.809804487,0.85646483,0.707986024,0.92834173,0.501253089,29.70835643,54.11401554,7.356222912,10.73980786,0
4800,4238.728477,40.49029914,0.370370289,0.358124202,0.711958679,0.128360411,66.12586073,1770.222708,42.07401464,10.22905737,0
5579,244.1638703,4.755690039,0.664162286,0.555643897,0.949489992,0.308750846,38.46934137,226.115412,15.03713444,10.87369629,0
9182,1469.76086,15.5540047,0.530551197,0.468171446,0.8513773,0.219236165,79.51573874,551.5711176,23.48555125,10.76901436,0
445,3105.025366,30.20092561,0.469247321,0.453573369,0.787400874,0.205870843,64.72122107,1041.837595,32.27750912,10.61855997,0
9219,628.3140797,8.185638399,0.642286899,0.563517064,0.905465016,0.317585042,62.12930562,308.7067085,17.57005147,10.7062369,0
1986,2336.992896,26.14564269,0.510218612,0.496884485,0.777370467,0.246942569,35.75026755,757.2916424,27.51893243,10.19995292,0
4255,875.7679115,11.87202012,0.735773762,0.728127945,0.881945813,0.530175241,12.82139604,273.3796589,16.53419665,7.417849628,0
4189,3612.909572,32.5989713,0.460441184,0.444849331,0.776995209,0.197994777,92.68936935,1168.070034,34.17703957,10.23159199,1
880,5705.702435,47.20240098,0.309457107,0.295122483,0.654202153,0.087253048,84.44348064,2130.580116,46.15820746,10.37213131,0
3323,2025.044261,20.95431927,0.514903696,0.482127953,0.843803289,0.232502973,77.95016928,774.787608,27.83500688,10.61958993,1
3951,963.7919696,11.59284977,0.762239176,0.754807689,0.871653149,0.569742435,27.55469714,383.7219157,19.58882119,10.34087275,0
3111,330.9805863,5.931503971,0.667267723,0.570582946,0.921235861,0.325602753,51.22551482,171.4416929,13.09357449,10.42929203,0
6487,3396.80783,30.87987788,0.438995511,0.41980331,0.789863538,0.176331523,94.68170096,1120.583176,33.47511279,10.0976314,0
9514,1947.550893,19.64158866,0.534574651,0.50133406,0.846293447,0.251390367,82.80968795,783.8827574,27.9979063,10.68170874,0
646,1986.501419,17.91785299,0.657854357,0.63825874,0.830338391,0.407412623,85.88931851,653.0920735,25.55566617,10.74316113,0
4853,1153.676509,12.84628093,0.559557951,0.489790833,0.887244149,0.239935829,70.75035951,551.5844057,23.48583415,10.85381021,0
6614,428.6094344,7.743815118,0.757091686,0.742032488,0.842618126,0.550642699,23.04904217,200.7174743,14.16747946,9.966125245,1
9634,637.4719128,7.65238119,0.860035796,0.856523935,0.765937668,0.733638833,9.220558222,107.9336761,10.38911334,7.280494847,1
9350,1846.588147,21.38352602,0.440734235,0.403765263,0.86162096,0.163068662,67.98437233,925.8166724,30.4272357,10.52432522,1
3101,283.2172932,4.539278269,0.820077757,0.798382237,0.920031639,0.637418673,23.28247785,256.6336851,16.01979042,9.70748921,0
3988,177.0358571,3.011957084,0.880398901,0.861375981,0.9083896,0.741973083,11.41327948,106.7509153,10.33203345,7.915263689,0
685,3891.314516,35.47275403,0.440233048,0.427183393,0.743957654,0.182613207,83.67902305,1513.963209,38.90968014,10.33089845,0
8726,603.661546,9.37768538,0.653373252,0.619198179,0.916072028,0.383427194,40.33857748,431.5582861,20.77398099,10.45127131,1
3167,3495.846692,31.04669421,0.403743135,0.378260979,0.792724835,0.143177864,94.92618031,1261.04967,35.51126117,10.06316482,0
4913,664.7828159,9.604222337,0.697277334,0.671545871,0.877471398,0.45099026,38.14974784,293.2608969,17.12486195,10.7179806,0
3098,1569.21177,15.97711892,0.588581493,0.54146332,0.84163165,0.293260872,74.30038901,529.0665655,23.00144703,10.77245879,0
4248,1598.557942,16.87171151,0.667530988,0.65324487,0.807181109,0.426773499,52.27121338,683.89675,26.15141966,10.53957713,0
7938,1362.915347,17.83884713,0.563722661,0.542613977,0.892340231,0.294461486,32.55734957,818.0041665,28.60077213,9.073995367,0
2173,361.6998655,4.531784362,0.86242587,0.842696877,0.900388349,0.710143182,42.20088764,163.1246757,12.77202708,10.93098586,0
9961,2231.535946,21.82813875,0.483377906,0.452708234,0.855579961,0.20508332,89.2403644,794.6818385,28.19010178,10.29120984,0
6146,1968.905288,21.26137074,0.644410724,0.637505026,0.802451179,0.406433328,12.30673175,341.0834235,18.46844399,6.766198021,1
2009,312.4453446,2.79014564,0.959049645,0.956072507,0.562176557,0.914077689,5.509920892,29.69210103,5.449045883,5.493503077,0
8729,4501.096412,37.58898888,0.44551502,0.430960545,0.706641074,0.185886937,79.52385,1612.733131,40.15884873,10.42987296,0
6730,256.1847009,5.492719597,0.604221875,0.473198847,0.93492992,0.223960273,43.76059301,196.1728756,14.00617277,10.76561319,0
2967,178.6020241,3.891418272,0.660148346,0.482903192,0.946416432,0.233213081,40.23370105,214.5236486,14.64662584,11.02992127,0
985,1051.50622,10.25411663,0.712392196,0.662710485,0.881126271,0.439213374,79.99096788,427.0011107,20.66400519,10.74261644,0
5533,816.1966989,11.25253662,0.669448807,0.646093184,0.883327466,0.417441207,19.61089124,278.9712445,16.70243229,9.196324262,1
2427,234.3186061,4.429388715,0.732088064,0.655705734,0.936237361,0.429963771,35.25040771,188.2948942,13.72205867,10.95363231,0
5736,929.0866932,13.23975793,0.599940772,0.563816807,0.881909414,0.317910485,39.9663098,473.0334898,21.74933309,10.53414349,1
2934,70.78969985,0.665440172,0.988759721,0.986199826,0.317357298,0.97259019,4.037203887,0.978014534,0.988946174,4.030739599,0
2465,2095.99333,19.84462488,0.507734289,0.474840641,0.869766114,0.225522153,99.21608187,795.6959012,28.2080822,9.951818626,0
4566,424.5998685,6.580740543,0.661633283,0.569416386,0.913555154,0.324249222,47.35681587,239.5064566,15.47599614,10.52820817,0
9456,1191.991552,13.04980947,0.541426774,0.464710023,0.896687466,0.215993025,81.61631953,720.37334,26.83977161,10.76467645,0
3450,1241.154115,12.02653645,0.704450816,0.670104555,0.884754853,0.449058592,80.63617688,427.4054206,20.67378583,10.92705742,0
2696,2568.62477,23.32901786,0.541658791,0.516459946,0.81625282,0.266804803,88.8274576,907.4799529,30.12440793,10.48295626,0
1601,388.1192289,5.716023238,0.731925418,0.67066425,0.922610764,0.449809414,56.13202034,201.5242508,14.19592374,10.55624272,0
7676,299.6172188,7.046032865,0.575134401,0.511397312,0.931811896,0.261543533,30.50331624,300.3003206,17.32917542,10.32354435,1
6030,174.1451028,3.022790839,0.899415832,0.891789197,0.921256566,0.795293311,18.73683919,211.7041395,14.55005634,9.478136109,0
9810,3716.014753,35.95094963,0.41309798,0.400649259,0.753316892,0.160611032,81.13910192,1475.60647,38.4136235,10.41254993,0
3078,4004.064359,32.30325497,0.435573312,0.409305261,0.761804976,0.167653866,97.91927966,1362.054183,36.90601825,9.984506005,0
5965,4586.790572,40.92835247,0.353994905,0.339397167,0.716175392,0.115314843,85.64146478,1653.274766,40.66048162,10.36510126,0
2349,1771.508047,17.38579963,0.441594841,0.372691293,0.851504942,0.138957597,90.29406448,791.916057,28.14100313,10.47536026,0
2797,3094.636226,26.84356241,0.57950247,0.56034296,0.752592781,0.314106033,78.34738827,810.6213979,28.4714137,10.66666688,0
1205,212.2910731,3.322308023,0.905871099,0.900641241,0.932562048,0.811161131,7.797210507,87.72775098,9.366309357,6.300799507,0
6750,3227.945599,31.23373491,0.541564472,0.533744666,0.720213707,0.284908188,18.07694357,680.1596438,26.07987047,8.094568805,0
1054,126.8615797,3.086516755,0.756164607,0.685771627,0.961522836,0.470285825,19.63833081,188.6010669,13.73321037,9.593582908,1
916,738.0207093,7.570997323,0.882293837,0.879829929,0.774809718,0.774102873,6.795011121,105.5691454,10.27468469,5.59448756,1
5256,2078.93154,18.00292584,0.63198627,0.61000369,0.857466217,0.372152227,105.4131159,668.7457824,25.86011954,9.782269032,0
4711,51.3211327,0.39620562,0.995345487,0.995239034,0.699798956,0.990500758,4.175413498,12.44798421,3.528170094,4.060231583,0
9588,1262.044755,16.97070604,0.617831909,0.607087452,0.875560822,0.368565427,14.73135046,340.5939596,18.45518788,7.744230303,0
1010,4900.204417,45.74282322,0.317397237,0.305474507,0.6259886,0.093390378,45.5393698,1360.409842,36.88373411,9.90484667,0
4445,2567.652891,24.73968037,0.530387746,0.509093068,0.821238591,0.259231944,79.36682413,856.8756145,29.2724378,10.63631409,1
6007,932.1484969,10.91648254,0.54657256,0.450526053,0.901277501,0.203013184,81.47524752,531.279505,23.04950119,10.82652644,0
7160,2798.087552,24.1237709,0.566282121,0.536038267,0.792969142,0.287407675,91.54245626,892.410836,29.87324616,10.40862933,0
9664,1087.107793,13.74607712,0.545961044,0.489033107,0.858330974,0.239199158,59.90028991,459.8452929,21.44400366,10.73727629,1
8794,1153.044622,11.13381622,0.837118059,0.831791433,0.657985206,0.691888096,7.680319915,126.8060348,11.26081857,6.322355877,1
5489,3262.586125,27.74063543,0.446153619,0.411828384,0.793975217,0.16970068,106.2034769,1076.455949,32.80938813,9.651188526,0
5829,312.6001748,5.396377049,0.690118537,0.59778407,0.931161444,0.357369555,50.88149847,212.5399973,14.57875157,10.55883968,0
3540,1357.942225,13.48448363,0.726898282,0.712501504,0.854258083,0.507679756,54.07512769,556.0272009,23.58022903,10.64995177,0
2653,3016.874544,33.35760697,0.315836424,0.287800372,0.779774345,0.082889517,58.40328564,1526.351328,39.06854654,9.800411894,0
6736,2206.381102,23.57523888,0.552159841,0.537749214,0.832296255,0.289207777,42.8452601,809.2571928,28.44744616,10.12889382,0
561,1995.671343,18.41926255,0.575549424,0.540082594,0.849167632,0.29173358,82.84567181,725.7709449,26.94013632,10.68207998,0
9090,321.2279855,4.468197994,0.815883717,0.745019249,0.909852656,0.555067074,63.0005233,131.8450365,11.48237939,10.53581518,0
1055,403.0504582,7.325594019,0.55197469,0.432189583,0.926078759,0.186827301,42.89092292,440.7456664,20.99394357,9.94998356,0
9576,783.6881752,10.55773314,0.590422062,0.518087701,0.879332229,0.26844627,51.72848314,373.905148,19.33662711,10.6312508,0
5384,659.853597,10.72527256,0.403512798,0.317383279,0.939135295,0.100759553,58.0013899,1117.798023,33.43348655,9.994171674,0
3182,588.7043677,8.605001989,0.681049242,0.642049722,0.923853585,0.412250264,54.89521418,502.0815133,22.40717549,10.54817464,1
7181,3610.25515,34.42287063,0.480058177,0.470367282,0.736899971,0.22132535,72.46791277,1420.324504,37.68719283,10.47014401,0
1487,2035.690355,19.38384697,0.656601374,0.638861246,0.808664461,0.408225177,70.8244638,654.46754,25.5825632,10.69323569,0
1668,2244.308103,18.71559001,0.537274294,0.481923402,0.842133731,0.232310353,97.48540268,970.6363183,31.15503681,9.884051809,0
9893,2551.202886,24.77354451,0.508941332,0.484715216,0.797293799,0.235019399,83.64064628,847.8595456,29.11802784,10.70607432,0
2605,594.3922486,5.988384574,0.811621937,0.772122562,0.916808019,0.596181266,79.24992849,295.5337856,17.19109611,10.77412518,0
52,1967.458062,21.64242194,0.513528029,0.490042696,0.840725886,0.240204762,60.12177087,1040.862371,32.26239872,10.46942027,0
6725,2239.217115,21.87577274,0.591775717,0.571438764,0.793542905,0.326611207,79.30608288,626.5587085,25.03115476,10.67422173,0
4082,1014.366137,13.77088116,0.617207333,0.593948862,0.888201803,0.352800567,38.37697136,521.107088,22.8277701,10.55456571,1
6734,1881.735331,19.49208584,0.577266252,0.548272319,0.843638622,0.300637913,62.38115936,956.9074782,30.93392116,10.44270111,0
7102,822.0140884,9.371660154,0.562486681,0.457774884,0.916471029,0.209589009,79.26770276,404.9159845,20.12252431,10.85712254,0
2539,3371.487363,29.53480929,0.408728234,0.368205924,0.760800003,0.135673702,88.12628228,1378.876047,37.13322026,10.33744417,0
1495,1524.670026,16.79652692,0.606849058,0.575176088,0.84110685,0.330870635,68.68506957,559.2703867,23.64889821,10.720875,0
5631,4898.303393,40.74019845,0.450252142,0.440213137,0.69172125,0.193914788,76.85733997,1478.575864,38.45225434,10.39536759,0
8732,2981.58591,25.15013008,0.631795396,0.622351357,0.752469609,0.387432569,85.62390983,922.9811356,30.3806046,10.44073303,0
5906,315.0728273,5.236643393,0.806691435,0.785470018,0.921036889,0.616970787,15.69599099,221.0254704,14.86692539,8.525366649,1
1435,1502.406662,19.03662824,0.603065618,0.592704378,0.857902152,0.35132474,14.42120437,364.2361574,19.08497203,7.371164375,0
1471,2330.046923,22.62125518,0.596130483,0.578279203,0.789852754,0.334456948,71.27493153,736.9000853,27.14590366,10.48040512,0
6794,4689.994778,42.21396975,0.378167192,0.366182444,0.667076672,0.134229333,70.65045803,1765.483109,42.01765235,10.22157586,0
2271,1067.594418,13.53799566,0.665117058,0.642976219,0.875859533,0.413454849,50.03866008,532.8316097,23.08314558,10.65479252,1
4787,3800.615093,33.84601169,0.42244303,0.403493762,0.750361139,0.16291003,76.39267129,1269.996395,35.63700878,10.5385603,0
8501,3571.422613,37.56538541,0.354892308,0.339754692,0.703608292,0.115446316,13.47485372,369.5965396,19.22489375,6.761114087,0
1962,1475.184205,14.76951624,0.631899114,0.597688266,0.87717866,0.357269823,81.59163071,658.6192118,25.66357753,10.75901499,0
7849,530.338696,7.148991629,0.632977281,0.509329419,0.9096447,0.259449476,68.75460066,264.4309487,16.26133293,10.92985732,0
4456,214.905677,4.590372181,0.655457376,0.563744591,0.940622557,0.317816962,29.47607511,169.2416401,13.00929053,10.86187238,0
4153,3764.577667,32.39910873,0.449561744,0.43204363,0.774316004,0.186764519,101.3934409,1423.849189,37.73392623,10.14863486,0
5457,1610.707285,17.20824095,0.628061968,0.608851749,0.855660054,0.370741341,78.2184145,558.1348453,23.62487768,10.73890778,0
4312,1225.679964,10.67640325,0.764804737,0.746056446,0.875443102,0.556622239,81.48798054,608.3211613,24.66416756,10.75603228,0
6732,2724.972219,25.14262272,0.599380454,0.589654364,0.784257808,0.347735221,67.42644483,897.1589345,29.95261148,10.59465414,0
8583,2255.40784,21.80967952,0.570853166,0.545801109,0.802397764,0.297972507,73.03248065,708.9253166,26.62565148,10.73634096,0
5400,991.7656579,10.40884608,0.596317314,0.507413836,0.906010347,0.257498716,81.62352941,481.1736849,21.93567152,10.77733894,0
1163,3783.499043,36.64969218,0.431213827,0.420341571,0.734610291,0.176781526,65.33342102,1609.2011,40.11484887,10.40264063,1
890,2577.463649,24.81642389,0.492105561,0.466221899,0.813762499,0.217479779,77.37577805,1058.25937,32.53089869,10.55904417,1
9124,42.64674623,1.024971276,0.909756946,0.824384736,0.90449459,0.679616238,15.42446668,24.90291169,4.990281724,10.69610814,0
8805,3281.431773,28.20801549,0.546751193,0.530363945,0.772261846,0.281376203,87.16163213,1055.680647,32.49123954,10.4179688,0
5719,1206.661375,15.80781704,0.666340384,0.657373684,0.876879896,0.432149308,13.00211731,291.0881795,17.0613065,7.250822123,1
6843,3671.308407,30.98577536,0.472874663,0.450252499,0.769527768,0.202837967,98.68980114,1190.437838,34.50272219,9.974218587,1
741,2613.218039,22.61328997,0.534189839,0.502149982,0.823737261,0.252227799,98.50683066,930.730596,30.50787761,9.863478294,0
8028,367.0840639,5.55682003,0.849923086,0.839853296,0.809909401,0.70535846,16.86832027,116.5130911,10.79412299,9.612065269,1
5370,3438.57045,29.31239984,0.492031825,0.471176743,0.792900515,0.222123035,83.1840728,1099.219359,33.15447721,10.45368826,0
9342,2651.49509,23.95193306,0.57440663,0.556918331,0.806543719,0.310217791,85.53720689,904.2105995,30.07009477,10.54701231,0
8892,1301.772982,15.14895558,0.644873452,0.611230009,0.833132938,0.37362967,56.04354782,364.6870644,19.09678152,10.73973668,1
6781,3570.60963,30.81683013,0.456232246,0.433678867,0.764503496,0.188174117,88.09060266,1161.871669,34.0862387,10.37276626,0
7619,328.7997535,5.920996061,0.695950695,0.647955705,0.930248007,0.419854059,19.64709663,314.1417907,17.72404555,8.661705368,1
7262,1299.83144,14.10842917,0.666278371,0.644285526,0.893539405,0.415123523,73.42890844,511.879022,22.62474358,10.61990761,0
1506,349.2497469,6.390401915,0.728426037,0.681005279,0.876441825,0.463787328,35.26903409,174.9781178,13.22792946,11.0803336,1
5895,1002.470105,12.12142253,0.521022271,0.448020366,0.886623214,0.200773689,66.86899088,396.8597015,19.92133784,10.73008569,0
7885,89.42518882,1.792035997,0.863460264,0.795968284,0.87680759,0.633573224,10.37987445,42.02528442,6.48269114,8.584649055,1
5411,1803.087505,17.99614495,0.651864761,0.635252408,0.851286626,0.403572169,78.08226608,697.5430289,26.41103991,10.76281468,1
8223,1898.504579,16.39852791,0.532128941,0.472141033,0.869180106,0.222988585,110.0697958,591.2769005,24.31618598,9.400271124,0
75,1869.644044,21.25374811,0.449097718,0.396941064,0.842461404,0.15761069,71.74688344,934.157567,30.56399135,10.5727407,0
1799,183.9765527,3.912529576,0.720899169,0.634701875,0.944586242,0.402852338,26.29200709,188.7067389,13.73705714,10.52392541,0
7789,308.7290095,6.507263737,0.546404488,0.44020996,0.941614079,0.193801576,34.40750365,407.4740794,20.1859872,10.20606536,1
5893,1597.005254,19.38003807,0.582470586,0.567210912,0.847391582,0.321747473,33.45345206,668.9469386,25.86400856,9.812388045,0
4648,284.7292306,3.455766774,0.856122519,0.819018118,0.938599327,0.670795111,60.89981017,226.7124437,15.05697326,10.62661472,1
3245,2094.652425,21.54485319,0.668585531,0.661815456,0.728396815,0.438030515,22.88498506,570.0620443,23.87597211,9.134664556,0
5748,1067.309665,15.16915596,0.581618893,0.559807536,0.883142475,0.313404319,19.67941164,433.258885,20.81487173,8.21188377,1
5901,1640.444194,19.44742705,0.63185659,0.623439446,0.810325927,0.388690704,11.33937794,251.038164,15.84418392,6.749533839,0
1655,2061.96996,19.78732286,0.545981832,0.512335581,0.845610736,0.26255173,86.57653682,744.2864749,27.28161423,10.60365357,0
2681,181.4327538,4.222090351,0.729435324,0.670097732,0.944195573,0.449039363,13.51207199,174.4525906,13.20805022,7.84990526,0
4669,67.92934831,1.654429497,0.869060801,0.794265078,0.938743117,0.630861378,27.31646357,58.37852527,7.640584092,10.7713773,0
4203,540.2519045,9.099251218,0.586874487,0.50110901,0.938987503,0.251128897,23.59945873,508.3415965,22.54643201,8.735043554,0
4920,1700.455365,15.98000795,0.631583135,0.600477486,0.854602374,0.360617076,87.48311076,559.1157006,23.64562752,10.71196848,0
8891,2140.1861,19.81938363,0.62741411,0.606990102,0.829957615,0.368475019,85.46050066,657.0545694,25.63307569,10.5865233,0
9779,2282.380548,20.78586387,0.537480144,0.49721336,0.83956909,0.247268966,96.82248576,756.5911425,27.50620189,10.10444568,0
1548,1508.350228,15.66120527,0.582003695,0.550616136,0.890204143,0.303230316,87.01567974,588.9554493,24.26840434,10.51855739,0
8287,1544.399877,15.51117589,0.548809836,0.485015077,0.849406713,0.235303089,72.45383665,648.968797,25.47486599,10.78609873,0
8202,857.698194,12.60656129,0.504523866,0.435490992,0.911091337,0.189664305,24.34180994,639.6095743,25.29050364,7.856735194,0
6464,3628.391378,31.058747,0.48285906,0.457197453,0.744296641,0.20914171,88.34271667,1218.861047,34.91219052,10.30902074,0
7175,1448.732517,14.95482065,0.652621298,0.623673314,0.85935044,0.388999648,64.69002107,591.0502835,24.31152573,10.60248459,0
7760,538.4625893,7.859427855,0.739571591,0.711665788,0.900421258,0.506488864,45.68932204,239.6079048,15.47927339,10.89039207,0
5824,681.1442679,8.010179383,0.76100442,0.733721442,0.893698292,0.538365149,47.72232143,319.0634039,17.86234598,10.78254425,1
3767,3459.539153,30.44756143,0.496219769,0.481467035,0.793965046,0.231884516,89.14773421,1254.551924,35.41965449,10.2542073,0
8778,755.9460372,9.975331305,0.595733475,0.519274733,0.88764713,0.269691778,60.29348268,361.702947,19.01848961,10.77173853,0
8009,272.5756072,3.778528257,0.882698363,0.862777306,0.896420696,0.744388475,45.65163301,141.322014,11.88789359,10.95985013,0
4039,1069.388079,13.70070639,0.68472854,0.67024629,0.854969995,0.4492769,28.26829268,475.7360877,21.81137519,9.861480349,1
6605,415.8024047,6.580871506,0.60014142,0.481994919,0.931224898,0.232341813,59.17911925,265.5694007,16.29630022,10.51958424,1
5124,3163.658747,29.1052553,0.523126006,0.509572795,0.772709378,0.259782112,76.01344878,1048.129121,32.37482233,10.57683638,1
3386,4777.92452,49.0592147,0.240240714,0.227882293,0.606168172,0.051940595,14.87482248,644.2576112,25.38223022,6.383592531,0
5171,1194.192562,12.42404516,0.717718588,0.698943207,0.866367772,0.488535356,65.56131177,317.5707552,17.82051501,10.35158509,0
7462,106.9265393,1.071390369,0.980413566,0.979652838,0.755894237,0.959720133,5.748982292,26.17172449,5.115830772,5.692726424,1
8227,3916.307203,32.71914431,0.45273049,0.432663129,0.743199499,0.1873123,93.25872534,1321.508934,36.35256434,10.13058641,0
6952,2207.808416,20.28660855,0.521950976,0.480694487,0.840480057,0.231137366,85.34628523,955.436164,30.91013044,10.52092065,0
55,2519.54676,29.56808875,0.450718982,0.438993052,0.781144867,0.192764448,36.30139584,849.8500613,29.15218793,10.07630618,0
507,1932.02292,20.82547133,0.479986067,0.451013929,0.847609003,0.203489255,82.808358,849.9851466,29.15450474,10.57931417,0
9156,310.8041579,4.412708738,0.750416588,0.620415386,0.943737989,0.384925461,66.09846939,166.7250369,12.91220496,10.61364639,0
733,1058.01084,11.83359944,0.639809986,0.584434903,0.870645298,0.341601813,62.7463727,397.8374321,19.94586253,10.70062825,0
2519,324.9817592,5.340941485,0.740272976,0.690252741,0.946061612,0.476456571,35.16066728,255.6464134,15.9889466,10.65594468,0
2128,1961.962156,21.61772342,0.548904207,0.528649276,0.832523171,0.27951874,70.58875467,661.7760563,25.72500838,10.77892983,1
388,2547.372462,29.65183909,0.359846945,0.338427447,0.820444157,0.114594162,57.6657493,1276.971757,35.7347416,10.16429804,1
2040,2238.975059,22.75697179,0.554899752,0.533276208,0.815771736,0.284431421,69.04303001,696.3380637,26.38821827,10.71136726,0
4137,1569.967551,19.73391224,0.565409962,0.549232222,0.871807601,0.301694901,28.0795391,765.8824048,27.67458048,8.812315644,1
7936,1006.4102,14.82270703,0.570053266,0.543531381,0.863123601,0.295435156,14.68920915,324.2097242,18.00582473,7.227627427,1
2364,2348.549582,27.22451157,0.424755846,0.403535274,0.796020909,0.162879927,48.20722629,1044.27388,32.31522676,9.859935845,0
6307,1280.708168,14.68370616,0.551545563,0.505866049,0.869896503,0.25596582,67.16892047,591.5589516,24.32198494,10.86223189,0
6904,2422.767182,27.11887424,0.460350708,0.437143131,0.80550598,0.191117435,34.74075868,941.0800632,30.67702827,8.839692687,0
5063,1285.342389,14.9345723,0.546805355,0.504400533,0.892684178,0.254460665,66.37915815,812.3976347,28.50258997,10.64214281,0
8980,983.2477961,10.49458154,0.75123871,0.728352211,0.878556903,0.530506527,57.06753907,337.9317148,18.3829191,10.836324,0
5407,3099.973898,28.94906199,0.454473771,0.433610491,0.790078029,0.188113416,77.898226,1240.82665,35.22536941,10.49295879,0
512,1964.642675,26.08623198,0.364327283,0.338767465,0.816800954,0.114781132,21.7603693,694.3157341,26.34987161,7.283260721,0
6357,3315.551238,28.78892604,0.555556852,0.542653993,0.760520139,0.294560934,83.69543892,1046.593123,32.35109153,10.50767386,0
8440,1246.473442,14.4524745,0.638612781,0.616968823,0.894887768,0.380681158,61.98767784,589.0050958,24.26942718,10.79651608,1
7327,3565.457126,35.21029605,0.387794134,0.370395702,0.75937382,0.137269155,56.01663597,1229.152239,35.05926753,10.55974287,1
5997,3244.683801,29.80734495,0.447214455,0.422155008,0.77623045,0.178310166,83.58314112,1250.82193,35.366961,10.40249438,0
4616,1678.918138,17.55593031,0.612578507,0.587931025,0.840306904,0.345698539,73.38365462,641.4771063,25.32739833,10.76645654,0
8081,778.4240439,9.526338729,0.764190905,0.750293511,0.866074989,0.562959485,46.38591404,386.0916142,19.64921409,10.71952017,1
1384,2525.088034,21.83944253,0.526858799,0.487413417,0.823327787,0.237656633,95.66123551,790.1160938,28.10900379,10.17990263,0
3201,4100.444194,40.47298348,0.384073742,0.373860383,0.71356878,0.139854378,45.04422749,1691.990516,41.13381232,9.775143567,0
7740,927.0169,11.04224688,0.642240467,0.582105808,0.875278155,0.338871632,66.26658477,328.4808572,18.12404086,10.90802513,0
2644,2465.212575,26.82297404,0.530046673,0.518626252,0.75595611,0.26904564,35.3842977,721.3228069,26.85745347,10.06730977,0
848,509.0612254,8.181413948,0.647140876,0.591031469,0.92092357,0.349336985,33.71817255,391.7430901,19.79250086,10.55565169,0
1423,2603.679886,23.43583618,0.544976437,0.516074364,0.798193701,0.266398951,79.31552988,866.7881992,29.44126694,10.66130633,0
186,119.0324601,2.771188764,0.821289823,0.768284156,0.929628786,0.590269986,19.37685091,120.9200526,10.99636543,9.974512772,0
7831,1523.021713,15.40782427,0.572103601,0.531178763,0.891969092,0.282190493,87.55281408,595.8774232,24.41060063,10.58970118,0
8388,853.7888467,9.888445083,0.721339986,0.696800052,0.884079241,0.485552547,72.45015765,330.8788175,18.1900747,10.72748641,0
2722,1400.612145,16.56719622,0.653048775,0.636863838,0.817516946,0.405668191,50.29498743,432.2098921,20.7896583,10.84063854,0
2247,85.47347479,1.780987223,0.913372298,0.887948485,0.905298082,0.788456113,29.96008485,74.38918443,8.624916488,10.83832147,1
1920,1106.547078,11.1088673,0.719465672,0.691583366,0.900075272,0.478301613,70.00438381,503.3920338,22.43639975,10.65339098,0
9366,1260.180473,14.30046549,0.714071457,0.704254683,0.84447856,0.49598858,17.76151481,386.9253991,19.67041939,8.899878462,0
6841,3776.541951,38.62385401,0.37585934,0.363350135,0.691885396,0.13210762,47.62590879,1296.752203,36.01044574,10.12554729,1
5003,1647.882798,17.51027436,0.602710504,0.575807883,0.858255607,0.331593246,63.07841446,600.8877924,24.51301272,10.79249947,0
7369,152.1450713,2.724000025,0.835115384,0.777902603,0.950083646,0.605139448,41.63869641,247.2942026,15.72559069,10.81859889,1
8480,134.7525026,3.03915867,0.758960286,0.675029671,0.941810046,0.455674837,30.70372916,132.8951512,11.52801593,10.78046028,1
1162,1325.195509,13.44691416,0.725610808,0.70999942,0.850320168,0.504127494,61.23104449,544.4550244,23.33356004,10.68538105,1
3771,2484.83112,22.48864192,0.544597044,0.509832134,0.820953937,0.259993335,91.78856215,884.3245886,29.73759554,10.34280719,0
9344,4094.419213,35.24262645,0.446780166,0.432803117,0.757370575,0.187446287,92.56429942,1411.929672,37.57565265,10.23464481,1
1679,2756.961303,30.01859495,0.409441529,0.388570718,0.782862602,0.151054227,72.84298569,1048.237575,32.37649727,10.60623734,0
8402,1669.254422,14.58220739,0.62281658,0.565445976,0.860655472,0.319774727,93.99536692,569.4761099,23.86369858,10.50052889,0
7087,1502.906762,15.40897026,0.547627533,0.504979678,0.886186873,0.255044939,89.88688767,686.023922,26.19205838,10.48417864,0
7626,975.2631044,11.85103987,0.545346897,0.45098158,0.889494309,0.203417208,82.90589764,356.0708018,18.86983841,10.73185781,0
3655,2117.63151,26.68861257,0.477946304,0.466792564,0.846135776,0.217906533,11.15819473,349.3530251,18.6909878,6.095089122,0
3366,36.96671505,1.556385319,0.825275668,0.715210086,0.956707134,0.511528897,8.518235091,31.54239413,5.616261579,7.781052478,0
9983,1910.758513,21.16231655,0.641143143,0.634206172,0.803287511,0.402240792,16.44138271,468.3950687,21.64243676,7.939789241,0
4904,3067.515267,30.59031527,0.464039827,0.449458015,0.780997967,0.20212103,76.8003876,1041.46249,32.27169798,10.53970685,0
5059,1820.73092,20.17296372,0.596210301,0.582298255,0.833013504,0.339129899,61.18849686,853.0798226,29.20753024,10.63780431,0
5250,1040.596288,13.13779289,0.673365802,0.637057675,0.779725902,0.405869524,37.35722883,250.6497307,15.83192126,10.91149757,0
3015,113.4311959,2.308004691,0.832011879,0.760253112,0.904256187,0.577993474,25.61646138,59.90772631,7.740008159,10.69847841,0
8050,1961.282721,17.95261079,0.563791817,0.522543409,0.845459335,0.273107789,86.54769408,757.8933376,27.52986265,10.57908084,0
9199,4386.418225,40.3689409,0.402603215,0.391791947,0.675408715,0.153594493,54.12346707,1403.866838,37.46821103,10.16994214,0
6783,3881.886349,33.00078407,0.444200602,0.423589923,0.768453608,0.179531666,92.84739081,1360.236903,36.88138966,10.20843568,0
9471,2812.740034,24.21601803,0.532609115,0.508302452,0.820316808,0.258454882,98.59522956,986.5289514,31.40905843,9.911598136,0
5910,136.5511694,2.786092775,0.735931165,0.614691824,0.953860345,0.377853651,34.37241929,153.2050265,12.37760181,11.08821471,0
5591,2540.616303,24.54316656,0.523135214,0.502643343,0.826538266,0.252709187,81.37480574,1013.335524,31.83293144,10.58314777,1
7225,3430.73384,30.12443723,0.457773625,0.437134035,0.785267557,0.191191144,99.58273381,1184.292603,34.4135526,10.01964834,0
4578,5623.818078,45.9783074,0.416679447,0.407940905,0.64664198,0.166563118,91.21290525,2509.249963,50.09241422,10.3879445,0
382,2275.523299,18.90696059,0.537761104,0.484174629,0.842939455,0.234484989,103.3733289,895.0287776,29.91703156,9.58770081,0
2965,1630.394377,14.83896802,0.590172576,0.522720367,0.857589988,0.273278376,85.65376373,637.9143646,25.25696665,10.72979259,0
2697,5789.171603,48.47404958,0.339285234,0.327322896,0.640107022,0.107296227,75.44248395,2167.121185,46.55234887,10.29731351,0
5988,3759.94114,35.61546025,0.399221322,0.382880416,0.743037362,0.146689663,78.50758699,1117.098773,33.42302759,10.47410628,1
970,1578.590295,15.26820661,0.679487699,0.654027249,0.854248937,0.427778806,73.01758105,564.3193298,23.75540633,10.63428316,0
4756,2157.977101,22.94112825,0.532787789,0.511011441,0.803475829,0.261181482,52.35848113,811.6082353,28.48873874,10.58033002,0
5800,2125.263563,22.56078767,0.549180651,0.530196364,0.829762809,0.281166738,56.83921466,857.1004326,29.27627764,10.58194744,1
6224,77.69788102,2.405621796,0.603529105,0.355403817,0.976291164,0.126322414,34.40661439,239.573976,15.47817741,10.83898521,0
1592,3415.235678,29.68001461,0.41851755,0.39360676,0.796183536,0.155030981,108.6886929,1113.408501,33.36777639,9.876093617,0
8026,1593.016378,18.81716279,0.659667234,0.653279648,0.828343971,0.426784369,13.9222603,303.3892855,17.41807353,7.894661003,0
8246,2649.709306,30.38834155,0.445480731,0.433520579,0.783016382,0.18797433,25.64763843,757.4019204,27.52093604,9.224073862,0
1399,3013.865755,26.99907809,0.575605957,0.565195848,0.789339109,0.319506858,74.65316331,979.5355738,31.29753303,10.53421176,0
2085,3137.390707,29.78381117,0.567234453,0.55965599,0.715671223,0.31327181,19.65361245,783.1017986,27.98395609,7.803130014,0
9108,579.9403653,8.284964521,0.635853171,0.574355284,0.922227938,0.329900333,59.43897414,260.5827064,16.14257434,10.52265042,0
5226,1651.360796,15.54177776,0.643063668,0.606938665,0.866483308,0.368409343,82.24155498,660.3680953,25.6976282,10.67691309,0
5794,1870.538223,21.03962432,0.54304182,0.524114296,0.863369496,0.274744121,57.92649938,1011.072192,31.79736139,10.62239154,1
2484,1429.109412,16.66062296,0.499301615,0.438701291,0.835932825,0.19252034,67.60737471,576.2618412,24.00545441,10.70986072,0
8290,2125.370378,17.75523566,0.618560148,0.584105993,0.846879997,0.34122907,101.6890986,815.1793491,28.55134584,9.808675673,0
6296,633.944497,10.10816371,0.655205312,0.627293198,0.895747794,0.393511248,19.78791749,352.2355272,18.76793881,8.619606263,0
7544,4472.791581,46.55442498,0.274140544,0.261910979,0.648790782,0.068599844,11.60379994,468.3936449,21.64240386,6.0544547,0
6855,470.4151546,7.285060068,0.630026206,0.533552044,0.914743079,0.284702861,57.95577593,222.1364343,14.90424216,10.66777361,0
1415,1847.792515,17.96508968,0.424323136,0.33328072,0.856627417,0.111126071,101.1053768,825.1943197,28.72619571,9.57782173,0
4635,3954.599838,34.00311649,0.392697031,0.365859538,0.745789343,0.133983339,92.3023472,1454.16457,38.13350981,10.07311754,0
386,1908.993198,19.2680367,0.524954026,0.479495558,0.821856017,0.229990668,74.55962085,797.9942179,28.24879144,10.69047058,1
1482,993.0687794,10.79265543,0.60844978,0.544750992,0.902401004,0.296785493,70.46557491,632.2907766,25.14539275,10.76159022,0
5240,3591.311833,31.65512995,0.473335936,0.454785473,0.729453686,0.206948908,85.80746864,1137.736854,33.73035508,10.49303632,0
3981,2510.495299,22.3817564,0.508884848,0.478239756,0.841272268,0.228775004,104.9856553,950.0942579,30.82359904,9.681868717,0
511,914.2097033,9.703808584,0.842232514,0.838853966,0.754266234,0.703681917,9.302193934,173.0669765,13.15549226,6.552527693,0
5953,1995.00541,18.59029283,0.527101201,0.482935686,0.861228515,0.233284861,93.67586634,870.5426327,29.50495946,9.926835643,0
6680,1806.972826,18.46276234,0.585963578,0.557640256,0.845352879,0.31101549,75.90959486,682.4016719,26.12281899,10.71763333,0
3121,307.206671,3.456326797,0.93091514,0.927456564,0.758830811,0.86017603,5.414444176,31.05894534,5.573055297,5.030853161,1
4171,720.9705897,9.440611948,0.695289462,0.667944563,0.92906942,0.446157858,49.75013727,827.4610504,28.76562272,10.06503614,0
7647,5178.711965,41.58450181,0.421010738,0.408332489,0.674294433,0.166912828,82.10409459,1918.119696,43.7963434,10.26977965,0
3046,2461.816181,23.73386698,0.595905925,0.584236528,0.798558567,0.341389194,66.67934089,865.0617564,29.41193221,10.65696853,0
5770,3957.143644,34.17609034,0.496693536,0.483487787,0.725186608,0.23387517,82.76851382,1213.07653,34.8292482,10.50427865,0
9962,1058.803007,12.42795154,0.721667507,0.707021508,0.879099305,0.499914742,49.92113854,534.5902238,23.12120723,10.72785249,0
5086,173.0163218,3.977120748,0.667644435,0.529509507,0.93652337,0.280396951,32.0473653,152.9398707,12.36688605,10.87188306,0
680,561.921842,7.177776919,0.727377753,0.680538117,0.918860002,0.463146743,43.33361894,319.4762533,17.87389866,10.76281591,0
8347,52.32691981,1.250896979,0.879925655,0.813273766,0.941883578,0.661416395,12.01698792,62.8852488,7.930021993,8.760143739,0
6743,1146.379327,12.30415618,0.708822663,0.690969552,0.879064235,0.477459579,69.94982542,475.139347,21.79769132,10.51995145,0
9324,1256.921687,14.64389573,0.551733181,0.494861225,0.870037948,0.244925055,62.879239,478.1547866,21.86675071,10.74630152,0
8398,267.9926666,4.495490108,0.717045682,0.629727942,0.950268482,0.396566246,55.15377778,215.7360046,14.6879544,10.74290508,0
1876,970.0855842,10.84048127,0.688272022,0.651614782,0.89176376,0.424621521,74.95639342,413.1805673,20.32684352,10.83753435,0
7874,1608.536112,16.46340812,0.54095107,0.494784505,0.85796567,0.244869912,87.20611329,644.5286521,25.38756885,10.75767692,0
368,1926.946232,21.28754618,0.597408401,0.585005186,0.818612751,0.342249288,25.50796257,627.5038358,25.05002666,8.854619416,0
3258,1172.602065,14.38234565,0.597161227,0.555150031,0.854079961,0.308252426,60.19950418,482.6181249,21.9685713,10.74551199,0
3298,2519.956106,21.29303872,0.598902357,0.575535209,0.828363632,0.331321486,93.98303589,883.2315149,29.71921121,10.07369079,0
9630,3635.505536,33.52216686,0.436204792,0.419906724,0.766985711,0.17641632,76.86066176,1432.838726,37.85285624,10.46370528,0
5726,2703.37641,25.75348978,0.518642418,0.484112862,0.776512773,0.234423683,70.11836986,779.8218838,27.92529111,10.51128871,0
7598,1274.876616,13.61471926,0.614690135,0.582007058,0.891545342,0.338758499,89.7320894,498.3488513,22.32372844,10.65034527,0
2755,60.07705604,1.863153614,0.845957164,0.735930867,0.928262352,0.541606567,22.35791121,45.91396171,6.775984187,10.67546085,1
8663,267.3923463,5.049318641,0.804839813,0.788008326,0.890757214,0.620966219,9.727674679,101.6230615,10.08082643,7.068028775,1
9014,2794.372885,31.85933695,0.424501366,0.412555617,0.779979595,0.170268817,33.78657101,881.5935849,29.69164167,9.786328316,1
2799,484.326873,7.049779267,0.646396085,0.570629011,0.932092575,0.325642664,64.25222577,293.7609244,17.1394552,10.81041285,1
5867,2929.283016,28.05070333,0.464642265,0.441720167,0.786791867,0.195203126,73.78770243,1071.282409,32.7304508,10.67903798,0
5645,1021.612853,9.771941397,0.682660259,0.617267593,0.89569641,0.381035023,80.26292818,376.0335538,19.39158461,10.86904416,0
5576,3269.878273,28.40547972,0.527287021,0.512425942,0.775849892,0.262653553,88.33266915,1208.971026,34.77026066,10.35747226,0
5393,1594.093402,17.16650296,0.59464568,0.571566203,0.868721154,0.326729134,82.88378133,635.1412178,25.20200821,10.65541588,0
4488,168.8437641,3.63857027,0.712608343,0.610405113,0.956618008,0.372604491,37.87474481,171.1982337,13.08427429,10.87798378,0
2029,329.0857862,4.432120085,0.785095902,0.733976853,0.954632769,0.538729092,61.43169033,290.5877528,17.04663465,10.83114129,0
5692,1027.622261,11.47913639,0.679036778,0.636751454,0.895144981,0.405484664,72.71800832,485.798738,22.0408425,10.78649125,0
7119,359.4279053,6.546317423,0.641919215,0.565023824,0.896101056,0.319278788,27.18860969,208.6248357,14.44385114,10.52195588,0
3937,88.03894851,1.898436971,0.85364859,0.782756456,0.94820279,0.612711478,28.84211356,84.0070908,9.165538217,10.71619695,1
8899,315.7268248,5.241434055,0.813419216,0.791453232,0.928774595,0.626404549,20.62035255,226.8695541,15.06218955,9.816905851,0
2903,10.30297126,0.077531881,0.999195311,0.99882258,0.889339573,0.99764655,4.580171205,5.278914989,2.297588951,4.820670247,0
8384,2373.950145,20.48145852,0.428507318,0.365334195,0.844090153,0.133531848,105.3064635,924.5078062,30.40571996,9.686880778,0
6342,1357.012492,17.87686627,0.577484814,0.561548351,0.868302366,0.31536161,29.60481682,594.6457299,24.38535892,9.755908344,0
1458,973.156262,13.26388437,0.623973191,0.599022926,0.883008213,0.358865808,41.11483881,519.414208,22.79066054,10.32266725,0
1734,2675.558834,23.41416827,0.536894738,0.505273492,0.798223061,0.255400903,92.42062889,938.1503067,30.62923941,10.31855194,0
8851,1286.358128,13.99759258,0.668260066,0.643968184,0.875847328,0.41471491,55.89332387,605.6473836,24.60990418,10.53264623,0
322,639.6221338,9.586896953,0.633732399,0.589732042,0.905212423,0.34779944,45.78839869,324.1764667,18.00490119,10.73487688,0
5333,29.89116386,0.330459206,0.9933961,0.993123034,0.529217114,0.986293519,4.117150184,0.948918501,0.974124479,4.168758923,1
3535,2610.036367,24.39992557,0.507956174,0.487757694,0.837888472,0.23796713,92.83420445,954.8186295,30.90013963,10.25097774,0
5294,1872.097346,17.83985281,0.745672969,0.739811046,0.68253949,0.547369208,14.37790491,380.0605558,19.49514185,8.165527908,0
5245,4603.857453,37.21070235,0.394264139,0.372965559,0.716265273,0.139234874,95.03597245,1755.248293,41.89568347,10.08192578,0
7764,1708.72173,15.75652787,0.60928849,0.566419752,0.87059948,0.320914031,93.50386635,624.2304672,24.9846046,10.3954677,0
7342,666.0327007,7.877247639,0.684471361,0.61485909,0.909649339,0.378076763,75.31772419,279.1416175,16.70753176,10.7823012,0
4495,2563.410915,25.44114672,0.481584676,0.45999417,0.82931898,0.211669047,76.4186276,863.9175929,29.39247511,10.54978729,1
2334,2581.935339,21.55824591,0.542120716,0.50164751,0.820738435,0.251728828,98.82897668,909.0533532,30.15051166,9.916418906,1
9785,2171.452104,19.07063938,0.520055372,0.465713571,0.829451973,0.216962744,91.02326262,935.1544454,30.58029505,10.4545789,0
2273,2993.54278,25.38649807,0.489397821,0.45941178,0.792985106,0.211160574,102.9486131,1071.295364,32.7306487,9.583064949,0
1798,3464.109861,30.87895934,0.505749351,0.493156099,0.767187762,0.243287836,89.85608721,1281.599642,35.79943634,10.27367826,0
6806,3275.582168,30.67114871,0.398310683,0.363446089,0.768499219,0.132162475,79.83892332,1232.199294,35.1026964,10.58547087,0
5929,83.53271814,2.289436473,0.803182768,0.694647849,0.947303013,0.482545769,26.77180192,90.17577151,9.496092434,10.77522563,1
2824,180.3101395,3.821942249,0.721920152,0.59756212,0.939592951,0.357095056,36.82079987,114.5158714,10.70120888,11.04647733,0
2579,1527.177997,17.43938477,0.693436136,0.684933259,0.683219557,0.469161321,15.92633679,211.3407034,14.53756181,9.076204306,0
5813,267.6211751,3.555890666,0.899034153,0.879120104,0.866788371,0.77285477,34.11177881,125.823646,11.21711398,10.94415736,0
8674,5333.861444,43.64790974,0.394595848,0.382424245,0.660841693,0.146425138,80.75257676,1980.728247,44.50537324,10.32424578,0
530,3154.037342,35.63050087,0.335707223,0.319366873,0.763993704,0.102043362,55.46357338,1329.719455,36.46531852,10.07442735,0
6728,558.7871517,6.280465077,0.782214241,0.74583021,0.915576848,0.556270971,72.30608104,260.7911085,16.1490281,10.65741434,0
6286,2841.271355,22.17903096,0.519471832,0.481273125,0.837186404,0.231731834,114.1727097,900.0580114,30.00096684,9.522631621,1
1870,2490.548622,28.22242737,0.446816582,0.429510578,0.78805263,0.184510532,33.68947397,852.1360889,29.19137011,9.386523923,1
7586,3168.335287,28.14984966,0.491617465,0.47118549,0.790659126,0.222115233,90.85231528,1093.330291,33.06554538,10.29649786,0
639,2842.256673,25.68808158,0.577518204,0.564997461,0.785192912,0.31927858,76.76178752,982.9316827,31.3517413,10.58766499,0
3907,2014.566261,20.75931318,0.602891555,0.584118142,0.811979481,0.341237812,70.21229839,635.8679536,25.2164223,10.66939964,0
8647,1750.121375,16.25690409,0.539116781,0.477546208,0.86607068,0.228101658,86.87145347,684.4425152,26.16185229,10.66455755,0
1852,2344.119375,22.02445371,0.566787905,0.545834193,0.84100556,0.298010854,88.65037929,830.2585765,28.81420789,10.4288048,1
4064,1920.751815,22.63240591,0.575058009,0.565363889,0.84281138,0.319640945,11.3209823,281.979407,16.79224247,6.401823109,0
5155,1279.378102,14.10792347,0.500661452,0.422193358,0.876824878,0.178277634,77.15622252,478.1288487,21.86615761,10.75576383,0
914,956.2144564,12.4213988,0.668085664,0.646325027,0.858888503,0.417743429,15.01594077,273.6312195,16.54180218,7.892152118,0
612,839.3779655,9.201593015,0.825580382,0.816369567,0.813603728,0.666462039,31.31388452,188.193935,13.71837946,10.73626006,1
1191,441.7764051,5.749164415,0.753871527,0.676967429,0.918119263,0.458296161,62.43343876,172.1383959,13.12015228,10.59561398,1
6510,5322.491708,44.40657682,0.381801135,0.370037228,0.652765917,0.137084116,83.3326572,2036.442641,45.12696135,10.33162105,0
611,2161.500074,24.84371856,0.418722572,0.383698141,0.82434271,0.147251274,32.35331919,758.6567357,27.54372407,9.472917316,0
375,1438.279737,14.75764693,0.604356516,0.560439785,0.889955129,0.314121352,78.63629399,726.8503115,26.96016156,10.72613858,0
6539,1577.043014,17.38551365,0.547187428,0.517085197,0.880884081,0.267409543,77.25278488,567.1544617,23.81500497,10.7916236,0
9374,2141.866235,19.05784415,0.569612379,0.520480549,0.835022077,0.270965048,88.13830921,770.0214975,27.74926121,10.6660337,0
6462,867.5655179,12.96516329,0.648096262,0.631658718,0.86636488,0.399007126,15.69062152,298.342344,17.27258938,8.128335004,1
8947,83.85751275,1.652226838,0.919738476,0.901756044,0.936104099,0.813165723,8.612381975,70.526907,8.398029948,6.884818169,0
9649,608.977633,7.04538244,0.860234002,0.85262116,0.842118455,0.726968716,49.08449929,197.9081288,14.0679824,10.88640052,0
3444,1924.803564,20.45382935,0.491844671,0.447048469,0.848363764,0.19990822,71.38166333,997.7254018,31.58679157,10.59654656,0
5788,3830.669731,31.93295356,0.403677861,0.367161548,0.750441678,0.134903488,87.45804134,1490.228217,38.60347416,10.08357106,0
5276,1603.071316,16.56815286,0.633219548,0.614364169,0.871872422,0.377479799,74.5713018,911.3595082,30.18873148,10.69278427,1
629,2152.617318,21.44439152,0.58431399,0.570414835,0.842212902,0.325438353,86.00449769,1043.181646,32.29832264,10.32644975,0
3348,3401.59889,35.14518923,0.40249566,0.389232922,0.706901449,0.151573829,50.00623249,1080.112089,32.86505878,10.32645975,0
8921,131.0036379,2.10345793,0.91912976,0.905602613,0.916279824,0.820118574,8.073787099,75.11242317,8.666742362,6.607354203,0
6574,816.9131145,10.77932669,0.749163095,0.739996784,0.832886151,0.547603109,10.13035548,138.4844997,11.76794373,7.078864761,1
9955,311.354973,5.514034778,0.609339112,0.475835371,0.935450724,0.226445226,48.72873275,205.8350214,14.34695164,10.5396378,0
529,1016.122607,13.06452369,0.687694075,0.671017516,0.870217996,0.450278312,18.87982459,368.2573659,19.19003298,8.563061644,1
303,2178.552332,23.97707129,0.408310036,0.363404361,0.805992943,0.132105779,70.79099819,1018.752997,31.91791029,10.51151646,0
2179,896.2746189,12.20412518,0.591250294,0.540774254,0.91179782,0.292455308,30.11269545,591.2537798,24.31571056,9.373770945,1
5189,2716.09244,23.8325,0.50666593,0.463715315,0.818297215,0.215100427,85.70536676,927.9246985,30.46185645,10.51212161,1
7684,2646.527592,24.75375139,0.575307596,0.561571149,0.778558275,0.315431173,77.31297523,724.2738068,26.91233559,10.61819838,0
7816,2431.444942,24.44463527,0.516094355,0.496789254,0.814028389,0.246888242,74.27797323,815.7660169,28.5616179,10.68517141,0
1188,3433.673738,35.86713514,0.400570549,0.388716427,0.724293152,0.151165794,40.17087301,1351.239071,36.7592039,8.97114989,0
5469,1491.433392,12.28469755,0.773275856,0.727263421,0.89061085,0.528936913,56.25674465,1004.296086,31.69063089,10.55082432,0
9123,1217.124652,15.4254373,0.659900464,0.645540101,0.787473646,0.416746422,18.0909363,261.9452338,16.18472223,9.046708143,1
8785,1376.014959,18.75067391,0.520778765,0.497044268,0.868310943,0.247072116,23.1687503,509.0682072,22.56253991,8.8950291,0
2988,4129.990237,34.590595,0.495411736,0.483355269,0.733336816,0.233763209,79.66157355,1494.9698,38.66483933,10.42746133,1
3029,1721.544848,16.84233801,0.621781245,0.586087035,0.829624561,0.343546206,71.70749061,720.6308824,26.84456896,10.81535668,0
5960,2220.360984,19.87124015,0.480295683,0.421570654,0.844340542,0.177795861,97.09126558,762.587341,27.61498399,9.934029818,1
6148,1528.091599,15.75772629,0.613966513,0.581125923,0.888342207,0.33774959,82.92278873,664.5524356,25.77891455,10.58635246,0
9000,114.6893982,3.078387099,0.740168934,0.640628946,0.924962919,0.410411735,20.10646606,80.92235817,8.995685531,10.23019197,1
8495,2090.320249,18.59238299,0.626720857,0.606058334,0.854678112,0.367347252,95.50305936,715.7495035,26.75349516,10.17916012,1
7396,891.9143731,13.03249571,0.598697237,0.5672459,0.894095452,0.321793346,40.69522088,521.5772791,22.83806645,10.49771447,1
2509,797.1680958,10.66687356,0.697047813,0.679621308,0.924852914,0.461904526,52.98587065,443.8643375,21.06808813,10.89747713,0
2582,242.074777,4.70354729,0.759560369,0.715825727,0.938902924,0.512418437,18.751854,202.4805445,14.22956586,9.558691298,0
9285,4131.134475,34.52514996,0.466679899,0.451490202,0.731400123,0.203967753,84.49864078,1453.86427,38.12957212,10.40456864,0
2588,1579.121918,17.13344474,0.685570284,0.675441621,0.808670343,0.456227503,17.60441118,339.0924103,18.41446199,8.262325039,1
4982,1018.759353,11.2282805,0.803001614,0.796389202,0.714594148,0.63425912,9.931083926,127.7605576,11.30312159,7.223561501,0
8965,3448.914986,31.34432227,0.504968111,0.491677937,0.774450314,0.242006413,57.5396455,1293.036492,35.95881661,10.48585273,0
3968,437.0379116,6.46458205,0.642900634,0.5247301,0.922085547,0.275367799,63.69608376,216.5162379,14.71449075,10.5537098,0
6394,593.1828824,9.651384624,0.614529544,0.56200923,0.917189441,0.315860877,18.16060144,411.9060878,20.29546964,7.582368211,0
5682,2480.224288,19.47170539,0.65199065,0.626451489,0.817377831,0.392503366,107.6117726,834.4177167,28.88628942,9.5039032,0
3617,1349.384397,15.69631398,0.69033556,0.68186068,0.841581963,0.464953798,11.71778879,273.263551,16.53068514,6.747958707,0
3397,706.1586396,8.608010846,0.628104297,0.555618649,0.925213794,0.308740882,78.29751924,378.8973372,19.46528544,10.87824103,0
6989,3131.630751,27.82880233,0.511582928,0.489731255,0.785642298,0.239912443,84.05572813,1040.197924,32.25209952,10.51997828,0
46,45.55307678,1.000191693,0.890377091,0.726912428,0.849858521,0.528411138,12.19627178,15.36009957,3.919196291,10.31643083,0
6561,684.6608262,5.504692937,0.930582681,0.927169266,0.643351908,0.859647256,5.570555259,69.3502542,8.327680001,4.96805868,1
6573,2430.858612,21.46804206,0.4749683,0.439605601,0.856573636,0.193311377,113.0582494,887.4262612,29.78970059,9.637193895,0
580,603.5949567,6.157696775,0.903378578,0.897938642,0.591596413,0.806297754,6.441673083,54.03842505,7.351083257,5.919414,1
7995,266.4036111,3.664845206,0.847344885,0.817700347,0.945465956,0.66863669,42.5243044,524.3055405,22.89771911,10.23383445,0
818,3186.029413,26.88332899,0.489033411,0.46061431,0.787450878,0.212275098,92.71151065,1111.877104,33.34482124,10.1814091,0
6086,4939.690056,40.99824761,0.42707224,0.415873408,0.667711972,0.173115847,75.3105102,2085.795318,45.67050819,10.06568732,0
5714,1214.161414,15.42245047,0.560511044,0.522786327,0.865907839,0.273358157,48.84368989,736.4764395,27.13809941,10.19795348,0
9020,4694.569992,44.02333457,0.360419202,0.350547189,0.652538834,0.123006487,54.18629989,1697.998339,41.2067754,10.23287211,0
8818,1427.954155,15.70205342,0.642401582,0.60429985,0.840933994,0.365200023,68.87547619,384.6525097,19.61256,10.68385148,0
4753,3744.358964,34.27593505,0.450891789,0.437608962,0.757142541,0.191575706,81.13644029,1307.815305,36.16372914,10.44921579,0
5173,3294.948095,28.53708903,0.436599776,0.396628689,0.780844106,0.157414571,92.18604006,1211.039073,34.79998668,10.18827643,0
5283,1312.651009,16.518305,0.624968129,0.608773074,0.875300227,0.370653975,37.65416959,763.2122163,27.62629574,9.861489153,0
8351,2025.497969,20.51842062,0.598620402,0.583556086,0.846254716,0.340584201,66.52517957,870.5559347,29.50518488,10.68558347,1
8556,780.0601179,11.3264089,0.590958793,0.532923222,0.897004279,0.284022744,43.41297297,397.4097236,19.93513791,10.55081654,0
9601,3392.634037,29.38737563,0.551076678,0.539310092,0.760136439,0.290930167,84.68979972,1057.191238,32.51447736,10.56404563,1
6649,1543.652367,16.85000748,0.423956464,0.353833899,0.877819213,0.125248794,81.25292426,903.1812195,30.05297355,10.68369725,0
3139,1777.466865,20.45775495,0.438988663,0.397810081,0.87423887,0.158336364,68.22478799,1117.734309,33.43253369,10.31208244,0
1438,523.4181136,6.752395394,0.762334151,0.729332664,0.931648481,0.531932153,47.56149014,342.7233596,18.51278908,10.78216883,0
9320,1571.089584,15.89275669,0.67177901,0.650116814,0.838329169,0.422691114,78.65498869,625.3488163,25.00697535,10.68623442,1
6200,3382.257853,31.26012437,0.433092036,0.4125576,0.758468776,0.170305195,77.08798123,1205.978609,34.72720272,10.55407017,0
9404,399.9349468,5.534615287,0.790667285,0.758325443,0.915548947,0.575065844,52.75324843,240.3544933,15.50337039,10.53373017,0
8714,370.1272029,6.077731875,0.621138144,0.497867311,0.933171644,0.247893084,57.14578741,202.0749791,14.21530792,10.54006519,1
8577,1666.894499,17.28124804,0.713244542,0.706929543,0.796114794,0.49977172,23.3916499,429.0839812,20.7143424,9.99873956,0
1289,587.3954101,6.077894277,0.904281807,0.901448926,0.725791723,0.812614244,8.556474357,104.4238595,10.21879932,7.000696238,0
9166,278.316354,4.937291798,0.679315419,0.568246253,0.936265087,0.322917384,54.54466147,126.5098888,11.24766148,10.58249657,0
7804,1401.874536,19.78795037,0.371794045,0.31200732,0.858968708,0.097371819,42.46574328,854.3937046,29.23001376,9.847567947,1
1404,2766.721053,29.25504346,0.47295805,0.459054087,0.776995436,0.210782165,42.93264612,922.7894987,30.3774505,10.27406663,0
8080,484.0345564,9.131928771,0.574481658,0.517013266,0.91610286,0.267317264,32.15905915,347.4694836,18.64053335,10.28186143,1
8311,1322.341521,14.68451715,0.563847001,0.518788681,0.876667631,0.26918799,80.2481308,503.7455206,22.4442759,10.77905172,0
3817,1321.754427,17.05349966,0.609278003,0.593882329,0.855796001,0.352721388,25.2451012,543.5695924,23.31457897,9.081588183,0
6230,3201.723597,34.04198369,0.447336763,0.436824166,0.68343194,0.190838993,25.16610188,548.4275766,23.41853063,9.611441486,0
3999,63.33066419,1.94377522,0.779400029,0.704872761,0.93295179,0.496851604,6.824978166,31.1235333,5.57884695,6.356228593,0
8340,146.5372384,3.405146429,0.78315291,0.712828425,0.944069873,0.508131031,19.019098,163.4558919,12.78498697,9.695885809,1
9616,3103.728814,31.11079269,0.475514317,0.461659189,0.759217191,0.213203384,60.13109935,1166.325748,34.15151166,10.52328679,0
9434,1270.746617,15.75133093,0.618480377,0.595883039,0.877404405,0.355093165,31.77429784,660.1275592,25.69294766,9.304765572,0
6892,693.5362138,8.391553023,0.774839399,0.749165078,0.878658711,0.561268667,52.64644994,322.8569852,17.96822154,10.74626264,0
7023,153.5714164,2.322166486,0.809196947,0.700789697,0.861492015,0.491110181,11.57988249,56.86360964,7.540796353,8.809474019,1
5040,2937.259796,26.63801293,0.553742273,0.538529005,0.762369728,0.290104985,78.20107024,1050.071904,32.40481297,10.55295859,0
6537,2518.9346,26.10346131,0.448218809,0.418969802,0.807784611,0.175608855,78.78467075,911.6221799,30.19308166,10.76548367,0
6583,4994.448019,46.50672208,0.309655286,0.297588536,0.644573351,0.088668503,63.45446951,2040.832722,45.17557661,10.00054301,0
6973,34.6330497,0.996146594,0.903929771,0.849385598,0.937357103,0.721460737,16.55499854,33.4085607,5.780013902,10.71766928,0
3960,3345.743314,33.83041703,0.460781726,0.451384616,0.718966787,0.203812346,32.34765074,880.7850676,29.67802331,9.700625626,0
6320,1262.511173,13.61907291,0.702847162,0.683797526,0.867700161,0.467600449,53.98618746,489.6186958,22.12732916,10.74001823,0
6822,2527.112029,24.36723896,0.505649294,0.476089502,0.763899775,0.226766498,78.10699281,813.9782827,28.53030464,10.70325238,0
2306,906.3628389,12.43957684,0.599902497,0.553244412,0.888180633,0.306105135,35.57943522,558.3656129,23.62976117,9.963262979,0
5857,649.4776089,10.25905946,0.582406837,0.529002982,0.911301228,0.279865563,43.39910496,371.616278,19.27735143,10.69550237,1
1092,113.6643236,0.970012689,0.985435868,0.984704125,0.549798555,0.969642744,4.146932989,4.649482315,2.156265827,4.101692075,0
5879,1781.437325,17.0027635,0.638911731,0.608334145,0.837566978,0.370121478,82.85529108,684.7322324,26.16738872,10.6469085,0
472,707.1537693,8.059670021,0.682128464,0.617098637,0.917189878,0.380833019,80.64355279,268.3779707,16.38224559,10.81698516,0
6708,3487.074882,32.28816592,0.477341099,0.46290784,0.741698559,0.214375014,70.92938045,985.1594369,31.38724959,10.6223089,0
3694,3307.145352,35.25411915,0.426965848,0.417068095,0.711207335,0.17395221,14.65906196,375.9635528,19.3897796,7.561735875,1
2206,1548.581946,18.3358329,0.629404609,0.618082396,0.81878275,0.382042696,17.01857911,396.002654,19.89981543,8.456941791,0
5712,676.1435829,7.823936959,0.654848775,0.54406019,0.907990784,0.29602968,72.34835242,337.9542996,18.38353338,10.89423412,0
2685,1348.574459,14.50162395,0.483294544,0.414131482,0.897116123,0.171542704,78.11912733,781.6528659,27.95805547,10.72809962,0
676,1622.850989,24.12021953,0.3982936,0.378866758,0.78975949,0.143567098,26.18088443,492.5197748,22.19278655,9.655544232,0
5715,1518.313735,17.49993655,0.591723654,0.569475286,0.847715746,0.324354023,58.04702787,594.0911864,24.37398585,10.73769226,1
1898,873.7763375,10.66193268,0.64391554,0.600105133,0.905343816,0.360150672,65.23996966,410.8507542,20.26945372,10.79965741,1
2501,1945.305331,18.79277714,0.653342763,0.639634179,0.842087659,0.409169279,82.03753949,490.9633185,22.15769208,10.66761944,0
5968,1581.765161,16.75658415,0.564779615,0.526608052,0.860123803,0.277376344,69.52823655,498.6609413,22.33071744,10.7476751,0
3576,2684.019838,28.71407392,0.459333411,0.437763177,0.787486047,0.191671707,46.06374714,883.3810265,29.72172651,10.05084716,0
1746,2960.420784,31.59936476,0.401912784,0.384618401,0.793286739,0.148000175,68.95527231,1408.52384,37.53030561,10.44020662,0
6759,3813.944818,34.47658636,0.45249338,0.438404788,0.741322057,0.192298171,80.67027109,1387.036881,37.24294404,10.38515677,0
8002,301.935369,5.050589,0.799431008,0.774557487,0.922018926,0.59994776,31.37601317,348.8081455,18.67640612,10.21243146,1
1824,775.5763055,10.66815983,0.730645169,0.711913141,0.828064908,0.506834445,21.97226698,267.3220172,16.34998524,9.578052526,1
5130,3413.614023,30.10930886,0.510737541,0.495336221,0.770166911,0.245443397,82.65671167,1070.02225,32.71119457,10.49353289,1
2905,620.7498284,11.09720559,0.523090303,0.466926666,0.894340441,0.218054638,23.29362111,378.4949128,19.45494572,9.170926543,1
9730,993.8179349,13.61821996,0.528486968,0.453217626,0.882877873,0.20541971,27.15989348,507.1631425,22.52028291,9.083389385,1
6346,2690.234755,24.94050832,0.51041956,0.487338411,0.812795521,0.237574179,85.31972251,959.7417574,30.97969912,10.4743911,0
718,2641.368504,29.55345244,0.490757814,0.481535913,0.758312989,0.231901025,14.68536024,459.6607119,21.43969944,7.284837965,1
5054,4470.026097,38.65548364,0.394727132,0.378810757,0.719159131,0.143617042,76.84057153,1578.068613,39.72491175,10.39793325,1
1297,1749.297407,18.81230809,0.413982387,0.357924868,0.869521877,0.128167208,79.68483174,908.1721406,30.13589455,10.5879517,0
8858,2484.26381,23.49155435,0.50532302,0.46896867,0.803187592,0.220011533,86.15503764,772.6318695,27.79625639,10.6145942,1
2406,619.5542702,8.535837226,0.690139926,0.630457217,0.902842533,0.397503883,56.42881562,285.3844906,16.89332681,10.60205609,0
1813,43.49634305,1.257358432,0.883803007,0.8196377,0.952362356,0.671809464,20.05113739,69.21077421,8.319301306,10.49528746,0
7979,158.1361588,3.092458934,0.790140009,0.682028038,0.9444509,0.46517954,42.86451544,122.2684787,11.0575078,11.03267088,1
7400,116.7528134,2.557946832,0.814494691,0.679919462,0.943449839,0.462300242,39.65068395,73.48272991,8.572206829,11.08444581,0
284,982.4520066,11.95111878,0.676667932,0.649684686,0.886638458,0.422109774,44.75994498,562.806936,23.72355235,10.40882469,0
3498,2692.190643,27.95135413,0.45420373,0.432740919,0.802172832,0.18733606,71.43973296,1010.461253,31.7877532,10.63034943,0
7497,59.94181353,0.661111525,0.987565479,0.986247864,0.471142798,0.972685042,4.289020997,4.262406656,2.064559676,4.331223743,1
2164,1031.332201,11.01051154,0.661415447,0.608585166,0.893365049,0.370408789,72.96542834,485.0799017,22.02452955,10.75412648,0
3082,2945.065149,26.36957539,0.529773157,0.510000829,0.797114205,0.2601804,86.61259934,886.981495,29.78223455,10.52543384,0
559,44.63462608,0.414630944,0.993464917,0.9929344,0.888436964,0.985918741,18.49688019,23.28652224,4.825611075,10.79588695,1
1711,3746.29529,32.26670763,0.417177483,0.386251582,0.76625538,0.149306258,96.31648352,1215.706093,34.86697712,10.04223821,0
7723,319.8469813,6.923820611,0.616673996,0.560696817,0.935125219,0.314395291,28.26758318,326.4923106,18.06909822,10.10828503,1
7013,5190.282585,44.19183913,0.402272432,0.39237776,0.676218462,0.154113805,85.85166351,2330.733852,48.27767447,10.27876003,0
3369,1477.766797,16.61020969,0.633492477,0.61425546,0.851703437,0.377330801,50.7545832,526.6351247,22.94853208,10.75415605,0
2447,2290.003532,24.00045662,0.545760961,0.532140837,0.838797354,0.283223211,66.64417635,973.3368245,31.1983465,10.56683468,0
6600,2523.513862,24.48971052,0.4453412,0.4129663,0.827679193,0.170616664,78.9051083,1221.716526,34.95306176,10.27826036,0
1494,2960.426993,26.91914232,0.519378404,0.501812525,0.805985716,0.25188941,75.29111685,1177.641365,34.31677965,10.54189269,1
9898,78.89631739,1.531102939,0.87935734,0.768103474,0.946281872,0.589985354,39.29078197,45.73975232,6.763117056,11.08926543,0
9059,466.9806435,6.933310712,0.638018723,0.535648191,0.912203002,0.286955058,59.79368878,202.2793344,14.22249396,10.68640351,1
7539,4165.429853,33.37664383,0.465503844,0.446916042,0.761168835,0.199840877,92.3316241,1429.622202,37.81034517,10.17334231,0
5098,148.4720972,3.001834739,0.863478168,0.843871123,0.898398583,0.71211978,12.40182541,94.65425841,9.729042009,8.440709468,1
9200,444.1359821,5.614552221,0.877348228,0.870084343,0.664743363,0.757051496,7.768071433,42.00973641,6.481491835,7.239718532,0
6199,53.52520467,1.498150867,0.862570269,0.806307251,0.970057505,0.65013402,15.72211796,112.9533326,10.62795054,9.399703656,1
9432,806.4452308,9.224506326,0.738148167,0.711189995,0.910691936,0.505810036,61.93691142,423.9653456,20.59041878,10.70035727,0
3515,361.0208877,4.273821558,0.922799477,0.92108904,0.835477488,0.848406135,6.806215328,88.17007393,9.389892115,5.693496217,0
1558,363.0320219,5.74803837,0.683454635,0.588020038,0.927399291,0.345787676,52.35140332,308.349513,17.55988363,10.49329297,0
13,2241.184613,21.31573486,0.508654296,0.474534393,0.848318441,0.225243876,84.04999758,782.8658512,27.97974001,10.48568159,1
8682,881.4328215,9.943053805,0.758577726,0.743409419,0.900323637,0.552670413,70.1053202,427.6186285,20.67894167,10.61811353,0
3478,1765.432605,21.56760101,0.57604879,0.566102185,0.840296303,0.320501171,21.32405968,583.5678998,24.15715008,8.589427964,1
6093,281.4086397,3.579449067,0.86778855,0.830422975,0.918287379,0.68961111,47.98507418,150.9146437,12.28473214,11.02806643,0
1410,1969.276475,18.57801337,0.619390534,0.591016793,0.84440025,0.349345628,93.01641434,655.145866,25.59581735,10.49374695,0
2383,2751.634177,27.90925939,0.433766589,0.408690554,0.792755613,0.167114522,75.61870347,1107.124678,33.2734831,10.55078053,0
8422,2435.436,29.6102879,0.423199229,0.409862554,0.802495528,0.168005523,18.34855561,596.7682628,24.4288408,7.613338592,0
4432,2921.721378,29.36417587,0.457428731,0.439927417,0.804695386,0.193612174,71.65893581,1106.656778,33.26645124,10.61355718,0
6776,2774.057816,26.13822959,0.491247529,0.464048929,0.812722936,0.215407905,84.31486294,813.8972817,28.52888504,10.58477741,0
4847,469.1831976,6.015749665,0.788033427,0.746624565,0.909243675,0.557469272,56.86165056,249.1810481,15.78546952,10.81183041,1
9335,1476.592416,15.45532013,0.552456733,0.50390945,0.878656557,0.253971332,74.89907834,577.5204139,24.03165441,10.73267546,0
394,3433.388004,29.6169086,0.478152696,0.453906694,0.777733876,0.206117009,87.04376822,1152.896173,33.9543248,10.40474918,0
4452,1915.153706,20.70593508,0.383797116,0.331143353,0.843450641,0.109713379,84.48559838,780.2377574,27.9327363,10.65113389,0
2517,1348.74226,14.04442675,0.530184766,0.464213721,0.880810995,0.215539068,85.129999,565.4295449,23.77876248,10.81301358,1
3709,1430.303727,13.6069211,0.802596192,0.798955961,0.772625389,0.638334761,8.179082829,178.9069801,13.37561139,6.223397898,0
5473,1452.66923,18.20907625,0.581868163,0.56314763,0.854241884,0.317168841,41.11538462,760.6688638,27.58022596,10.05582777,0
7299,3677.595873,30.45669488,0.481893544,0.458455684,0.760575463,0.210295659,97.97819585,1097.915202,33.13480349,10.02505304,0
1633,2106.277671,21.03274075,0.511605251,0.474652687,0.847872436,0.22534744,73.71237994,1057.428723,32.51812915,10.47773423,0
6918,1477.447197,16.23536211,0.621539576,0.597436028,0.862696087,0.356968496,59.7879279,546.1497839,23.36984775,10.78125197,0
1590,171.8809646,2.313408153,0.920556195,0.91180223,0.937455912,0.831385981,28.08114071,127.1496236,11.27606419,10.71816393,0
5235,3781.125095,33.8474226,0.419765701,0.398113453,0.742917547,0.158595548,76.03680377,1305.511653,36.13186478,10.6134786,1
5289,2591.978259,30.67076049,0.417976244,0.404368792,0.808732223,0.163563805,35.51607989,972.5899581,31.18637456,9.984028659,1
7052,1451.967771,15.77762844,0.583919403,0.540486563,0.858267916,0.292161214,68.17004066,467.2332522,21.61557892,10.52495779,0
8944,1513.553435,14.68019769,0.685363817,0.667687485,0.874042417,0.445833014,78.2438928,555.6635009,23.5725158,10.72968795,0
3062,91.54087087,2.366531653,0.756005123,0.620052089,0.958462435,0.384472815,27.234274,159.9909142,12.64875149,10.4464242,1
9584,1979.286157,17.84879877,0.585336212,0.544769073,0.862577751,0.296815315,99.12320249,727.0353458,26.96359297,9.86482898,0
5587,681.494548,12.08415744,0.490364873,0.432133509,0.931339203,0.18675508,28.98914127,682.470907,26.12414414,9.010292668,0
9192,290.7365523,4.832819531,0.731133623,0.640003484,0.930637377,0.409615554,46.69046353,135.7787692,11.65241474,10.74849427,0
9574,1825.255422,20.04158121,0.651038415,0.643148661,0.786811079,0.413658769,34.84797424,445.9201219,21.11682083,10.63734338,0
5695,3205.658803,30.75675725,0.405991054,0.378823971,0.766046215,0.143594997,70.66251899,1131.927875,33.64413583,10.64527242,1
9611,449.2566619,6.753713416,0.7000726,0.646481806,0.911984942,0.417976429,63.13949255,164.5339428,12.8270785,10.53117657,0
9121,2248.136154,22.94586898,0.482682825,0.453082635,0.827381681,0.205344452,81.87138604,854.1430528,29.22572587,10.58847001,1
6917,3347.078638,30.82789661,0.461150709,0.439819844,0.754797042,0.193521676,73.17081109,1019.417912,31.92832461,10.59292301,0
5475,600.8582452,7.236299367,0.803398366,0.771217651,0.859549328,0.594783008,20.90406504,339.5505287,18.42689688,8.769449019,1
1190,2055.13777,21.2602618,0.531030503,0.509118145,0.834071275,0.259267468,73.00638009,951.1692353,30.84103168,10.59826461,1
4693,2939.44598,26.66457305,0.529538664,0.508597302,0.792652848,0.25875177,83.35846697,904.4718052,30.07443774,10.54872746,0
7866,2632.215859,25.15977715,0.411445603,0.371902588,0.819527082,0.13838215,90.72541888,967.9768979,31.1123271,10.15095061,0
6208,1625.53558,17.54814361,0.589043427,0.561098688,0.840447228,0.314883498,69.18733278,678.4674566,26.04740787,10.72866749,0
1478,3851.943178,36.74242816,0.403922856,0.39000681,0.738242393,0.152195799,71.81738347,1503.864309,38.77968939,10.46379439,0
3254,3457.77879,32.42157761,0.481854801,0.469455562,0.757869824,0.220499813,65.39604758,1210.891011,34.79785929,10.62967101,0
4022,2378.155862,22.70974729,0.465996636,0.430507387,0.847051705,0.18540864,87.73549811,1092.564234,33.05395943,10.26960545,0
5877,1535.2749,16.30634211,0.510904889,0.454124353,0.876908867,0.206274409,94.04328762,559.1351781,23.64603938,10.48703108,0
6056,2452.808312,22.35266426,0.449462392,0.401670509,0.822519319,0.161412913,95.11180366,772.0105953,27.78507864,10.2196534,0
5067,1318.833248,14.97598987,0.58696065,0.550484942,0.886848215,0.303065848,60.34198966,582.6252911,24.13763226,10.79414099,0
8975,1072.942392,14.93260259,0.551401594,0.502962073,0.878633826,0.252991921,25.95728285,523.5914585,22.88212093,8.922765036,1
7900,304.061945,5.288113873,0.709694735,0.637247711,0.938671633,0.406101109,56.07267464,238.8796121,15.45573072,10.53447149,0
9323,873.1600735,10.80478536,0.757174702,0.744922362,0.843185974,0.554945658,43.20577128,384.1180468,19.59892974,10.80570115,1
8279,135.9525115,3.254180734,0.720583889,0.630970684,0.941972055,0.39812923,8.876036274,82.10563872,9.061216183,6.570184308,0
7829,2337.20083,21.53848972,0.613677002,0.599187189,0.81915441,0.359098039,78.18496141,763.8564496,27.63795306,10.66070081,0
196,32.52002304,0.379394144,0.991034125,0.989843521,0.34810288,0.97979036,4.097688837,1.210105554,1.100047978,4.121671936,0
3458,418.4862051,6.513896966,0.747917434,0.714432318,0.912274,0.510424731,53.02755301,210.6175958,14.51267018,10.5752467,0
6114,4186.062395,34.50407537,0.405803756,0.384503683,0.761987526,0.14796537,96.65105243,1399.166941,37.40543999,10.07008825,0
3447,1998.479787,17.90236187,0.587597746,0.548607285,0.847797099,0.301026206,88.93660809,711.0019099,26.66461907,10.65160955,0
3653,509.5012767,9.123762279,0.579797378,0.51621043,0.90414041,0.266485599,23.17389063,319.0121218,17.86091044,9.582273788,0
4313,1968.612185,20.65796492,0.492123675,0.44887817,0.82038778,0.201566818,81.03003275,713.2512018,26.70676322,10.68284157,0
241,1675.361775,16.50403241,0.551444361,0.491882821,0.848070591,0.242004613,75.39850327,645.7092026,25.41080878,10.66297635,0
3656,299.1421808,4.465425116,0.761563649,0.694262016,0.944566171,0.482006717,46.25128603,295.7929613,17.19863254,10.69982353,0
6503,2910.089379,30.54420043,0.440182154,0.423491796,0.775519303,0.179419143,56.13182303,1016.089499,31.87615879,10.52548182,0
6657,667.5831187,11.2851927,0.589137594,0.554517155,0.900024521,0.307512913,26.08687584,428.9287523,20.71059517,9.161286957,0
9827,234.2954947,1.719002298,0.979393242,0.978023848,0.579357776,0.956532181,4.611686824,26.13858271,5.112590606,4.487129909,0
2855,579.0052858,8.180621859,0.62265888,0.542241727,0.905954261,0.294050284,51.06969284,347.1417791,18.63174117,10.61211557,0
5048,4627.832514,36.60988009,0.463855607,0.449521637,0.727794054,0.20220867,88.120141,1560.567825,39.5040229,10.34384469,1
2660,3369.615447,33.89985909,0.443297893,0.431018188,0.753060197,0.185976989,43.86439986,1286.883844,35.87316328,9.532006151,0
2270,877.4841429,9.010711693,0.700134267,0.634739355,0.907892261,0.402918222,83.36153759,390.8818763,19.77073282,10.77045281,0
4612,621.164058,7.981673632,0.702373286,0.647979299,0.896546051,0.419895961,57.03263775,275.700368,16.60422741,10.61497035,1
1227,3411.314964,30.71583618,0.538201653,0.528393722,0.757759711,0.279271712,67.54543881,1076.463618,32.809505,10.65736208,0
1146,1953.884671,19.09546849,0.638367957,0.622444313,0.842517032,0.387472752,78.20606962,767.1899498,27.69819398,10.73656103,0
494,4363.630892,39.13159308,0.392060781,0.37854696,0.728763686,0.143413683,84.26071571,1427.649281,37.78424646,10.41450719,0
817,3679.765205,32.61022364,0.495919528,0.483877247,0.760242075,0.234206744,71.37624273,1023.029188,31.98482747,10.51956177,0
5536,176.7984412,4.904370123,0.53792663,0.416391876,0.97133526,0.173391604,26.07784501,452.8785108,21.28094243,9.014391307,1
4075,546.3069904,5.804213467,0.815214802,0.782339829,0.926568142,0.612065777,84.53776038,275.4504536,16.59670008,10.89725634,0
2122,2626.245674,22.82008911,0.623877512,0.607915497,0.80159448,0.369607294,83.2928657,952.09701,30.85606926,10.67522402,0
9096,5186.805129,43.01125129,0.420322036,0.40955358,0.671950781,0.167879851,87.9751089,1662.854182,40.77810911,10.44664241,0
2094,4421.742413,38.01027553,0.393185356,0.376965148,0.727703584,0.14222488,94.75599819,1516.301939,38.93972186,10.21138067,0
3647,2920.784805,29.04066927,0.47526214,0.460174587,0.788027612,0.211840152,56.29867572,1390.575933,37.29042683,10.01939978,0
5572,3421.805968,30.91290725,0.465251356,0.443940463,0.744670019,0.197182134,79.67997607,1181.936965,34.37931012,10.61569059,0
1334,2830.047863,24.55771979,0.610723764,0.59871088,0.793533475,0.358518931,80.53578931,1045.224834,32.32993711,10.58528586,0
2189,2033.469554,21.7612953,0.592855159,0.580401489,0.810082957,0.336884852,35.07082903,581.5567364,24.11548748,10.25802731,0
5188,2529.005992,24.54231367,0.504763503,0.478725914,0.816865529,0.229241207,85.51741769,917.8746787,30.29644663,10.5233007,0
1207,2796.508964,26.55408651,0.619781795,0.613553764,0.730547399,0.376506887,72.857994,859.8093664,29.32250614,10.5686718,0
5137,1919.009705,18.63804661,0.575760638,0.540676205,0.831145998,0.292383488,73.54505125,671.0296915,25.9042408,10.79137753,0
9583,1216.665519,12.89058884,0.647748793,0.609160074,0.88587666,0.371101001,82.01880644,449.870357,21.2101475,10.72959024,0
3474,1124.775008,14.33547695,0.489199438,0.438620095,0.886252083,0.192445981,67.43627425,535.4572773,23.13994981,10.75870585,0
847,631.327418,9.520366815,0.649541248,0.60824183,0.903560729,0.369970222,31.27113308,461.2781667,21.47738734,9.835172624,0
6453,1395.069635,16.41910952,0.549217757,0.514040887,0.843632467,0.264294292,65.00189266,460.3340958,21.45539782,10.68355697,0
6478,816.1483382,12.3209371,0.648881456,0.629832019,0.897803897,0.396701035,17.76173759,367.4829864,19.16984576,8.228428338,1
7669,2141.012468,20.36323603,0.525968716,0.493629095,0.856994502,0.243728678,97.75462941,826.7512883,28.75328309,9.978684328,0
5843,1620.357147,18.93349054,0.603633182,0.5824201,0.79656436,0.339224505,28.60562326,453.5250393,21.29612733,9.768780097,0
3066,445.1901046,6.838214123,0.79162502,0.774637136,0.885600357,0.600087176,35.29682664,253.164231,15.91113544,10.74009317,0
4551,806.6598638,13.66675431,0.517807629,0.481479636,0.850720355,0.23183893,45.22163588,292.2994612,17.09676757,10.536835,0
204,2258.578885,22.69453685,0.545168274,0.525415797,0.824049911,0.276143089,71.1282321,1022.836567,31.9818162,10.62237578,0
9654,3619.522875,33.88683408,0.42802404,0.413180309,0.749297606,0.170810861,68.95197604,1305.736182,36.13497174,10.50164562,0
3229,3038.344704,30.88135713,0.433370307,0.414129963,0.785431716,0.171573711,62.1601518,1145.386441,33.84355834,10.51273737,0
1072,2873.125947,30.28455156,0.50826972,0.499270645,0.723976463,0.249283352,26.66085907,502.0543367,22.40656905,9.30944584,0
1937,1673.805784,16.23166277,0.594283592,0.553802915,0.858696877,0.306753748,92.57916984,498.9477646,22.33713868,10.71275523,1
4755,920.1445992,9.782524242,0.717654279,0.676834691,0.891967283,0.45812892,70.22568259,421.1234132,20.5212917,10.6914929,0
4129,1951.045822,21.56023787,0.489816488,0.463207816,0.857401985,0.214609891,73.07061866,939.4269804,30.65007309,10.7105571,0
2223,4255.22673,34.16011594,0.406546789,0.380533051,0.744340528,0.144933886,97.71875705,1583.264744,39.79025941,10.04079486,0
7906,2456.707861,22.29737106,0.484916191,0.427455162,0.782583953,0.182795856,85.96974931,791.8498202,28.13982623,10.67229793,0
9767,1710.858418,17.43109435,0.562605101,0.530322453,0.863653985,0.281293888,85.67074297,582.6177148,24.13747532,10.71121711,0
2573,1492.163105,13.95140773,0.563612312,0.483023723,0.873821176,0.233370979,89.39294614,609.7620204,24.69335984,10.77017834,0
2919,850.8424785,11.52364899,0.627865004,0.590132676,0.919646616,0.348267355,47.91411446,871.2093902,29.51625637,10.0574138,0
4156,3023.597873,26.84560311,0.567687663,0.556257152,0.788020494,0.309476903,78.46605977,1007.914392,31.74766751,10.50621702,0
8895,1178.150074,13.11630038,0.773685195,0.768860001,0.822461345,0.591159812,12.93116883,265.9706503,16.30860663,7.907276633,0
8909,1001.934747,13.25820503,0.517435429,0.443776891,0.887379658,0.196979855,61.65021482,694.5122516,26.35360035,10.52497118,0
6372,806.3507222,9.933543976,0.619123664,0.551334967,0.902870972,0.303995278,59.54988942,307.2733989,17.52921558,10.73586677,0
7958,1153.276668,17.91265075,0.421771299,0.383216159,0.902874959,0.146873962,32.46404987,843.9548114,29.05090035,9.07086694,0
2742,2497.500071,32.13586595,0.256269948,0.231697389,0.798631821,0.05372609,56.66990654,1686.873842,41.07156975,9.334410263,0
3124,3754.384201,30.6267123,0.435951246,0.391073397,0.750367774,0.153082618,92.24498973,1415.845215,37.62771871,10.00573033,0
348,192.512306,4.563311469,0.589674757,0.426872564,0.954506962,0.182236562,33.47624153,294.6644468,17.16579293,10.47419435,0
3069,2943.935741,24.40189014,0.558493057,0.528007528,0.797603742,0.278869698,102.9707985,922.7286651,30.37644918,9.588448652,1
6935,2574.94265,27.58442306,0.51890235,0.507222611,0.740199084,0.257319101,35.22107685,713.4108581,26.70975212,9.881027202,0
7773,4466.733227,39.05780713,0.429735607,0.418395695,0.697785288,0.175189833,69.69302182,1692.537566,41.14046142,10.43343016,1
9981,465.4856678,6.900218271,0.762003423,0.737725405,0.926335465,0.544249676,42.62048293,412.0071377,20.29795895,10.69179271,0
9883,709.3315243,10.92953246,0.498698252,0.392318687,0.885699364,0.153933013,35.93383994,493.5906412,22.2168999,9.715533582,0
3210,2440.911857,21.60619233,0.60620009,0.588866621,0.819642853,0.346815579,85.78196293,822.5863714,28.68076658,10.63704584,0
8189,64.84552679,1.890940791,0.838578982,0.774395076,0.960012795,0.599694582,25.42462215,121.5786719,11.02627189,10.61723838,1
7145,704.1541168,8.653803976,0.702432758,0.643426403,0.88647409,0.414025276,62.83192746,355.1534617,18.84551569,10.82253535,0
1967,24.35800324,0.877197766,0.892438197,0.780516138,0.939702632,0.60920944,9.270243748,23.54820922,4.852649711,8.49848319,1
6039,2171.32511,19.16786151,0.640625074,0.622515371,0.835066104,0.38756959,89.44606006,733.3403541,27.08025765,10.57039068,0
753,1956.104849,19.13322274,0.591356558,0.563575904,0.837334106,0.31768231,70.02658874,671.1904356,25.90734328,10.68636452,0
4874,504.9427823,8.019226187,0.775692881,0.763589011,0.834613461,0.58308248,14.86603466,152.6876296,12.3566836,8.808973166,0
1678,243.939582,5.001431245,0.663284474,0.568169044,0.948727518,0.322822236,31.60428037,360.2883757,18.98126381,10.1804637,0
6033,838.8018391,11.24706245,0.72650884,0.71349537,0.823215866,0.509088072,16.36547599,213.0829715,14.5973618,8.894793278,0
6299,2633.270793,27.03178162,0.519262565,0.505286527,0.781877746,0.255406529,63.50930809,817.4738034,28.5914988,10.60007527,0
3288,2157.26069,19.97519744,0.547651457,0.503169377,0.829677258,0.253236526,86.56264528,791.0253473,28.12517284,10.67733223,0
448,1137.03113,12.42005151,0.586693138,0.515558812,0.889365216,0.265835261,76.22853236,500.5051112,22.37197155,10.82009171,0
3923,928.8416515,11.54386707,0.574530453,0.502932291,0.88718617,0.252981396,52.46542292,650.3958096,25.50285885,10.48544447,0
3940,499.4131315,7.135354694,0.776571111,0.754774664,0.898866372,0.569698095,41.14965328,231.4760719,15.21433771,10.86424268,0
3619,1101.04901,11.82584786,0.749531946,0.73039503,0.851420323,0.533485159,52.41668906,276.5443896,16.62962386,10.92929747,1
1839,2403.859287,27.8493593,0.354219157,0.318311439,0.800981833,0.10137873,47.14236886,1276.681252,35.73067662,9.443171043,0
4169,92.4918093,1.031981516,0.982216767,0.981668107,0.73772952,0.963672549,5.38502348,24.21510252,4.920884323,5.304403121,1
4241,2820.438422,28.32129921,0.496767544,0.481944101,0.779881476,0.232411002,66.86582643,917.8631713,30.29625672,10.70188842,1
5168,1017.559602,11.49341671,0.782121606,0.773989304,0.822051067,0.599064848,35.59332293,254.7660272,15.96139177,10.73712171,0
1874,333.4704843,3.528862781,0.935990793,0.929563614,0.495027692,0.864092423,5.736440498,24.27353862,4.926818306,5.837771464,0
7505,2695.73467,29.21081166,0.430928402,0.411089429,0.804318102,0.169081375,60.74266564,1231.607771,35.09426977,10.06063367,0
2796,369.1018306,6.068217911,0.707705944,0.629805069,0.91456957,0.396670671,41.72919946,200.086813,14.14520459,10.64566207,0
4801,1593.083039,17.30547893,0.554352448,0.517312769,0.874645938,0.267648597,78.14031972,692.2640923,26.31091204,10.74263676,0
6397,2548.359148,24.57399431,0.506063776,0.479220202,0.824653143,0.229754974,74.58943418,1076.118385,32.8042434,10.45059458,0
4107,2254.923858,21.79768813,0.516333917,0.483608294,0.827484565,0.233930015,78.25009518,880.5433443,29.6739506,10.75164622,0
4089,4184.375196,35.28085314,0.44224543,0.426739791,0.745508942,0.182246427,90.30169698,1252.938143,35.39686628,10.26384972,1
2414,1527.008302,17.66175355,0.585254741,0.560712585,0.843221059,0.314496998,58.19925029,615.5218828,24.80971348,10.80701647,0
3197,2809.334257,31.61074967,0.432453765,0.420170175,0.787246716,0.176599611,40.27065881,1254.113524,35.4134653,9.848251418,1
5567,4637.281399,39.65565551,0.405909069,0.391785044,0.692206144,0.153639717,80.79195577,1711.152294,41.36607661,10.3452018,1
5099,3670.029893,29.30748801,0.481806399,0.458073695,0.786401937,0.209969149,103.9046632,1222.268048,34.96095034,9.930483648,0
4775,3521.01291,34.02500322,0.49950458,0.4911405,0.70330015,0.241258619,22.71454304,831.6910778,28.83905473,8.750594541,0
2007,632.7196528,8.802176239,0.737461468,0.714211117,0.917521965,0.510102286,11.2676752,243.4653928,15.60337761,6.407470362,1
3480,37.6403313,1.791318212,0.747728845,0.623239547,0.975307846,0.388432106,9.204458322,57.57319225,7.587700063,7.432937996,0
1139,2405.236344,21.14067123,0.588220516,0.557750972,0.829620924,0.311141684,90.85770866,903.6627766,30.06098429,10.33268217,0
6874,2138.036481,22.42568893,0.43270118,0.391884376,0.846819213,0.153647902,78.11889999,980.4827626,31.31266138,10.64420304,0
7144,240.1651229,5.214152168,0.683516181,0.60746313,0.928278248,0.369022601,23.13086242,210.8968329,14.52228745,9.883771389,1
8492,724.4269482,9.064824184,0.302626332,0.16586924,0.92429089,0.027539004,117.8706564,895.2107937,29.92007342,9.856709184,1
8741,1674.442208,16.68699487,0.41631167,0.323268885,0.87527953,0.104542247,92.88982338,929.492627,30.48758152,9.979689214,0
5622,3270.965488,34.92459445,0.412055383,0.39999566,0.727096939,0.160055776,40.19726618,1018.535642,31.9145052,9.806360685,0
3445,801.2411177,8.213642522,0.692885732,0.616907082,0.921022546,0.380585162,78.78115811,403.3510967,20.08360268,10.6819589,0
1965,744.8078814,7.795016414,0.8752594,0.872550332,0.789476817,0.761346995,6.31425737,95.77819809,9.786633644,5.275190618,1
6535,971.4300735,13.16367664,0.703703249,0.695104655,0.838817093,0.483186248,9.635210677,172.1269036,13.11971431,6.402597671,0
155,2773.225095,23.1700249,0.606613322,0.58721071,0.772661894,0.344908881,93.2930523,1138.096244,33.73568205,10.44334554,0
2854,354.5499049,5.251106096,0.713139497,0.5924721,0.928824653,0.351045493,63.8705911,184.3715611,13.57834898,10.60736042,0
2039,68.01584881,1.877762904,0.762675593,0.577570495,0.961897838,0.333594589,25.5984369,116.8027704,10.80753304,10.35470813,0
5922,3834.876337,34.23926788,0.447886539,0.43199213,0.756067637,0.186699274,79.24835763,1188.273825,34.47134788,10.55590693,0
1651,1988.657576,20.07840579,0.520014391,0.487310658,0.837277688,0.237537764,83.01598796,646.3337987,25.42309577,10.78254316,0
2415,3878.67906,32.52406874,0.425057397,0.398820116,0.72858425,0.159188012,91.00953664,1416.368605,37.63467291,10.18387258,1
1241,4272.144985,35.8640421,0.433327052,0.413813904,0.732861855,0.171383173,82.59454935,1582.795436,39.7843617,10.29598579,1
5380,756.8214687,9.196450342,0.652211266,0.594826574,0.906566687,0.353841792,63.27650661,320.2754616,17.89624155,10.74689022,0
7862,3424.400339,30.83811018,0.434378028,0.410953104,0.767549292,0.168993427,87.55529387,1199.992152,34.64090287,10.35995973,0
6529,2570.160856,23.48484347,0.557762104,0.53529265,0.811184743,0.286606196,80.34919885,820.1825836,28.63883,10.61428895,0
3244,19.93094827,0.945977564,0.817791312,0.488880645,0.959655459,0.239012499,10.12132241,29.66114782,5.446204901,8.532666034,0
1160,1251.919577,14.75868425,0.520053669,0.446630183,0.839459347,0.19952674,64.22569907,473.2728846,21.75483589,10.81152728,0
6672,1247.671664,13.96487387,0.757122405,0.752356767,0.819655289,0.566047748,9.666970714,223.2131623,14.94032002,6.363179071,0
4344,1187.833876,14.33812868,0.518082227,0.457198151,0.869077599,0.209090453,72.50635273,418.2968488,20.45230669,10.76461933,0
2000,3231.579044,28.63615063,0.512128766,0.496012461,0.790254946,0.246110006,91.56403952,991.1333915,31.48227107,10.29912985,0
6744,268.4915429,4.774609953,0.6958977,0.609933967,0.955100859,0.372024371,44.42834747,308.2473582,17.55697463,10.81986608,0
1974,228.1452541,3.727396941,0.809387793,0.752558004,0.933269841,0.566357203,42.61399622,218.3864152,14.77790294,10.81471092,0
7445,1778.572439,17.71765047,0.635282411,0.614792884,0.852928396,0.378007876,77.99349224,673.8327198,25.95828808,10.83551614,0
1663,1095.25439,12.83966491,0.628428908,0.592847165,0.876006414,0.351498858,55.34382654,427.6465293,20.67961628,10.83033357,0
1801,1161.756294,12.77144267,0.50629104,0.409775648,0.880348495,0.167954343,70.59878007,710.8910953,26.66254105,10.52644011,1
3131,2639.67429,27.06788257,0.479428838,0.462453235,0.813355523,0.213929648,80.99484713,1015.365287,31.86479699,10.55301142,0
7293,1088.73254,11.55874583,0.568222868,0.468633417,0.903081026,0.219652798,83.95482608,614.0414267,24.77985929,10.64788727,0
7451,3909.463269,31.09947426,0.501601696,0.480934819,0.762952921,0.231430782,94.76923431,1297.197426,36.01662707,10.07859891,0
5390,35.55196788,1.070930216,0.857819872,0.674403859,0.939414936,0.454827801,12.16374248,29.1395207,5.398103436,9.895907259,1
7915,731.5726912,8.101236617,0.78395861,0.758773322,0.904720501,0.575751457,52.1904716,590.6784466,24.30387719,10.54589026,0
8076,1349.094521,11.81297259,0.749046378,0.729034214,0.876900279,0.531507002,92.40003326,492.418154,22.19049693,10.58385222,0
9871,1595.842854,21.00401344,0.425734619,0.395761202,0.878475777,0.156658478,55.23264397,1062.695716,32.59901403,10.43135514,0
1577,197.8499285,4.097518402,0.80893056,0.773209303,0.911945863,0.59785915,13.51483703,109.6701994,10.47235405,8.789834766,0
5366,4248.822874,36.1661138,0.425709812,0.407856329,0.720686272,0.166482962,80.0743083,1566.72797,39.58191468,10.38267534,0
9086,350.5008052,4.588036855,0.89691438,0.891147003,0.660053376,0.794148979,10.54438263,67.86285484,8.237891407,8.355016767,1
9821,1435.756199,18.5743736,0.499621823,0.465336114,0.816328008,0.216602157,41.39664254,570.4645917,23.88440059,10.46850622,0
6355,3353.995473,32.79813332,0.38441169,0.360082356,0.722989109,0.129766425,65.68145185,1424.932615,37.74827962,10.21179219,0
8747,2004.738773,20.3183002,0.498097218,0.453877257,0.846020246,0.20606522,85.22368222,696.1987154,26.38557779,10.67439648,0
6485,383.6586993,5.972517392,0.612155228,0.477989449,0.930930856,0.228502231,66.28768757,264.1706394,16.25332703,10.71420536,1
9222,60.9406206,1.035917433,0.947340223,0.925052382,0.946648087,0.855722552,29.72303552,73.19600327,8.55546628,10.80331797,0
1556,2212.891246,20.24918692,0.528594871,0.489098554,0.818744895,0.239278327,94.86172701,782.3441512,27.97041564,10.47076931,0
7125,4377.20814,37.00827615,0.437629237,0.423497316,0.73133715,0.179475115,81.39144957,1599.373924,39.99217329,10.37019669,0
7631,1988.480006,25.22461055,0.43802776,0.419235003,0.827873686,0.17580383,55.55076434,1074.817255,32.78440566,10.09124174,0
425,589.3518824,7.705500966,0.673412747,0.606274121,0.921601613,0.36758543,52.03450746,423.5144709,20.57946722,10.59627833,1
7638,597.1077411,7.204094467,0.732850238,0.677029912,0.908506482,0.458388168,57.83925574,383.5011425,19.5831852,10.65165571,0
8770,4227.479868,40.9797322,0.402530313,0.39294613,0.662301376,0.154471626,51.72315332,1196.087004,34.5844908,10.33625728,0
8696,1068.924572,11.69682237,0.697746262,0.67209282,0.890100909,0.451737655,69.02167537,494.7736199,22.24350736,10.75510882,0
3841,1695.435329,17.90719587,0.669224286,0.659152541,0.829282822,0.434515748,40.49012372,699.512908,26.44830634,10.14779717,0
7366,993.8148408,10.23777528,0.749014369,0.725154348,0.885251225,0.525868042,70.3993461,469.350498,21.66449856,10.69881626,0
1605,395.1911221,6.389697104,0.64691768,0.55638405,0.931780829,0.309585393,47.10291832,379.8492766,19.48972233,10.47304143,0
6020,479.3624999,6.563108697,0.755067451,0.725667861,0.926240121,0.526603101,49.80308386,300.7231336,17.34137058,10.71578733,0
8377,462.8199192,4.229756477,0.940535894,0.936942055,0.574377419,0.877862803,5.123615407,40.99965565,6.403097348,4.80190776,0
1336,1823.763553,16.66473129,0.670746219,0.648865473,0.85623776,0.421066608,78.24805494,704.0813989,26.5345322,10.66765761,0
3531,2672.772503,28.48186271,0.459861981,0.440200005,0.784129322,0.193792331,16.15808305,443.2563716,21.05365459,7.215100961,0
216,1925.197145,23.41745202,0.487442445,0.470001759,0.838053957,0.220948929,62.36988866,1069.037288,32.69613568,10.51082706,1
2710,4823.027289,45.05088139,0.345290609,0.334286518,0.650439695,0.111835283,57.86855834,2051.331622,45.29162861,10.01380266,0
8643,160.7834144,4.399088091,0.544958574,0.370820257,0.957715642,0.137515271,24.60501527,304.4303575,17.44793276,9.552268109,1
3915,542.2611489,8.894745177,0.69511191,0.670040479,0.894964577,0.448979381,28.94734756,369.9827762,19.23493635,9.935399309,1
909,1535.381088,16.57195147,0.687235273,0.665699346,0.751623244,0.443173628,34.23190086,296.982529,17.23318105,10.78357677,0
2527,2464.029877,26.30344508,0.476844237,0.457264575,0.831427921,0.209141505,68.25005033,957.3336899,30.94080946,10.78541357,0
1817,65.69002639,2.096800207,0.807240921,0.715773061,0.936687091,0.512334926,7.60685943,34.85972522,5.904212498,6.898337048,0
9388,3530.28413,31.17548862,0.417756169,0.38798542,0.777012679,0.150636893,93.27338574,1195.494996,34.57593088,10.05904243,0
8366,3794.887716,38.8837221,0.360063596,0.347476911,0.71009581,0.120831511,45.01429909,1192.752028,34.53624224,10.07778675,0
6324,3028.46574,34.16939733,0.401143467,0.390053903,0.756687849,0.152180259,26.91828288,854.9757017,29.23996754,8.88937185,0
3795,1127.247003,12.77943496,0.549018987,0.470296841,0.863760209,0.221226056,73.27551171,424.497352,20.60333352,10.79462499,0
1484,73.88911962,1.224259709,0.929973638,0.874409623,0.926791765,0.764593862,39.52057672,57.63426185,7.591723246,11.38532839,1
4517,2875.960767,26.26561766,0.419519401,0.379627059,0.801561542,0.144193128,95.17284601,980.0648352,31.30598721,10.0455473,0
8294,2767.492932,26.2761745,0.485298492,0.459715226,0.765426599,0.21142949,68.68221532,1055.535893,32.48901188,10.49950189,0
4300,3949.469137,33.22553288,0.448795518,0.431586456,0.761395175,0.186371279,96.9941452,1338.362403,36.58363573,10.07813634,1
810,1138.539825,12.19956971,0.692338726,0.671508582,0.887828288,0.450944995,63.49852962,567.0027593,23.81181974,10.73487734,0
1604,1399.252597,17.2689052,0.504839555,0.466678072,0.875321544,0.217858608,53.66724454,831.6424067,28.83821088,10.45417674,0
5278,634.9807939,8.011783288,0.7172503,0.668770706,0.921115054,0.447271014,49.12156337,469.8032395,21.67494497,10.72540624,0
1661,3389.477159,28.56799794,0.564102766,0.550136195,0.759558706,0.302725313,80.64947854,1130.57477,33.62402074,10.59405361,0
3678,1359.213926,19.86932442,0.514481207,0.499471091,0.876098941,0.249484239,14.4444498,378.8527321,19.46413964,7.188324242,0
232,552.5805676,8.781313067,0.579982578,0.493395861,0.91404695,0.243466576,48.88303083,356.8930694,18.89161373,10.78385194,0
2884,1107.125357,13.5629349,0.694439994,0.683371334,0.89195938,0.467017165,43.60920473,683.9507881,26.15245281,10.64202964,0
6505,1258.187295,14.09863211,0.621359774,0.592609423,0.881361392,0.351216898,70.05590785,523.9334211,22.88959198,10.69292748,0
6060,350.8319631,4.696017683,0.793671119,0.754085066,0.938934258,0.568650658,44.94968902,310.7461418,17.62799313,10.72545859,0
7479,2450.147027,22.43870508,0.570369214,0.54630671,0.820896393,0.298518105,80.72013508,913.8993033,30.23076749,10.5259253,0
1719,432.8139789,6.057983858,0.687842172,0.584770962,0.925299634,0.341978897,64.24041383,241.7646004,15.54878132,10.51395797,0
4091,76.6975184,2.213246982,0.706675497,0.44276421,0.951539902,0.196054675,26.58463484,76.42288534,8.742018379,10.5741807,0
2762,790.9818938,9.638247708,0.620878586,0.556800393,0.911254639,0.310056625,75.92315552,389.0197239,19.72358294,10.870054,0
1363,2341.560488,27.42472217,0.486546905,0.47534859,0.812690842,0.226001596,18.30078602,564.5208152,23.75964678,7.866846406,1
9365,2605.124874,25.92173588,0.457685998,0.429875565,0.806594325,0.184897457,77.22582823,930.6359369,30.50632618,10.69327312,0
6981,3477.962719,32.67567994,0.417829865,0.395925029,0.742649407,0.156839463,75.19979931,1296.724156,36.01005632,10.503343,0
6603,1048.28824,15.26996089,0.56309275,0.538889083,0.873466606,0.290435484,30.73766875,568.5630538,23.84456026,9.466935685,1
7249,1694.447836,20.05178266,0.541281986,0.520305349,0.864935493,0.270763785,54.48862872,731.0955173,27.03877803,10.74537598,0
359,58.74205834,2.179059683,0.693482946,0.53796889,0.952595811,0.289414879,8.936853665,49.31320848,7.022336397,7.42297626,1
5349,1614.446032,17.18485455,0.595007723,0.566325599,0.826613121,0.32079201,68.07004337,624.0491812,24.98097639,10.74471495,0
1315,4507.889312,41.26986159,0.371436104,0.358895675,0.697556281,0.128927922,62.92867695,1455.608752,38.15244097,10.45194528,0
8003,2768.310726,26.70466731,0.53322089,0.516912273,0.78681456,0.267263477,66.35677989,1016.346008,31.88018205,10.63309747,0
8111,1383.96808,14.02254953,0.708298885,0.693451902,0.862467324,0.480892856,54.26339083,493.0034254,22.20368045,10.69866693,0
6273,358.648279,4.975505669,0.741570807,0.673923072,0.948720697,0.454181787,59.52298705,272.5740117,16.50981562,10.90374979,0
4510,3070.786468,29.45105051,0.424619533,0.394502893,0.786996842,0.155709337,78.71092342,1153.456187,33.96257038,10.67357075,1
7815,1442.921587,20.75335938,0.506555892,0.49149215,0.87767056,0.241579996,15.24991433,465.9593277,21.58609107,6.675653609,0
7297,3272.888742,28.98020268,0.466351415,0.441406846,0.758624414,0.194926826,87.44991922,1050.103106,32.40529441,10.5089488,0
7475,5865.929264,46.56273652,0.397528424,0.386723976,0.657952898,0.149804558,79.25002654,2180.993968,46.70111314,10.30405159,0
3352,5861.45129,46.95207441,0.366661087,0.354602077,0.646256968,0.125905907,94.51110596,2101.143225,45.83822886,10.22426993,0
4883,2894.753432,27.59608706,0.425330496,0.389673686,0.760853331,0.15193198,81.65485922,901.6111231,30.02684004,10.66000871,0
1957,3836.371541,32.15065743,0.46808873,0.44952052,0.762650635,0.202163138,98.33621712,1221.836286,34.95477486,10.12114429,0
3186,547.2121735,9.900262399,0.547383992,0.485901112,0.943542225,0.23612331,31.36531474,677.0485151,26.02015594,9.295433659,0
9141,4444.712977,39.30844139,0.42156401,0.410085117,0.72626331,0.168297311,77.46055191,1633.007235,40.41048422,10.4489171,1
8088,499.1713529,6.90656628,0.768607166,0.745237695,0.904952101,0.555386328,12.80419442,205.4190894,14.33244883,7.781762441,0
9546,67.78787155,2.128495019,0.705123703,0.453181751,0.947822529,0.20539205,19.77143922,88.03996195,9.382961257,10.01269834,1
9347,24.42413061,0.588432331,0.91558245,0.63087152,0.832676674,0.398011424,5.127330409,3.367579854,1.835096688,5.445832992,0
1518,2298.653467,21.6142468,0.587076012,0.561274443,0.814374735,0.315092055,73.52206278,762.4782052,27.6130079,10.52539215,0
2034,387.7982629,7.002722343,0.486404346,0.357996676,0.947748066,0.128180665,55.31975937,447.1681314,21.14635031,10.61752967,0
3890,2601.522085,22.94611001,0.612952643,0.599710055,0.807203418,0.359721194,80.45889079,842.825628,29.03145928,10.69522303,0
8467,1728.138133,16.44770479,0.664766406,0.632860924,0.802980141,0.400558577,74.24676384,545.1460732,23.34836339,10.65530103,0
7108,894.9991591,8.709040649,0.847743124,0.831969778,0.847068357,0.692181484,59.15571374,388.2659148,19.70446434,10.83484619,1
6347,114.3078875,1.908212798,0.887542731,0.836177944,0.943018578,0.699197623,43.29097039,92.23032248,9.603661931,11.2081848,0
2470,4284.004419,37.72196684,0.499949155,0.491832711,0.644446575,0.241952966,18.13595999,877.7292715,29.62649611,7.122486175,0
3028,1630.069333,18.73326699,0.486959249,0.45307642,0.871412358,0.205339673,78.46515044,868.8335287,29.47598223,10.55012734,0
4625,2456.793151,30.45084635,0.404141222,0.391096187,0.794918688,0.152997389,24.77015701,794.2047569,28.18163865,8.285749323,1
7192,2537.489056,26.8834537,0.49701343,0.480035265,0.801929598,0.230496073,45.57811678,942.2370114,30.69587939,10.31965781,0
8545,1513.530885,15.03238823,0.568054366,0.521284849,0.889315504,0.271789385,80.60785724,739.2161166,27.18852914,10.75639157,0
1136,4983.644888,39.64409166,0.459479576,0.448513514,0.701576771,0.201290396,85.84240812,1640.484884,40.5028997,10.340679,0
7689,3953.984807,37.03004413,0.414189974,0.401100748,0.741987132,0.160993049,74.40915267,1367.51812,36.97996918,10.44119928,0
859,421.2965496,5.747781653,0.705377678,0.604335184,0.936593074,0.365233652,59.38814731,275.9799303,16.61264369,10.81252713,0
800,4591.762317,39.7788916,0.422935251,0.410252659,0.700692044,0.16844618,77.38000526,1544.236443,39.29677395,10.42187962,0
717,4552.885468,36.80963363,0.44334142,0.427905786,0.731999811,0.183232144,90.40543831,1575.12732,39.68787372,10.31254181,1
1510,1403.603732,15.06319433,0.598244975,0.558479057,0.848922835,0.311939,59.62588839,633.0287187,25.16006198,10.7294136,0
8139,1210.716992,12.3121318,0.565500226,0.490890932,0.892360504,0.241008035,92.72120575,466.1674369,21.59091098,10.77931878,0
2842,2430.390885,22.91014334,0.566044942,0.546165955,0.807718195,0.29836781,79.00180634,823.0689738,28.68917869,10.67128917,0
7894,76.4810251,1.330512298,0.930808674,0.886859901,0.844812118,0.786523171,13.51582863,41.17329104,6.416641726,9.877346412,0
8224,3283.599041,29.76161303,0.440388553,0.416065572,0.77785512,0.173189222,85.21588049,1146.363633,33.85799216,10.42876129,0
4206,3331.139893,29.81038171,0.402120768,0.372056236,0.794749387,0.138513338,95.39287391,1191.25766,34.51460068,10.05101159,0
9473,1038.802376,9.42030801,0.864919899,0.858329312,0.59012287,0.736746713,6.254316844,89.24508313,9.446961582,5.252333327,0
1656,2159.680067,19.80343893,0.609355087,0.583870459,0.820574761,0.340971646,85.04761715,812.7584147,28.50891816,10.6397024,0
4084,3505.174144,39.00042739,0.327987694,0.315395079,0.72121489,0.099522137,37.57053824,1238.360039,35.19034013,9.06942065,0
8464,6617.287632,53.59335389,0.350444274,0.341964008,0.563288064,0.117087962,89.74310106,2351.596662,48.49326408,10.41212047,0
9757,50.35149835,1.506022417,0.83712773,0.718780564,0.953618687,0.516648719,12.87336335,62.1942453,7.886332817,9.172748634,0
2688,1495.545921,15.75691895,0.567769349,0.534393794,0.897785963,0.28561353,94.1504241,852.2023682,29.19250534,10.01095221,0
9833,2388.132594,25.72079777,0.506584789,0.488933135,0.817865189,0.239093266,61.09082259,1016.548343,31.88335526,10.51560975,1
2628,3727.577665,32.28522133,0.473646859,0.458078298,0.753847982,0.209948159,83.01422304,1326.058184,36.41508183,10.42098294,0
9410,2296.572483,23.8812655,0.544724473,0.528815146,0.818762135,0.279699813,49.9121092,684.0448512,26.15425111,10.76830566,0
9188,796.5214583,10.16399693,0.712402597,0.691108957,0.912083353,0.477642496,56.70316962,508.9697841,22.56035869,10.54005845,0
4004,1530.291907,14.14537872,0.584174481,0.517401421,0.883468826,0.267744856,95.72033206,583.8991493,24.16400524,10.34434575,0
5754,1574.020241,18.4624322,0.523880811,0.49336932,0.879136415,0.243444897,56.58792889,701.8308186,26.49208974,10.75066706,0
3178,889.0466096,9.077241294,0.741262879,0.699032305,0.895646629,0.488668847,78.07745071,420.0954422,20.49622995,10.86690947,1
1454,2431.519723,25.531548,0.554556462,0.542766708,0.769314296,0.294663799,73.28128047,823.3853714,28.69469239,10.69108906,0
2574,1170.666948,15.45126263,0.512103043,0.455182714,0.866089413,0.207239588,40.6760355,786.4822231,28.04429038,9.348773252,0
7759,804.9527112,11.23000934,0.619851656,0.562837765,0.825085573,0.316817546,36.7235975,270.8609538,16.45785386,10.7221487,1
8489,2931.573342,28.15858084,0.416902528,0.389051852,0.809306235,0.151448439,90.42301994,966.1572365,31.08306993,10.26231454,0
8369,1056.146073,13.36260281,0.69029285,0.6741242,0.839706015,0.454453135,20.85896555,335.678884,18.32154153,9.257919626,0
5651,3153.944702,28.81928143,0.401856286,0.375233194,0.805266811,0.140880223,97.6965489,1278.71257,35.75909073,9.989878865,0
4619,2860.718189,27.41139447,0.480329039,0.454369832,0.760294183,0.206583559,79.9592578,720.5285777,26.84266339,10.73154286,0
6096,1950.421407,22.50431558,0.596726323,0.588711642,0.831419962,0.34659958,28.04323707,688.9478777,26.24781663,9.47522553,0
8259,4096.197098,38.63963612,0.411767046,0.401033166,0.705134591,0.160917945,51.42115637,1439.233052,37.93722515,10.15262417,1
640,543.5662942,5.037206194,0.925881306,0.923534037,0.714559082,0.852919538,6.236714588,78.27952158,8.847571508,5.564669347,0
5150,951.9428803,13.86349928,0.612935362,0.591035453,0.863920343,0.349364242,34.328473,511.2754575,22.61140105,9.885253373,0
2329,1058.394521,11.93854622,0.606229895,0.538476125,0.901786903,0.289976447,82.29985405,643.260846,25.36258753,10.74313618,1
126,3727.155151,36.38604079,0.412864623,0.400250085,0.708658201,0.160299012,61.59619705,1341.765104,36.63011198,10.22598241,0
5125,621.9464108,6.886531022,0.78556669,0.751518105,0.908135381,0.564787327,54.96962594,269.1407579,16.40550999,10.75672501,1
2597,2225.974138,20.41852393,0.612939242,0.591256337,0.820664883,0.349635819,77.22270604,864.7092493,29.40593901,10.70830895,0
5413,1584.675813,15.32887695,0.681275188,0.658328092,0.84477529,0.433440193,79.13274591,555.9555848,23.57871041,10.73670772,1
6945,672.928475,9.681943385,0.558492341,0.477553339,0.927074695,0.228082091,48.62115786,680.1742445,26.08015039,10.33191575,0
7556,2325.208563,26.13799484,0.46014898,0.439170658,0.804189905,0.192933278,58.01648209,850.2127476,29.15840784,10.62155832,0
4401,1486.365366,14.6313517,0.778373756,0.77399936,0.784714803,0.599086203,9.146692325,250.9858318,15.84253237,6.145508907,0
3748,2201.127047,26.35836791,0.351870722,0.307658711,0.798920621,0.094678684,33.14887474,855.5329888,29.24949553,9.285142609,0
6023,2649.112702,22.63143162,0.535442878,0.502612248,0.818091185,0.252697138,91.16105158,982.3543294,31.34253227,10.34943639,0
4470,1020.227665,12.78160656,0.642472295,0.607986527,0.866109968,0.369689848,58.39997673,370.2351086,19.24149445,10.75801983,0
2286,4491.068332,36.51689651,0.460822218,0.446456511,0.70965932,0.199459667,89.98564686,1624.029133,40.29924482,10.28629016,0
8730,3581.228598,31.52631187,0.437104266,0.411452747,0.748525297,0.169412395,88.7676634,1328.259013,36.44528793,10.35052504,0
491,4648.545263,37.17313906,0.475786429,0.463236075,0.717255345,0.21473335,101.1084751,1351.05687,36.7567255,10.03634989,0
7141,1401.129884,17.04528692,0.628399802,0.613816504,0.84424673,0.376787691,29.8580541,477.0348185,21.84112677,10.06075375,0
2770,4942.502955,41.47797701,0.449751901,0.440273885,0.676439074,0.193998769,76.94631297,2039.297239,45.1585788,10.32208491,0
439,2257.574763,22.34551441,0.334408321,0.28253436,0.841541426,0.079902143,111.9381077,809.9944716,28.46040182,9.738128505,0
4767,586.0875955,8.110601279,0.70471272,0.662656153,0.902917428,0.439132466,54.99905396,277.0399147,16.64451605,10.75762453,0
6216,952.8491444,11.65101049,0.648253332,0.607502432,0.871319511,0.369087647,74.77860589,299.8695505,17.31674191,10.72682994,0
6311,398.1222099,8.287443057,0.615250867,0.567555705,0.892530129,0.322144716,42.59605496,209.3623279,14.46935824,10.86659001,0
2283,598.2393384,6.165179131,0.825597935,0.80662483,0.909706493,0.650651231,65.52830246,349.2266545,18.68760698,10.64725183,0
6924,76.30115022,2.264622863,0.729025091,0.468332821,0.948477154,0.219347743,24.84864246,105.1029621,10.25197357,10.00071775,1
3706,881.8521925,9.729670053,0.705363099,0.658695929,0.885407753,0.433903149,75.30917698,331.3290272,18.20244564,10.80895477,0
4552,324.544667,5.950165116,0.708151262,0.659524345,0.924691118,0.434981129,23.76965814,276.7663433,16.63629596,9.752261099,1
1794,741.1521832,10.31116822,0.734368362,0.718012294,0.864924273,0.51556099,35.69215468,373.0237033,19.31382156,10.52156424,1
9890,2257.225942,21.7974513,0.534723253,0.497992375,0.818445977,0.248056296,71.91040089,935.3084324,30.5828127,10.66719393,0
3989,42.36198069,1.864705058,0.781877611,0.695132169,0.96309125,0.483213309,9.359822852,49.55484992,7.039520575,7.740295218,1
1381,659.8123289,10.59959748,0.536657137,0.464575393,0.903812109,0.215847622,34.67259695,467.2806476,21.61667522,9.916698734,1
1501,421.6427672,6.409998958,0.686166235,0.622643704,0.937882711,0.387694716,43.65931105,351.5487881,18.74963435,10.80086868,0
8037,2882.480745,23.6224179,0.522014371,0.488484406,0.826159122,0.23869905,104.6800093,1036.347162,32.19234633,9.863176531,0
3318,929.9826353,12.2156795,0.53885889,0.487420892,0.926878012,0.237608334,57.43671469,1077.658114,32.82770345,10.24876388,1
2598,2248.458285,20.25205585,0.522350211,0.470677646,0.827255923,0.22160936,93.3385724,847.3830474,29.10984451,10.39521985,0
1982,1613.126135,16.1681938,0.618913908,0.587671535,0.868291685,0.345380852,73.47811407,617.0603582,24.84069963,10.762238,0
6375,479.2565471,4.696145615,0.928933806,0.925629714,0.60630612,0.856794164,5.320293725,49.15698469,7.011204226,4.912899562,0
2213,1648.182802,16.06468419,0.599232225,0.562424138,0.871458809,0.31635715,70.60792453,637.5373879,25.24950273,10.64100096,0
7210,1362.512521,15.39352396,0.579911906,0.546499447,0.872505422,0.298708774,76.38087882,628.9515671,25.07890682,10.65880836,0
8187,4876.952283,40.32554923,0.419342791,0.406951084,0.712777245,0.165757081,82.81989107,1965.593359,44.33501279,10.3161073,0
1117,453.5981588,7.399000404,0.636950674,0.56191959,0.91693642,0.315773602,41.54439661,280.4922849,16.7479039,10.62122971,1
3014,1130.211896,12.05235322,0.689080757,0.663717611,0.892057687,0.440552529,71.91972178,461.7064231,21.48735496,10.74449678,0
3508,3982.195985,39.17895621,0.37754956,0.365201752,0.725088307,0.133470154,65.05075722,1761.88112,41.97476766,10.32192998,1
6962,5017.57164,42.18680589,0.369951778,0.35388168,0.688715227,0.125380134,85.68493883,1767.245611,42.03862047,10.28337361,0
6322,1587.561819,17.15571677,0.68205294,0.671199493,0.827400348,0.450530123,44.89850757,575.4437784,23.98840925,10.71380616,0
8588,1603.175203,15.10049459,0.563260559,0.504621741,0.883545665,0.254686326,92.83649838,878.7281537,29.64334923,10.14233123,0
4094,82.61961074,0.674243958,0.990804468,0.990484544,0.547524418,0.981059777,4.134181681,4.018810194,2.004697033,4.116977329,0
3527,1522.746599,19.66861014,0.53520659,0.514214013,0.82723183,0.26444304,27.64509125,452.1249984,21.26323114,9.728103095,0
7809,1147.991208,11.41559254,0.60952786,0.553277597,0.909583181,0.306145675,96.34690281,674.751773,25.97598454,10.27772785,0
4215,159.4620981,3.442592895,0.687454391,0.494110633,0.942966988,0.244160597,41.10417887,147.5636439,12.1475777,11.31872141,0
5939,1989.99332,17.66364129,0.614797591,0.580345152,0.84034184,0.336836014,83.19968336,742.0286903,27.24020357,10.81360413,0
8264,1432.742026,14.66127557,0.59617714,0.544013264,0.877191037,0.29598175,88.84803304,736.0638437,27.13049656,10.65726352,0
8964,2522.140204,25.39536145,0.566614049,0.555342489,0.788356949,0.308446284,55.25742282,716.9991979,26.7768407,10.6778298,0
5325,2905.637177,27.01764416,0.529646823,0.512829574,0.757866129,0.263081691,74.73402334,962.4411701,31.02323597,10.60949038,0
1887,3432.989091,37.3457294,0.310178522,0.291890607,0.735783415,0.08526099,45.69468599,1366.512357,36.96636792,9.420685353,0
5486,2042.900647,18.41244688,0.608797995,0.579145594,0.847705915,0.335483184,88.19070944,700.3012057,26.46320475,10.54675831,0
2198,1700.462511,16.57409125,0.550868497,0.498955405,0.860414391,0.249016533,94.99805086,528.2053981,22.98271955,10.54408567,0
1325,572.7535222,9.022055504,0.723065404,0.700783598,0.877146994,0.491121128,25.06121114,255.8915264,15.99660984,10.39557235,0
3358,2883.010512,30.06235477,0.420435854,0.401063323,0.772938722,0.160941287,70.005084,1128.269315,33.58972038,10.55596952,0
5498,971.3314068,10.64834026,0.74060866,0.713929666,0.876364406,0.509715265,52.59351171,427.3633961,20.67276943,10.84063197,0
5908,682.4446639,8.876429288,0.730804647,0.69811952,0.882999905,0.487384016,47.19273743,336.0384109,18.33135049,10.70903263,1
2895,955.3336563,13.72283879,0.521633703,0.47386543,0.878207818,0.224586423,45.69933481,470.962175,21.70166295,10.69368345,0
5802,2160.880575,20.77177366,0.539018806,0.502343379,0.827280657,0.252409841,77.63730665,798.9073299,28.26494879,10.78490298,0
6232,124.1709538,1.522061501,0.968813295,0.96736781,0.628004728,0.935801458,5.78371364,17.4617771,4.178729125,6.080605562,0
6931,2539.484884,24.23326567,0.611071564,0.602688207,0.802094134,0.36326986,57.14473941,785.7339866,28.03094694,10.66759906,0
3831,1463.211961,14.67109751,0.675837197,0.656489914,0.873236531,0.431007038,73.47951104,627.2493978,25.04494755,10.7999304,0
3526,953.2912533,12.66619631,0.585703477,0.537650504,0.874232448,0.289098897,58.11273734,289.6245529,17.01835929,10.73620652,0
4674,377.3382432,5.67038023,0.750690949,0.690027451,0.923135619,0.476150785,45.11528822,202.43826,14.22807998,10.76855144,0
9830,1580.611478,17.14442359,0.602951846,0.576817483,0.860939208,0.332744094,56.97762827,513.1071893,22.65186944,10.73362737,0
8987,1313.138082,11.48269106,0.596762565,0.538877358,0.913203297,0.290421917,117.8891642,464.4428723,21.55093669,9.197696909,0
6170,1362.241012,15.26010508,0.645773254,0.613499439,0.853799622,0.376412465,57.67092924,636.0657805,25.22034458,10.76066129,0
2766,1266.163799,16.4529641,0.61624865,0.598730652,0.856702586,0.358489228,16.59515782,372.3415259,19.29615314,7.750829274,0
4459,3062.000599,24.9844574,0.560792123,0.538378151,0.794295105,0.289925169,87.47131043,1173.098269,34.25052217,10.31731198,0
3945,164.5145081,2.943228233,0.809765313,0.749964728,0.951093345,0.562451559,29.14846242,254.2486381,15.94517601,10.53448304,0
4362,2586.638803,29.46057716,0.462634457,0.451373097,0.785141027,0.203761144,14.62409046,460.050442,21.44878649,6.634164958,1
9938,71.79175425,0.767774172,0.985464438,0.984615035,0.698876269,0.969467382,6.06282139,17.71259728,4.20863366,6.253633845,0
3700,1040.590741,13.88985231,0.555807301,0.520913242,0.879923222,0.271395368,56.7823995,763.2241223,27.62651122,10.28105578,0
2310,1048.434619,14.26592924,0.601634774,0.578203334,0.900859879,0.33433791,31.33936144,688.9575452,26.24800079,9.238961085,0
2021,3004.06543,25.05495142,0.687099066,0.67847573,0.57479338,0.460395275,18.05479594,658.9104357,25.66925078,8.638779614,1
1561,1844.683854,20.35106374,0.444268289,0.385707988,0.847754776,0.148818957,74.059282,870.7656165,29.50873797,10.72797257,0
5551,2624.154206,22.9595591,0.512601861,0.480386648,0.830428635,0.230867695,99.19060434,783.8845859,27.99793896,9.946521307,0
8168,26.12595225,0.682702836,0.885304424,0.65423211,0.914282472,0.428025363,6.130546527,10.70803131,3.272312837,6.924110511,0
1913,1958.728122,18.42426747,0.555946141,0.510242935,0.816620804,0.260422334,86.87854705,694.6480096,26.35617593,10.64047006,0
5531,1458.504542,16.54662597,0.685431975,0.675277359,0.77184966,0.45602184,14.76442996,289.5676448,17.01668725,7.751624976,0
622,44.19579992,1.81981301,0.777466358,0.547501238,0.933525972,0.299777579,15.28524039,35.29326749,5.940813706,10.22309418,1
