Total Time,Test Accuracy,Test Precision,Test Recall,Test F1
170.83310055732727,0.7843825400307085,0.6142021777619083,0.5230838189152847,0.5648281431029035
