Total Time,Test Accuracy,Test Precision,Test Recall,Test F1
84.72347569465637,0.275,0.30844736168861525,0.13316895994061348,0.15172665526957346
