Total Time,Test Accuracy,Test Precision,Test Recall,Test F1
172.587406873703,0.773360655737705,0.6160806604709813,0.4715925724636391,0.5341085384951785
