Total Time,Test Accuracy,Test Precision,Test Recall,Test F1
164.71785426139832,0.8277034437376618,0.6207841181543624,0.5518698352391025,0.5842943366010087
