Total Time,Test Accuracy,Test Precision,Test Recall,Test F1
179.77827405929565,0.7825180960737004,0.6101393888759118,0.5217162093495935,0.5622137979620505
