Total Time,Test Accuracy,Test Precision,Test Recall,Test F1
79.38221287727356,0.07622285588944944,0.27321805402341653,0.05094303819149751,0.0536874020518589
