Total Time,Test Accuracy,Test Precision,Test Recall
1.4200592041015625,0.8956521739130435,0.7880101960975993,0.7522224644795262
