Total Time,Test Accuracy,Test Precision,Test Recall
0.3259093761444092,0.32075471698113206,0.1881931256149651,0.20144981043186225
