Total Time,Test Accuracy,Test Precision,Test Recall
1.469120979309082,0.8956521739130435,0.7880101960975993,0.7522224644795262
