Total Time,Test Accuracy,Test Precision,Test Recall,Test F1
0.8507511615753174,0.41944847605224966,0.35277859181116594,0.32566107827618207,0.337400007287546
