Total Time,Test Accuracy,Test Precision,Test Recall,Test F1
0.9711511135101318,0.2757619738751814,0.36089881646158123,0.19652222667058655,0.24929987470557252
