Total Time,Test Accuracy,Test Precision,Test Recall,Test F1
1.129110336303711,0.40638606676342526,0.32198298706798406,0.3048885763547983,0.30798134928103493
