Total Time,Test Accuracy,Test Precision,Test Recall,Test F1
0.8250255584716797,0.35413642960812775,0.25413613866446155,0.23447793047957832,0.24159945784033376
