Total Time,Test Accuracy,Test Precision,Test Recall,Test F1
1.1485869884490967,0.3439767779390421,0.32727764293482764,0.24268679089443104,0.2683229658512946
