Total Time,Test Accuracy,Test Precision,Test Recall,Test F1
1.1945433616638184,0.397677793904209,0.30661397071314234,0.28830671453993667,0.2953576882549779
