Total Time,Test Accuracy,Test Precision,Test Recall
2.3593850135803223,0.717391304347826,0.7157241125340986,0.6157589673905166
