Total Time,Test Accuracy,Test Precision,Test Recall,Test F1
80.93728566169739,0.7975433209037069,0.5689762761219026,0.5321356700565657,0.540504682085256
