Total Time,Test Accuracy,Test Precision,Test Recall,Test F1
0.0574493408203125,0.5,0.3939144736842105,0.31425465838509314,0.3468240093240093
