Total Time,Test Accuracy,Test Precision,Test Recall,Test F1
23.809609174728394,0.577648607150691,0.39625372606467746,0.38543657704206163,0.37897295708468404
