Total Time,Test Accuracy,Test Precision,Test Recall,Test F1
140.18205380439758,0.14619434086422461,0.37199336519885157,0.09857812512231985,0.11617406523031325
