Total Time,Test Accuracy,Test Precision,Test Recall,Test F1
23.723108530044556,0.5862031147181399,0.4064544328810225,0.39070518934855114,0.38629896217502385
