Total Time,Test Accuracy,Test Precision,Test Recall,Test F1
79.90279507637024,0.14685237990787453,0.3713472180634572,0.09764420959929547,0.1148476799096602
