Total Time,Test Accuracy,Test Precision,Test Recall,Test F1
32.537397623062134,0.5955253345031806,0.4115846411943633,0.397154025522452,0.39336084284108147
