Total Time,Test Accuracy,Test Precision,Test Recall,Test F1
1.7832653522491455,0.7521739130434782,0.8436323884072,0.6520628331476159,0.7345213934564745
