Total Time,Test Accuracy,Test Precision,Test Recall,Test F1
2.352900743484497,0.7086956521739131,0.8454947484798231,0.6514310665428867,0.7323756951699851
