Total Time,Test Accuracy,Test Precision,Test Recall,Test F1
1.5847172737121582,0.7881619937694704,0.6129743179596552,0.5241555998767654,0.5643296252238099
