Train Time,Test Time,Total Time,Test Accuracy,Test Precision,Test Recall,Count List Rank,List Rank Length,Label
0.687995433807373,1.3024780750274658,1.9904735088348389,[59.48],69.215,60.08,"{(0.5,): 81, (0.5292776906299081,): 2, (0.5029459103190613,): 2, (0.5120889418104495,): 1, (0.5134937103830592,): 1, (0.5176357424767459,): 1, (0.5194485389660162,): 1, (0.5281934740799041,): 1, (0.5290426985397219,): 1, (0.5314968863021766,): 1, (0.5100817199078864,): 1, (0.5479039670860653,): 1, (0.562212737474592,): 1, (0.603747601287123,): 1, (0.607776188939071,): 1, (0.6123785215201003,): 1, (0.5117952091436756,): 1, (0.5093304161459123,): 1, (0.5004052970937473,): 1, (0.5092509726413589,): 1, (0.5080222920201478,): 1, (0.5070516559465286,): 1, (0.5069557441284153,): 1, (0.5068747557772292,): 1, (0.5060007729322422,): 1, (0.5056462158487521,): 1, (0.5050492509323719,): 1, (0.5049186805222672,): 1, (0.5044390560615192,): 1, (0.5035094905546188,): 1, (0.5031581748566821,): 1, (0.5015684950207511,): 1, (0.5005011640372663,): 1, (0.6290803208791509,): 1}",116,"[2. 2. 1. 1. 1. 2. 2. 1. 1. 1. 1. 1. 1. 1. 1. 1. 2. 2. 1. 1. 1. 1. 1. 1.
 1. 2. 1. 1. 1. 1. 1. 1. 1. 1. 1. 2. 1. 1. 1. 2. 2. 2. 2. 1. 1. 1. 1. 1.
 1. 1. 1. 1. 1. 1. 1. 1. 1. 1. 1. 1. 1. 2. 1. 2. 1. 1. 1. 1. 1. 2. 1. 1.
 1. 1. 2. 1. 1. 2. 1. 1. 1. 1. 1. 2. 1. 1. 1. 1. 1. 1. 1. 1. 1. 1. 1. 1.
 1. 1. 1. 1. 1. 1. 1. 1. 1. 1. 1. 1. 1. 1. 1. 1. 1. 1. 1. 1.]"
