Total Time,Test Accuracy,Test Precision,Test Recall,Test F1
256.50883293151855,0.10046062733055494,0.2876962050179957,0.06702948408780496,0.09112951069610253
