Total Time,Test Accuracy,Test Precision,Test Recall,Test F1
2.9674627780914307,0.719626168224299,0.6430095491272867,0.47954033698268494,0.5490748292384545
