Total Time,Test Accuracy,Test Precision,Test Recall,Test F1
3.533853054046631,0.5365211669225708,0.5376521089537154,0.536072487400333,0.5313912782400816
