Total Time,Test Accuracy,Test Precision,Test Recall,Test F1
11.688058853149414,0.5585654748848432,0.3776549587019311,0.3716882355755411,0.363848774232361
