Total Time,Test Accuracy,Test Precision,Test Recall,Test F1
1.1123480796813965,0.7489114658925979,0.6029538915837337,0.5943672804926333,0.5913062297422724
