Total Time,Test Accuracy,Test Precision,Test Recall,Test F1
0.698197603225708,0.7285921625544267,0.5744743131228071,0.601493172409817,0.5842477226434205
