Total Time,Test Accuracy,Test Precision,Test Recall,Test F1
0.6994166374206543,0.7431059506531205,0.6017523859180146,0.6095802382330121,0.6045530027210805
