Total Time,Test Accuracy,Test Precision,Test Recall,Test F1
1.083540916442871,0.7648766328011611,0.6195309495390209,0.5924754018412076,0.6033855075210862
