Total Time,Test Accuracy,Test Precision,Test Recall,Test F1
0.6935703754425049,0.7155297532656023,0.5670435691841413,0.5842873957819207,0.5731882420754667
