Total Time,Test Accuracy,Test Precision,Test Recall,Test F1
0.6869559288024902,0.7271407837445574,0.6102669908088627,0.5886593015691355,0.5982217409138275
