Total Time,Test Accuracy,Test Precision,Test Recall,Test F1
0.729297399520874,0.7155297532656023,0.564929997937887,0.6003302245526959,0.5758702272571158
