Total Time,Test Accuracy,Test Precision,Test Recall,Test F1
1.365058183670044,0.7692307692307693,0.6334960566494445,0.6300065703678166,0.6296802722143785
